Workbook

Sheet 5. Tổng kết
A1: GIỜ CÔNG P20+P26+P22+A2 THEO NGÀY: HỆ THỐNG HIỆN TẠI VÀ SAU KHI SỬA
A3: Ngày | B3: Hệ thống hiện tại | C3: Thêm (sheet 1) | D3: Sửa (sheet 2) | E3: Xóa (sheet 3) | F3: Sau khi sửa | G3: Bảng chuẩn của mình | H3: Khớp
A4: 46314 | B4: 524 | C4: =SUMIFS('1. Nhập thêm'!$I$4:$I$47,'1. Nhập thêm'!$A$4:$A$47,A4) -> 24 | D4: 0 | E4: 0 | F4: =B4+C4+D4+E4 -> 548 | G4: 548 | H4: =IF(ABS(F4-G4)<0.01,"Khớp","Lệch") -> Khớp
A5: 46315 | B5: 545 | C5: =SUMIFS('1. Nhập thêm'!$I$4:$I$47,'1. Nhập thêm'!$A$4:$A$47,A5) -> 13.5 | D5: 0 | E5: 0 | F5: =B5+C5+D5+E5 -> 558.5 | G5: 558.5 | H5: =IF(ABS(F5-G5)<0.01,"Khớp","Lệch") -> Khớp
A6: 46316 | B6: 509.5 | C6: =SUMIFS('1. Nhập thêm'!$I$4:$I$47,'1. Nhập thêm'!$A$4:$A$47,A6) -> 24 | D6: 8 | E6: -27 | F6: =B6+C6+D6+E6 -> 514.5 | G6: 514.5 | H6: =IF(ABS(F6-G6)<0.01,"Khớp","Lệch") -> Khớp
A7: 46317 | B7: 509 | C7: =SUMIFS('1. Nhập thêm'!$I$4:$I$47,'1. Nhập thêm'!$A$4:$A$47,A7) -> 0 | D7: 0 | E7: 0 | F7: =B7+C7+D7+E7 -> 509 | G7: 509 | H7: =IF(ABS(F7-G7)<0.01,"Khớp","Lệch") -> Khớp
A8: 46318 | B8: 470 | C8: =SUMIFS('1. Nhập thêm'!$I$4:$I$47,'1. Nhập thêm'!$A$4:$A$47,A8) -> 0 | D8: 0 | E8: 0 | F8: =B8+C8+D8+E8 -> 470 | G8: 470 | H8: =IF(ABS(F8-G8)<0.01,"Khớp","Lệch") -> Khớp
A9: 46319 | B9: 0 | C9: =SUMIFS('1. Nhập thêm'!$I$4:$I$47,'1. Nhập thêm'!$A$4:$A$47,A9) -> 344 | D9: 0 | E9: 0 | F9: =B9+C9+D9+E9 -> 344 | G9: 344 | H9: =IF(ABS(F9-G9)<0.01,"Khớp","Lệch") -> Khớp
A12: Cột "Hệ thống hiện tại" lấy từ file xuất 26/10 (chỉ dòng do bạn tạo, mã P20, P26, P22, A2). "Bảng chuẩn" là bảng loss time mình lập. 25/10 (Chủ nhật) chưa có.

Sheet 1. Nhập thêm
A1: DÒNG CẦN NHẬP THÊM (không gồm S32). Thứ tự cột nhập đúng như form: LossTime Code | Notes | Process | Dept In Charge | From | To | Worker Qty
A3: Ngày (Loss Date) | B3: LossTime Code | C3: Notes | D3: Process | E3: Dept In Charge | F3: From | G3: To | H3: Worker Qty | I3: (Tham khảo) Giờ công | J3: (Tham khảo) Lý do
A4: 46314 | B4: P22 | C4: Đào tạo công nhân mới | D4: Assembly | E4: HR/ HSE | F4: 0.33333333 | G4: 0.66666667 | H4: 2 | I4: =(G4-F4)*24*H4 -> 16 | J4: Thiếu P22 nhân viên mới ngày 19/10
A5: 46314 | B5: P22 | C5: Đào tạo công nhân mới | D5: Machining | E5: HR/ HSE | F5: 0.33333333 | G5: 0.66666667 | H5: 1 | I5: =(G5-F5)*24*H5 -> 8 | J5: Thiếu P22 nhân viên mới ngày 19/10
A6: 46315 | B6: A2 | C6: HC mới- 50% hiệu suất- 2 tuần-19/10 | D6: Assembly | E6: HR/ HSE | F6: 0.3125 | G6: 0.5 | H6: 2 | I6: =(G6-F6)*24*H6 -> 9 | J6: Thiếu A2 ngày 1 của nhóm 19/10
A7: 46315 | B7: A2 | C7: HC mới- 50% hiệu suất- 2 tuần-19/10 | D7: Machining | E7: HR/ HSE | F7: 0.3125 | G7: 0.5 | H7: 1 | I7: =(G7-F7)*24*H7 -> 4.5 | J7: Thiếu A2 ngày 1 của nhóm 19/10
A8: 46316 | B8: P22 | C8: Đào tạo công nhân mới | D8: Raw Cutting | E8: HR/ HSE | F8: 0.33333333 | G8: 0.66666667 | H8: 1 | I8: =(G8-F8)*24*H8 -> 8 | J8: Thiếu P22 nhân viên mới ngày 21/10
A9: 46316 | B9: P22 | C9: Đào tạo công nhân mới | D9: Machining | E9: HR/ HSE | F9: 0.33333333 | G9: 0.66666667 | H9: 2 | I9: =(G9-F9)*24*H9 -> 16 | J9: Thiếu P22 nhân viên mới ngày 21/10
A10: 46319 | B10: P20 | C10: Vệ sinh khu vực máy móc RC WOOD | D10: Raw Cutting | E10: RAW CUTTING | F10: 0.29166667 | G10: 0.3125 | H10: 7 | I10: =(G10-F10)*24*H10 -> 3.5 | J10: Thứ Bảy 24/10 chưa nhập (không tăng ca)
A11: 46319 | B11: P20 | C11: Vệ sinh khu vực máy móc RC PANEL | D11: Raw Cutting | E11: RAW CUTTING | F11: 0.29166667 | G11: 0.3125 | H11: 18 | I11: =(G11-F11)*24*H11 -> 9 | J11: Thứ Bảy 24/10 chưa nhập (không tăng ca)
A12: 46319 | B12: P20 | C12: Vệ sinh khu vực máy móc MAC FINAL | D12: Machining | E12: MACHINING | F12: 0.29166667 | G12: 0.3125 | H12: 7 | I12: =(G12-F12)*24*H12 -> 3.5 | J12: Thứ Bảy 24/10 chưa nhập (không tăng ca)
A13: 46319 | B13: P20 | C13: Vệ sinh khu vực máy móc PRE MAC | D13: Machining | E13: MACHINING | F13: 0.29166667 | G13: 0.3125 | H13: 12 | I13: =(G13-F13)*24*H13 -> 6 | J13: Thứ Bảy 24/10 chưa nhập (không tăng ca)
A14: 46319 | B14: P20 | C14: Quét nhà toàn xưởng khu vực ASSY | D14: Assembly | E14: ASSEMBLY | F14: 0.3125 | G14: 0.64583333 | H14: 2 | I14: =(G14-F14)*24*H14 -> 16 | J14: Thứ Bảy 24/10 chưa nhập (không tăng ca)
A15: 46319 | B15: P26 | C15: Shop Floor data RC PANEL | D15: Raw Cutting | E15: RAW CUTTING | F15: 0.3125 | G15: 0.64583333 | H15: 4 | I15: =(G15-F15)*24*H15 -> 32 | J15: Thứ Bảy 24/10 chưa nhập (không tăng ca)
... A47: 46319 | B47: A2 | C47: HC mới- 50% hiệu suất- 2 tuần-22/10 | D47: Assembly | E47: HR/ HSE | F47: 0.3125 | G47: 0.5 | H47: 2 | I47: =(G47-F47)*24*H47 -> 9 | J47: Thứ Bảy 24/10 chưa nhập (không tăng ca)
H48: Tổng | I48: =SUM(I4:I47) -> 405.5
A50: Vàng = 19/10, 20/10, 21/10 (bổ sung). Trắng = toàn bộ ngày Thứ Bảy 24/10. Chủ nhật 25/10 chưa lập (chờ xác nhận khu vực nào làm việc).

Sheet 2. Sửa dòng đã nhập
A1: DÒNG ĐÃ NHẬP NHƯNG SAI (mở dòng đó trên hệ thống rồi sửa đúng ô ghi bên dưới)
A3: Ngày | B3: Mã | C3: Nhận ra dòng bằng (Notes / mô tả) | D3: Ô cần sửa | E3: Giá trị đang có | F3: Giá trị đúng | G3: Lý do | H3: Giờ công thay đổi
A4: 46315 | B4: P20 | C4: Quét nhà toàn xưởng khu vực ASSY (Assembly, 7:30-20:00, 2 người) | D4: Dept In Charge | E4: MACHINING | F4: ASSEMBLY | G4: Sai bộ phận, đồng nghiệp đã chỉ ra | H4: 0
A5: 46316 | B5: P22 | C5: Đào tạo công nhân mới (Assembly, 8:00-16:00) | D5: Worker Qty | E5: 1 | F5: 2 | G5: Hệ thống ghi 1 người, danh sách có 2 người Assembly | H5: 8
A6: 46316 | B6: P20 | C6: Vệ sinh khu vực máy móc MAC FINAL (7:00-7:30, 7 người) | D6: Process | E6: Raw Cutting | F6: Machining | G6: Đây là dòng của Machining | H6: 0
A7: 46316 | B7: P20 | C7: Vệ sinh khu vực máy móc PRE MAC (7:00-7:30, 12 người) | D7: Process | E7: Raw Cutting | F7: Machining | G7: Đây là dòng của Machining | H7: 0
A8: 46318 | B8: P26 | C8: Nhận hàng gỗ đầu vào từ RC (Raw Cutting, 7:30-20:00, 1 người) | D8: Dept In Charge | E8: RAW CUTTING | F8: MACHINING | G8: Theo mẫu cố định từ 14/3 (Process Raw Cutting, bộ phận Machining) | H8: 0
A9: 46300 | B9: P22 | C9: Đào tạo công nhân mới (Assembly, 8:00-16:30, 6 người) | D9: To | E9: 16:30 | F9: 16:00 | G9: Tùy chọn, ngày cũ: chuẩn là 8:00-16:00 | H9: -3
A11: Dòng xám (5/10) là tùy chọn, không ảnh hưởng tuần 43.

Sheet 3. Xóa dòng trùng
A1: DÒNG TRÙNG CẦN XÓA
A3: Ngày | B3: Mã | C3: Nhận ra dòng bằng | D3: Số dòng cần xóa | E3: Giờ công bớt đi | F3: Lý do
A4: 46316 | B4: A2 | C4: Notes "HC mới- 50% hiệu suất- 2 tuần-09/10", Assembly, 7:30-12:00, 6 người (có 2 dòng giống nhau) | D4: 1 | E4: 27 | F4: Nhập hai lần. Giữ 1 dòng, xóa 1 dòng

Sheet 4. S32 khu vực khác
A1: S32 CỦA RAW CUTTING / MACHINING (không gồm Assembly: cào cước, bắn cát, thợ sơn bạn sẽ nhập khi cần)
A3: Việc cần làm | B3: Ngày | C3: LossTime Code | D3: Notes | E3: Process | F3: Dept In Charge | G3: From | H3: To | I3: Worker Qty | J3: Giờ công | K3: Ghi chú
A4: NHẬP THÊM | B4: 46314 | C4: S32 | D4: Không có bomtime chuyền UV | E4: Raw Cutting | F4: FINISHING | G4: 0.3125 | H4: 0.64583333 | I4: 12 | J4: =IF(OR(G4="",H4=""),"",(H4-G4)*24*I4) -> 96 | K4: UV ca thường 19/10 (96 giờ)
A5: NHẬP THÊM | B5: 46314 | C5: S32 | D5: Không có bomtime chuyền UV | E5: Raw Cutting | F5: FINISHING | G5: 0.64583333 | H5: 0.8125 | I5: 10 | J5: =IF(OR(G5="",H5=""),"",(H5-G5)*24*I5) -> 40 | K5: UV tăng ca 19/10 (40 giờ)
A6: NHẬP THÊM | B6: 46315 | C6: S32 | D6: Không có bomtime chuyền UV | E6: Raw Cutting | F6: FINISHING | G6: 0.3125 | H6: 0.64583333 | I6: 12 | J6: =IF(OR(G6="",H6=""),"",(H6-G6)*24*I6) -> 96 | K6: UV ca thường 20/10 (96 giờ)
A7: NHẬP THÊM | B7: 46315 | C7: S32 | D7: Không có bomtime chuyền UV | E7: Raw Cutting | F7: FINISHING | G7: 0.64583333 | H7: 0.8125 | I7: 10 | J7: =IF(OR(G7="",H7=""),"",(H7-G7)*24*I7) -> 40 | K7: UV tăng ca 20/10 (40 giờ)
A8: NHẬP THÊM | B8: 46316 | C8: S32 | D8: Không có bomtime chuyền UV | E8: Raw Cutting | F8: FINISHING | G8: 0.3125 | H8: 0.64583333 | I8: 12 | J8: =IF(OR(G8="",H8=""),"",(H8-G8)*24*I8) -> 96 | K8: UV ca thường 21/10 (96 giờ), ca tăng ca đã có
A9: XÓA | B9: 46319 | C9: S32 | D9: Không có bomtime chuyền UV | E9: Raw Cutting | F9: FINISHING | G9: 0.3125 | H9: 0.64583333 | I9: 12 | J9: =IF(OR(G9="",H9=""),"",(H9-G9)*24*I9) -> 96 | K9: Xóa dòng 12 người (96 giờ). Giữ dòng 11 người (88 giờ), khớp báo cáo UV
A10: SỬA NGÀY | B10: 46313 | C10: S32 | D10: Beam saw - phát sinh (chi tiết A05-S01-1, mã AR1113F1330) | E10: Raw Cutting | F10: MACHINING | G10: 0.75 | H10: 0.75138889 | I10: 3 | J10: =IF(OR(G10="",H10=""),"",(H10-G10)*24*I10) -> 0.1 | K10: Loss Date 18/10 đổi thành 19/10 (nguồn ghi ngày 19/10)
A11: SỬA NGÀY | B11: 46313 | C11: S32 | D11: Beam saw - phát sinh (chi tiết A05-S01-2, mã AR1113F1330) | E11: Raw Cutting | F11: MACHINING | G11: 0.75138889 | H11: 0.75277778 | I11: 3 | J11: =IF(OR(G11="",H11=""),"",(H11-G11)*24*I11) -> 0.1 | K11: Loss Date 18/10 đổi thành 19/10
A12: SỬA NGÀY | B12: 46313 | C12: S32 | D12: Beam saw - phát sinh (chi tiết A1-S02, mã SH20-1029-1471-41191) | E12: Raw Cutting | F12: MACHINING | G12: 0.75277778 | H12: 0.75486111 | I12: 3 | J12: =IF(OR(G12="",H12=""),"",(H12-G12)*24*I12) -> 0.15 | K12: Loss Date 18/10 đổi thành 19/10
A13: ĐIỀN BỘ PHẬN | B13: 46315 | C13: S32 | D13: Beam saw - phát sinh (CZ567F08), 18:10-18:15, 3 người | E13: Raw Cutting | F13: (trống) | I13: 3 | J13: =IF(OR(G13="",H13=""),"",(H13-G13)*24*I13) | K13: Đang để trống Dept. Đề xuất OTHERS (INVESTIGATE), cùng cách ghi với dòng Unassigned khác
A14: ĐIỀN BỘ PHẬN | B14: 46315 | C14: S32 | D14: Beam saw - phát sinh (CZ567F09), 18:15-18:18, 3 người | E14: Raw Cutting | F14: (trống) | I14: 3 | J14: =IF(OR(G14="",H14=""),"",(H14-G14)*24*I14) | K14: Đang để trống Dept. Đề xuất OTHERS (INVESTIGATE)
A15: ĐIỀN BỘ PHẬN | B15: 46315 | C15: S32 | D15: Veneer walnut cắt ghép (bs lại), RH21-2184-492, 10:00-11:15, 2 người | E15: Raw Cutting | F15: (trống) | I15: 2 | J15: =IF(OR(G15="",H15=""),"",(H15-G15)*24*I15) | K15: Đang để trống Dept. Nguồn ghi "bs lại", cần hỏi bộ phận đúng
