Workbook

Sheet Loss time 05-10
A1: LOSS TIME WHITE WOOD - 05/10/2026
A2: Week | B2: Date (Ngày) | C2: Item's Mã hàng | D2: Code Máy Hư | E2: Q'ty | F2: Số NCR/ME | G2: Khu vực phát sinh/bộ phận hỗ trợ | H2: Code | I2: Name code | J2: Chart / bộ phận chịu trách nhiệm | K2: Lí Do | L2: Ghi chú | M2: From | N2: To | O2: LossTime (Hr) | P2: HC | Q2: Loss time labor (Hrs)
A3: ="W"&WEEKNUM(B3,21) -> W41 | B3: 46300 | G3: RC - WOOD | H3: P20 | I3: Dailly Cleaning | J3: RC WOOD | K3: Vệ sinh khu vực máy móc RC WOOD | M3: 0.29166667 | N3: 0.3125 | O3: =(N3-M3)*24 -> 0.5 | P3: 7 | Q3: =P3*O3 -> 3.5
A4: ="W"&WEEKNUM(B4,21) -> W41 | B4: 46300 | G4: RC - PANEL | H4: P20 | I4: Dailly Cleaning | J4: RC - PANEL | K4: Vệ sinh khu vực máy móc RC PANEL | M4: 0.29166667 | N4: 0.3125 | O4: =(N4-M4)*24 -> 0.5 | P4: 18 | Q4: =P4*O4 -> 9
A5: ="W"&WEEKNUM(B5,21) -> W41 | B5: 46300 | G5: Machining | H5: P20 | I5: Dailly Cleaning | J5: Machining | K5: Vệ sinh khu vực máy móc MAC FINAL | M5: 0.29166667 | N5: 0.3125 | O5: =(N5-M5)*24 -> 0.5 | P5: 7 | Q5: =P5*O5 -> 3.5
A6: ="W"&WEEKNUM(B6,21) -> W41 | B6: 46300 | G6: Machining | H6: P20 | I6: Dailly Cleaning | J6: Machining | K6: Vệ sinh khu vực máy móc PRE MAC | M6: 0.29166667 | N6: 0.3125 | O6: =(N6-M6)*24 -> 0.5 | P6: 12 | Q6: =P6*O6 -> 6
A7: ="W"&WEEKNUM(B7,21) -> W41 | B7: 46300 | G7: Assembly | H7: P20 | I7: Dailly Cleaning | J7: Assembly | K7: Quét nhà toàn xưởng khu vực ASSY | M7: 0.3125 | N7: 0.83333333 | O7: =(N7-M7)*24 -> 12.5 | P7: 2 | Q7: =P7*O7 -> 25
A8: ="W"&WEEKNUM(B8,21) -> W41 | B8: 46300 | G8: RC - PANEL | H8: P26 | I8: Recorder/ Supporter | J8: RC - PANEL | K8: Shop Floor data RC PANEL | L8: Recorder | M8: 0.3125 | N8: 0.83333333 | O8: =(N8-M8)*24 -> 12.5 | P8: 4 | Q8: =P8*O8 -> 50
A9: ="W"&WEEKNUM(B9,21) -> W41 | B9: 46300 | G9: Machining | H9: P26 | I9: Recorder/ Supporter | J9: Machining | K9: Shop Floor data- STOCK ROOM | L9: Recorder | M9: 0.3125 | N9: 0.83333333 | O9: =(N9-M9)*24 -> 12.5 | P9: 1 | Q9: =P9*O9 -> 12.5
A10: ="W"&WEEKNUM(B10,21) -> W41 | B10: 46300 | G10: Machining | H10: P26 | I10: Recorder/ Supporter | J10: Machining | K10: Shop Floor data MAC FINAL | L10: Recorder | M10: 0.3125 | N10: 0.83333333 | O10: =(N10-M10)*24 -> 12.5 | P10: 1 | Q10: =P10*O10 -> 12.5
A11: ="W"&WEEKNUM(B11,21) -> W41 | B11: 46300 | G11: RC - PANEL | H11: P26 | I11: Recorder/ Supporter | J11: RC - PANEL | K11: Theo dõi Hàng venner làm xong | L11: Recorder | M11: 0.3125 | N11: 0.83333333 | O11: =(N11-M11)*24 -> 12.5 | P11: 1 | Q11: =P11*O11 -> 12.5
A12: ="W"&WEEKNUM(B12,21) -> W41 | B12: 46300 | G12: RC - PANEL | H12: P26 | I12: Recorder/ Supporter | J12: RC - PANEL | K12: Nhận venner cho ép nóng | L12: Supporter | M12: 0.3125 | N12: 0.83333333 | O12: =(N12-M12)*24 -> 12.5 | P12: 1 | Q12: =P12*O12 -> 12.5
A13: ="W"&WEEKNUM(B13,21) -> W41 | B13: 46300 | G13: RC - WOOD | H13: P26 | I13: Recorder/ Supporter | J13: RC WOOD | K13: Lựa hàng tinh giao mac- gỗ đẹp xấu | L13: Supporter | M13: 0.3125 | N13: 0.83333333 | O13: =(N13-M13)*24 -> 12.5 | P13: 1 | Q13: =P13*O13 -> 12.5
A14: ="W"&WEEKNUM(B14,21) -> W41 | B14: 46300 | G14: RC - PANEL | H14: P26 | I14: Recorder/ Supporter | J14: RC - PANEL | K14: Ghi nhận hàng giao kho | L14: Recorder | M14: 0.3125 | N14: 0.83333333 | O14: =(N14-M14)*24 -> 12.5 | P14: 1 | Q14: =P14*O14 -> 12.5
A15: ="W"&WEEKNUM(B15,21) -> W41 | B15: 46300 | G15: RC - PANEL | H15: P26 | I15: Recorder/ Supporter | J15: RC - PANEL | K15: Kiểm hàng chất lượng vào kho | L15: Supporter | M15: 0.3125 | N15: 0.83333333 | O15: =(N15-M15)*24 -> 12.5 | P15: 1 | Q15: =P15*O15 -> 12.5
A16: ="W"&WEEKNUM(B16,21) -> W41 | B16: 46300 | G16: RC - PANEL | H16: P26 | I16: Recorder/ Supporter | J16: Machining | K16: Nhận hàng gỗ đầu vào từ RC | L16: Supporter | M16: 0.3125 | N16: 0.83333333 | O16: =(N16-M16)*24 -> 12.5 | P16: 1 | Q16: =P16*O16 -> 12.5
A17: ="W"&WEEKNUM(B17,21) -> W41 | B17: 46300 | G17: Machining | H17: P26 | I17: Recorder/ Supporter | J17: Machining | K17: Ghi nhận hàng giao kho | L17: Recorder | M17: 0.3125 | N17: 0.83333333 | O17: =(N17-M17)*24 -> 12.5 | P17: 1 | Q17: =P17*O17 -> 12.5
A18: ="W"&WEEKNUM(B18,21) -> W41 | B18: 46300 | G18: Machining | H18: P26 | I18: Recorder/ Supporter | J18: Machining | K18: quét nhà toàn xưởng khu vực ASSY | L18: Supporter | M18: 0.3125 | N18: 0.83333333 | O18: =(N18-M18)*24 -> 12.5 | P18: 1 | Q18: =P18*O18 -> 12.5
A19: ="W"&WEEKNUM(B19,21) -> W41 | B19: 46300 | G19: Machining | H19: P26 | I19: Recorder/ Supporter | J19: Machining | K19: Theo hàng pilot -hàng test-spo-subcon-NCR | L19: Recorder | M19: 0.3125 | N19: 0.83333333 | O19: =(N19-M19)*24 -> 12.5 | P19: 1 | Q19: =P19*O19 -> 12.5
... A22: ="W"&WEEKNUM(B22,21) -> W41 | B22: 46300 | G22: Assembly | H22: P26 | I22: Recorder/ Supporter | J22: Assembly | K22: Giao nhận HW- phát HW cho Line sx | L22: Supporter | M22: 0.3125 | N22: 0.83333333 | O22: =(N22-M22)*24 -> 12.5 | P22: 1 | Q22: =P22*O22 -> 12.5
A23: ="W"&WEEKNUM(B23,21) -> W41 | B23: 46300 | G23: Assembly | H23: P22 | I23: HR Training New Workers | J23: HR/HSE | K23: Đào tạo công nhân mới | M23: 0.33333333 | N23: 0.66666667 | O23: =(N23-M23)*24 -> 8 | P23: 6 | Q23: =P23*O23 -> 48
A24: ="W"&WEEKNUM(B24,21) -> W41 | B24: 46300 | G24: Assembly | H24: A2 | I24: Training | J24: HR/HSE | K24: HC mới- 50% hiệu suất- 2 tuần-18/9 | L24: A2 ngày 5/12 - nhóm 18/9 | M24: 0.3125 | N24: 0.5 | O24: =(N24-M24)*24 -> 4.5 | P24: 7 | Q24: =P24*O24 -> 31.5
A25: ="W"&WEEKNUM(B25,21) -> W41 | B25: 46300 | G25: Assembly | H25: A2 | I25: Training | J25: HR/HSE | K25: HC mới- 50% hiệu suất- 2 tuần-23/9 | L25: A2 ngày 10/12 - nhóm 23/9 | M25: 0.3125 | N25: 0.5 | O25: =(N25-M25)*24 -> 4.5 | P25: 3 | Q25: =P25*O25 -> 13.5
A26: ="W"&WEEKNUM(B26,21) -> W41 | B26: 46300 | G26: Assembly | H26: A2 | I26: Training | J26: HR/HSE | K26: HC mới- 50% hiệu suất- 2 tuần-24/9 | L26: A2 ngày 5/12 - nhóm 24/9 | M26: 0.3125 | N26: 0.5 | O26: =(N26-M26)*24 -> 4.5 | P26: 5 | Q26: =P26*O26 -> 22.5
A27: ="W"&WEEKNUM(B27,21) -> W41 | B27: 46300 | G27: Assembly | H27: A2 | I27: Training | J27: HR/HSE | K27: HC mới- 50% hiệu suất- 2 tuần-25/9 | L27: A2 ngày 5/12 - nhóm 25/9 | M27: 0.3125 | N27: 0.5 | O27: =(N27-M27)*24 -> 4.5 | P27: 1 | Q27: =P27*O27 -> 4.5
A28: ="W"&WEEKNUM(B28,21) -> W41 | B28: 46300 | G28: Assembly | H28: A2 | I28: Training | J28: HR/HSE | K28: HC mới- 50% hiệu suất- 2 tuần-28/9 | L28: A2 ngày 6/12 - nhóm 28/9 | M28: 0.3125 | N28: 0.5 | O28: =(N28-M28)*24 -> 4.5 | P28: 3 | Q28: =P28*O28 -> 13.5
A29: ="W"&WEEKNUM(B29,21) -> W41 | B29: 46300 | G29: Machining | H29: A2 | I29: Training | J29: HR/HSE | K29: HC mới- 50% hiệu suất- 2 tuần-21/9 | L29: A2 ngày 5/12 - nhóm 21/9 | M29: 0.3125 | N29: 0.5 | O29: =(N29-M29)*24 -> 4.5 | P29: 2 | Q29: =P29*O29 -> 9
A30: ="W"&WEEKNUM(B30,21) -> W41 | B30: 46300 | G30: Machining | H30: A2 | I30: Training | J30: HR/HSE | K30: HC mới- 50% hiệu suất- 2 tuần-22/9 | L30: A2 ngày 5/12 - nhóm 22/9 | M30: 0.3125 | N30: 0.5 | O30: =(N30-M30)*24 -> 4.5 | P30: 4 | Q30: =P30*O30 -> 18
A31: ="W"&WEEKNUM(B31,21) -> W41 | B31: 46300 | G31: Machining | H31: A2 | I31: Training | J31: HR/HSE | K31: HC mới- 50% hiệu suất- 2 tuần-23/9 | L31: A2 ngày 10/12 - nhóm 23/9 | M31: 0.3125 | N31: 0.5 | O31: =(N31-M31)*24 -> 4.5 | P31: 9 | Q31: =P31*O31 -> 40.5
A32: ="W"&WEEKNUM(B32,21) -> W41 | B32: 46300 | G32: Machining | H32: A2 | I32: Training | J32: HR/HSE | K32: HC mới- 50% hiệu suất- 2 tuần-24/9 | L32: A2 ngày 5/12 - nhóm 24/9 | M32: 0.3125 | N32: 0.5 | O32: =(N32-M32)*24 -> 4.5 | P32: 3 | Q32: =P32*O32 -> 13.5
A33: ="W"&WEEKNUM(B33,21) -> W41 | B33: 46300 | G33: Machining | H33: A2 | I33: Training | J33: HR/HSE | K33: HC mới- 50% hiệu suất- 2 tuần-25/9 | L33: A2 ngày 5/12 - nhóm 25/9 | M33: 0.3125 | N33: 0.5 | O33: =(N33-M33)*24 -> 4.5 | P33: 1 | Q33: =P33*O33 -> 4.5
A34: ="W"&WEEKNUM(B34,21) -> W41 | B34: 46300 | G34: RC | H34: A2 | I34: Training | J34: HR/HSE | K34: HC mới- 50% hiệu suất- 2 tuần-22/9 | L34: A2 ngày 5/12 - nhóm 22/9 | M34: 0.3125 | N34: 0.5 | O34: =(N34-M34)*24 -> 4.5 | P34: 1 | Q34: =P34*O34 -> 4.5
A35: ="W"&WEEKNUM(B35,21) -> W41 | B35: 46300 | G35: RC | H35: A2 | I35: Training | J35: HR/HSE | K35: HC mới- 50% hiệu suất- 2 tuần-23/9 | L35: A2 ngày 5/12 - nhóm 23/9 | M35: 0.3125 | N35: 0.5 | O35: =(N35-M35)*24 -> 4.5 | P35: 1 | Q35: =P35*O35 -> 4.5
... A39: ="W"&WEEKNUM(B39,21) -> W41 | B39: 46300 | G39: Raw Cutting Panel | H39: A2 | I39: Training | J39: HR/HSE | K39: HC mới- 50% hiệu suất- 2 tuần-25/9 | L39: A2 ngày 4/12 - nhóm 25/9 | M39: 0.3125 | N39: 0.5 | O39: =(N39-M39)*24 -> 4.5 | P39: 1 | Q39: =P39*O39 -> 4.5
P40: Tổng | Q40: =SUM(Q3:Q39) -> 531.5
A42: Vàng = nhân viên mới ngày đầu (P22). Xanh = nhân viên đang ghi A2 (cột Ghi chú cho biết ngày thứ mấy trong 12 ngày).

Sheet Loss time 06-10
A1: LOSS TIME WHITE WOOD - 06/10/2026
A2: Week | B2: Date (Ngày) | C2: Item's Mã hàng | D2: Code Máy Hư | E2: Q'ty | F2: Số NCR/ME | G2: Khu vực phát sinh/bộ phận hỗ trợ | H2: Code | I2: Name code | J2: Chart / bộ phận chịu trách nhiệm | K2: Lí Do | L2: Ghi chú | M2: From | N2: To | O2: LossTime (Hr) | P2: HC | Q2: Loss time labor (Hrs)
A3: ="W"&WEEKNUM(B3,21) -> W41 | B3: 46301 | G3: RC - WOOD | H3: P20 | I3: Dailly Cleaning | J3: RC WOOD | K3: Vệ sinh khu vực máy móc RC WOOD | M3: 0.29166667 | N3: 0.3125 | O3: =(N3-M3)*24 -> 0.5 | P3: 7 | Q3: =P3*O3 -> 3.5
A4: ="W"&WEEKNUM(B4,21) -> W41 | B4: 46301 | G4: RC - PANEL | H4: P20 | I4: Dailly Cleaning | J4: RC - PANEL | K4: Vệ sinh khu vực máy móc RC PANEL | M4: 0.29166667 | N4: 0.3125 | O4: =(N4-M4)*24 -> 0.5 | P4: 18 | Q4: =P4*O4 -> 9
A5: ="W"&WEEKNUM(B5,21) -> W41 | B5: 46301 | G5: Machining | H5: P20 | I5: Dailly Cleaning | J5: Machining | K5: Vệ sinh khu vực máy móc MAC FINAL | M5: 0.29166667 | N5: 0.3125 | O5: =(N5-M5)*24 -> 0.5 | P5: 7 | Q5: =P5*O5 -> 3.5
A6: ="W"&WEEKNUM(B6,21) -> W41 | B6: 46301 | G6: Machining | H6: P20 | I6: Dailly Cleaning | J6: Machining | K6: Vệ sinh khu vực máy móc PRE MAC | M6: 0.29166667 | N6: 0.3125 | O6: =(N6-M6)*24 -> 0.5 | P6: 12 | Q6: =P6*O6 -> 6
A7: ="W"&WEEKNUM(B7,21) -> W41 | B7: 46301 | G7: Assembly | H7: P20 | I7: Dailly Cleaning | J7: Assembly | K7: Quét nhà toàn xưởng khu vực ASSY | M7: 0.3125 | N7: 0.83333333 | O7: =(N7-M7)*24 -> 12.5 | P7: 2 | Q7: =P7*O7 -> 25
A8: ="W"&WEEKNUM(B8,21) -> W41 | B8: 46301 | G8: RC - PANEL | H8: P26 | I8: Recorder/ Supporter | J8: RC - PANEL | K8: Shop Floor data RC PANEL | L8: Recorder | M8: 0.3125 | N8: 0.83333333 | O8: =(N8-M8)*24 -> 12.5 | P8: 4 | Q8: =P8*O8 -> 50
A9: ="W"&WEEKNUM(B9,21) -> W41 | B9: 46301 | G9: Machining | H9: P26 | I9: Recorder/ Supporter | J9: Machining | K9: Shop Floor data- STOCK ROOM | L9: Recorder | M9: 0.3125 | N9: 0.83333333 | O9: =(N9-M9)*24 -> 12.5 | P9: 1 | Q9: =P9*O9 -> 12.5
A10: ="W"&WEEKNUM(B10,21) -> W41 | B10: 46301 | G10: Machining | H10: P26 | I10: Recorder/ Supporter | J10: Machining | K10: Shop Floor data MAC FINAL | L10: Recorder | M10: 0.3125 | N10: 0.83333333 | O10: =(N10-M10)*24 -> 12.5 | P10: 1 | Q10: =P10*O10 -> 12.5
A11: ="W"&WEEKNUM(B11,21) -> W41 | B11: 46301 | G11: RC - PANEL | H11: P26 | I11: Recorder/ Supporter | J11: RC - PANEL | K11: Theo dõi Hàng venner làm xong | L11: Recorder | M11: 0.3125 | N11: 0.83333333 | O11: =(N11-M11)*24 -> 12.5 | P11: 1 | Q11: =P11*O11 -> 12.5
A12: ="W"&WEEKNUM(B12,21) -> W41 | B12: 46301 | G12: RC - PANEL | H12: P26 | I12: Recorder/ Supporter | J12: RC - PANEL | K12: Nhận venner cho ép nóng | L12: Supporter | M12: 0.3125 | N12: 0.83333333 | O12: =(N12-M12)*24 -> 12.5 | P12: 1 | Q12: =P12*O12 -> 12.5
A13: ="W"&WEEKNUM(B13,21) -> W41 | B13: 46301 | G13: RC - WOOD | H13: P26 | I13: Recorder/ Supporter | J13: RC WOOD | K13: Lựa hàng tinh giao mac- gỗ đẹp xấu | L13: Supporter | M13: 0.3125 | N13: 0.83333333 | O13: =(N13-M13)*24 -> 12.5 | P13: 1 | Q13: =P13*O13 -> 12.5
A14: ="W"&WEEKNUM(B14,21) -> W41 | B14: 46301 | G14: RC - PANEL | H14: P26 | I14: Recorder/ Supporter | J14: RC - PANEL | K14: Ghi nhận hàng giao kho | L14: Recorder | M14: 0.3125 | N14: 0.83333333 | O14: =(N14-M14)*24 -> 12.5 | P14: 1 | Q14: =P14*O14 -> 12.5
A15: ="W"&WEEKNUM(B15,21) -> W41 | B15: 46301 | G15: RC - PANEL | H15: P26 | I15: Recorder/ Supporter | J15: RC - PANEL | K15: Kiểm hàng chất lượng vào kho | L15: Supporter | M15: 0.3125 | N15: 0.83333333 | O15: =(N15-M15)*24 -> 12.5 | P15: 1 | Q15: =P15*O15 -> 12.5
A16: ="W"&WEEKNUM(B16,21) -> W41 | B16: 46301 | G16: RC - PANEL | H16: P26 | I16: Recorder/ Supporter | J16: Machining | K16: Nhận hàng gỗ đầu vào từ RC | L16: Supporter | M16: 0.3125 | N16: 0.83333333 | O16: =(N16-M16)*24 -> 12.5 | P16: 1 | Q16: =P16*O16 -> 12.5
A17: ="W"&WEEKNUM(B17,21) -> W41 | B17: 46301 | G17: Machining | H17: P26 | I17: Recorder/ Supporter | J17: Machining | K17: Ghi nhận hàng giao kho | L17: Recorder | M17: 0.3125 | N17: 0.83333333 | O17: =(N17-M17)*24 -> 12.5 | P17: 1 | Q17: =P17*O17 -> 12.5
A18: ="W"&WEEKNUM(B18,21) -> W41 | B18: 46301 | G18: Machining | H18: P26 | I18: Recorder/ Supporter | J18: Machining | K18: quét nhà toàn xưởng khu vực ASSY | L18: Supporter | M18: 0.3125 | N18: 0.83333333 | O18: =(N18-M18)*24 -> 12.5 | P18: 1 | Q18: =P18*O18 -> 12.5
A19: ="W"&WEEKNUM(B19,21) -> W41 | B19: 46301 | G19: Machining | H19: P26 | I19: Recorder/ Supporter | J19: Machining | K19: Theo hàng pilot -hàng test-spo-subcon-NCR | L19: Recorder | M19: 0.3125 | N19: 0.83333333 | O19: =(N19-M19)*24 -> 12.5 | P19: 1 | Q19: =P19*O19 -> 12.5
... A22: ="W"&WEEKNUM(B22,21) -> W41 | B22: 46301 | G22: Assembly | H22: P26 | I22: Recorder/ Supporter | J22: Assembly | K22: Giao nhận HW- phát HW cho Line sx | L22: Supporter | M22: 0.3125 | N22: 0.83333333 | O22: =(N22-M22)*24 -> 12.5 | P22: 1 | Q22: =P22*O22 -> 12.5
A23: ="W"&WEEKNUM(B23,21) -> W41 | B23: 46301 | G23: Assembly | H23: P22 | I23: HR Training New Workers | J23: HR/HSE | K23: Đào tạo công nhân mới | M23: 0.33333333 | N23: 0.66666667 | O23: =(N23-M23)*24 -> 8 | P23: 7 | Q23: =P23*O23 -> 56
A24: ="W"&WEEKNUM(B24,21) -> W41 | B24: 46301 | G24: Raw Cutting Panel | H24: P22 | I24: HR Training New Workers | J24: HR/HSE | K24: Đào tạo công nhân mới | M24: 0.33333333 | N24: 0.66666667 | O24: =(N24-M24)*24 -> 8 | P24: 4 | Q24: =P24*O24 -> 32
A25: ="W"&WEEKNUM(B25,21) -> W41 | B25: 46301 | G25: Machining | H25: P22 | I25: HR Training New Workers | J25: HR/HSE | K25: Đào tạo công nhân mới | M25: 0.33333333 | N25: 0.66666667 | O25: =(N25-M25)*24 -> 8 | P25: 3 | Q25: =P25*O25 -> 24
A26: ="W"&WEEKNUM(B26,21) -> W41 | B26: 46301 | G26: Assembly | H26: A2 | I26: Training | J26: HR/HSE | K26: HC mới- 50% hiệu suất- 2 tuần-18/9 | L26: A2 ngày 6/12 - nhóm 18/9 | M26: 0.3125 | N26: 0.5 | O26: =(N26-M26)*24 -> 4.5 | P26: 7 | Q26: =P26*O26 -> 31.5
A27: ="W"&WEEKNUM(B27,21) -> W41 | B27: 46301 | G27: Assembly | H27: A2 | I27: Training | J27: HR/HSE | K27: HC mới- 50% hiệu suất- 2 tuần-23/9 | L27: A2 ngày 11/12 - nhóm 23/9 | M27: 0.3125 | N27: 0.5 | O27: =(N27-M27)*24 -> 4.5 | P27: 3 | Q27: =P27*O27 -> 13.5
A28: ="W"&WEEKNUM(B28,21) -> W41 | B28: 46301 | G28: Assembly | H28: A2 | I28: Training | J28: HR/HSE | K28: HC mới- 50% hiệu suất- 2 tuần-24/9 | L28: A2 ngày 6/12 - nhóm 24/9 | M28: 0.3125 | N28: 0.5 | O28: =(N28-M28)*24 -> 4.5 | P28: 5 | Q28: =P28*O28 -> 22.5
A29: ="W"&WEEKNUM(B29,21) -> W41 | B29: 46301 | G29: Assembly | H29: A2 | I29: Training | J29: HR/HSE | K29: HC mới- 50% hiệu suất- 2 tuần-25/9 | L29: A2 ngày 6/12 - nhóm 25/9 | M29: 0.3125 | N29: 0.5 | O29: =(N29-M29)*24 -> 4.5 | P29: 1 | Q29: =P29*O29 -> 4.5
A30: ="W"&WEEKNUM(B30,21) -> W41 | B30: 46301 | G30: Assembly | H30: A2 | I30: Training | J30: HR/HSE | K30: HC mới- 50% hiệu suất- 2 tuần-28/9 | L30: A2 ngày 7/12 - nhóm 28/9 | M30: 0.3125 | N30: 0.5 | O30: =(N30-M30)*24 -> 4.5 | P30: 3 | Q30: =P30*O30 -> 13.5
A31: ="W"&WEEKNUM(B31,21) -> W41 | B31: 46301 | G31: Machining | H31: A2 | I31: Training | J31: HR/HSE | K31: HC mới- 50% hiệu suất- 2 tuần-21/9 | L31: A2 ngày 6/12 - nhóm 21/9 | M31: 0.3125 | N31: 0.5 | O31: =(N31-M31)*24 -> 4.5 | P31: 2 | Q31: =P31*O31 -> 9
A32: ="W"&WEEKNUM(B32,21) -> W41 | B32: 46301 | G32: Machining | H32: A2 | I32: Training | J32: HR/HSE | K32: HC mới- 50% hiệu suất- 2 tuần-22/9 | L32: A2 ngày 6/12 - nhóm 22/9 | M32: 0.3125 | N32: 0.5 | O32: =(N32-M32)*24 -> 4.5 | P32: 4 | Q32: =P32*O32 -> 18
A33: ="W"&WEEKNUM(B33,21) -> W41 | B33: 46301 | G33: Machining | H33: A2 | I33: Training | J33: HR/HSE | K33: HC mới- 50% hiệu suất- 2 tuần-23/9 | L33: A2 ngày 11/12 - nhóm 23/9 | M33: 0.3125 | N33: 0.5 | O33: =(N33-M33)*24 -> 4.5 | P33: 9 | Q33: =P33*O33 -> 40.5
A34: ="W"&WEEKNUM(B34,21) -> W41 | B34: 46301 | G34: Machining | H34: A2 | I34: Training | J34: HR/HSE | K34: HC mới- 50% hiệu suất- 2 tuần-24/9 | L34: A2 ngày 6/12 - nhóm 24/9 | M34: 0.3125 | N34: 0.5 | O34: =(N34-M34)*24 -> 4.5 | P34: 3 | Q34: =P34*O34 -> 13.5
A35: ="W"&WEEKNUM(B35,21) -> W41 | B35: 46301 | G35: Machining | H35: A2 | I35: Training | J35: HR/HSE | K35: HC mới- 50% hiệu suất- 2 tuần-25/9 | L35: A2 ngày 6/12 - nhóm 25/9 | M35: 0.3125 | N35: 0.5 | O35: =(N35-M35)*24 -> 4.5 | P35: 1 | Q35: =P35*O35 -> 4.5
A36: ="W"&WEEKNUM(B36,21) -> W41 | B36: 46301 | G36: RC | H36: A2 | I36: Training | J36: HR/HSE | K36: HC mới- 50% hiệu suất- 2 tuần-22/9 | L36: A2 ngày 6/12 - nhóm 22/9 | M36: 0.3125 | N36: 0.5 | O36: =(N36-M36)*24 -> 4.5 | P36: 1 | Q36: =P36*O36 -> 4.5
A37: ="W"&WEEKNUM(B37,21) -> W41 | B37: 46301 | G37: RC | H37: A2 | I37: Training | J37: HR/HSE | K37: HC mới- 50% hiệu suất- 2 tuần-23/9 | L37: A2 ngày 6/12 - nhóm 23/9 | M37: 0.3125 | N37: 0.5 | O37: =(N37-M37)*24 -> 4.5 | P37: 1 | Q37: =P37*O37 -> 4.5
... A42: ="W"&WEEKNUM(B42,21) -> W41 | B42: 46301 | G42: Assembly | H42: A2 | I42: Training | J42: HR/HSE | K42: HC mới- 50% hiệu suất- 2 tuần-05/10 | L42: A2 ngày 1/12 - nhóm 05/10 | M42: 0.3125 | N42: 0.5 | O42: =(N42-M42)*24 -> 4.5 | P42: 6 | Q42: =P42*O42 -> 27
P43: Tổng | Q43: =SUM(Q3:Q42) -> 622.5
A45: Vàng = nhân viên mới ngày đầu (P22). Xanh = nhân viên đang ghi A2 (cột Ghi chú cho biết ngày thứ mấy trong 12 ngày).

Sheet Loss time 07-10
A1: LOSS TIME WHITE WOOD - 07/10/2026
A2: Week | B2: Date (Ngày) | C2: Item's Mã hàng | D2: Code Máy Hư | E2: Q'ty | F2: Số NCR/ME | G2: Khu vực phát sinh/bộ phận hỗ trợ | H2: Code | I2: Name code | J2: Chart / bộ phận chịu trách nhiệm | K2: Lí Do | L2: Ghi chú | M2: From | N2: To | O2: LossTime (Hr) | P2: HC | Q2: Loss time labor (Hrs)
A3: ="W"&WEEKNUM(B3,21) -> W41 | B3: 46302 | G3: RC - WOOD | H3: P20 | I3: Dailly Cleaning | J3: RC WOOD | K3: Vệ sinh khu vực máy móc RC WOOD | M3: 0.29166667 | N3: 0.3125 | O3: =(N3-M3)*24 -> 0.5 | P3: 7 | Q3: =P3*O3 -> 3.5
A4: ="W"&WEEKNUM(B4,21) -> W41 | B4: 46302 | G4: RC - PANEL | H4: P20 | I4: Dailly Cleaning | J4: RC - PANEL | K4: Vệ sinh khu vực máy móc RC PANEL | M4: 0.29166667 | N4: 0.3125 | O4: =(N4-M4)*24 -> 0.5 | P4: 18 | Q4: =P4*O4 -> 9
A5: ="W"&WEEKNUM(B5,21) -> W41 | B5: 46302 | G5: Machining | H5: P20 | I5: Dailly Cleaning | J5: Machining | K5: Vệ sinh khu vực máy móc MAC FINAL | M5: 0.29166667 | N5: 0.3125 | O5: =(N5-M5)*24 -> 0.5 | P5: 7 | Q5: =P5*O5 -> 3.5
A6: ="W"&WEEKNUM(B6,21) -> W41 | B6: 46302 | G6: Machining | H6: P20 | I6: Dailly Cleaning | J6: Machining | K6: Vệ sinh khu vực máy móc PRE MAC | M6: 0.29166667 | N6: 0.3125 | O6: =(N6-M6)*24 -> 0.5 | P6: 12 | Q6: =P6*O6 -> 6
A7: ="W"&WEEKNUM(B7,21) -> W41 | B7: 46302 | G7: Assembly | H7: P20 | I7: Dailly Cleaning | J7: Assembly | K7: Quét nhà toàn xưởng khu vực ASSY | M7: 0.3125 | N7: 0.83333333 | O7: =(N7-M7)*24 -> 12.5 | P7: 2 | Q7: =P7*O7 -> 25
A8: ="W"&WEEKNUM(B8,21) -> W41 | B8: 46302 | G8: RC - PANEL | H8: P26 | I8: Recorder/ Supporter | J8: RC - PANEL | K8: Shop Floor data RC PANEL | L8: Recorder | M8: 0.3125 | N8: 0.83333333 | O8: =(N8-M8)*24 -> 12.5 | P8: 4 | Q8: =P8*O8 -> 50
A9: ="W"&WEEKNUM(B9,21) -> W41 | B9: 46302 | G9: Machining | H9: P26 | I9: Recorder/ Supporter | J9: Machining | K9: Shop Floor data- STOCK ROOM | L9: Recorder | M9: 0.3125 | N9: 0.83333333 | O9: =(N9-M9)*24 -> 12.5 | P9: 1 | Q9: =P9*O9 -> 12.5
A10: ="W"&WEEKNUM(B10,21) -> W41 | B10: 46302 | G10: Machining | H10: P26 | I10: Recorder/ Supporter | J10: Machining | K10: Shop Floor data MAC FINAL | L10: Recorder | M10: 0.3125 | N10: 0.83333333 | O10: =(N10-M10)*24 -> 12.5 | P10: 1 | Q10: =P10*O10 -> 12.5
A11: ="W"&WEEKNUM(B11,21) -> W41 | B11: 46302 | G11: RC - PANEL | H11: P26 | I11: Recorder/ Supporter | J11: RC - PANEL | K11: Theo dõi Hàng venner làm xong | L11: Recorder | M11: 0.3125 | N11: 0.83333333 | O11: =(N11-M11)*24 -> 12.5 | P11: 1 | Q11: =P11*O11 -> 12.5
A12: ="W"&WEEKNUM(B12,21) -> W41 | B12: 46302 | G12: RC - PANEL | H12: P26 | I12: Recorder/ Supporter | J12: RC - PANEL | K12: Nhận venner cho ép nóng | L12: Supporter | M12: 0.3125 | N12: 0.83333333 | O12: =(N12-M12)*24 -> 12.5 | P12: 1 | Q12: =P12*O12 -> 12.5
A13: ="W"&WEEKNUM(B13,21) -> W41 | B13: 46302 | G13: RC - WOOD | H13: P26 | I13: Recorder/ Supporter | J13: RC WOOD | K13: Lựa hàng tinh giao mac- gỗ đẹp xấu | L13: Supporter | M13: 0.3125 | N13: 0.83333333 | O13: =(N13-M13)*24 -> 12.5 | P13: 1 | Q13: =P13*O13 -> 12.5
A14: ="W"&WEEKNUM(B14,21) -> W41 | B14: 46302 | G14: RC - PANEL | H14: P26 | I14: Recorder/ Supporter | J14: RC - PANEL | K14: Ghi nhận hàng giao kho | L14: Recorder | M14: 0.3125 | N14: 0.83333333 | O14: =(N14-M14)*24 -> 12.5 | P14: 1 | Q14: =P14*O14 -> 12.5
A15: ="W"&WEEKNUM(B15,21) -> W41 | B15: 46302 | G15: RC - PANEL | H15: P26 | I15: Recorder/ Supporter | J15: RC - PANEL | K15: Kiểm hàng chất lượng vào kho | L15: Supporter | M15: 0.3125 | N15: 0.83333333 | O15: =(N15-M15)*24 -> 12.5 | P15: 1 | Q15: =P15*O15 -> 12.5
A16: ="W"&WEEKNUM(B16,21) -> W41 | B16: 46302 | G16: RC - PANEL | H16: P26 | I16: Recorder/ Supporter | J16: Machining | K16: Nhận hàng gỗ đầu vào từ RC | L16: Supporter | M16: 0.3125 | N16: 0.83333333 | O16: =(N16-M16)*24 -> 12.5 | P16: 1 | Q16: =P16*O16 -> 12.5
A17: ="W"&WEEKNUM(B17,21) -> W41 | B17: 46302 | G17: Machining | H17: P26 | I17: Recorder/ Supporter | J17: Machining | K17: Ghi nhận hàng giao kho | L17: Recorder | M17: 0.3125 | N17: 0.83333333 | O17: =(N17-M17)*24 -> 12.5 | P17: 1 | Q17: =P17*O17 -> 12.5
A18: ="W"&WEEKNUM(B18,21) -> W41 | B18: 46302 | G18: Machining | H18: P26 | I18: Recorder/ Supporter | J18: Machining | K18: quét nhà toàn xưởng khu vực ASSY | L18: Supporter | M18: 0.3125 | N18: 0.83333333 | O18: =(N18-M18)*24 -> 12.5 | P18: 1 | Q18: =P18*O18 -> 12.5
A19: ="W"&WEEKNUM(B19,21) -> W41 | B19: 46302 | G19: Machining | H19: P26 | I19: Recorder/ Supporter | J19: Machining | K19: Theo hàng pilot -hàng test-spo-subcon-NCR | L19: Recorder | M19: 0.3125 | N19: 0.83333333 | O19: =(N19-M19)*24 -> 12.5 | P19: 1 | Q19: =P19*O19 -> 12.5
... A22: ="W"&WEEKNUM(B22,21) -> W41 | B22: 46302 | G22: Assembly | H22: P26 | I22: Recorder/ Supporter | J22: Assembly | K22: Giao nhận HW- phát HW cho Line sx | L22: Supporter | M22: 0.3125 | N22: 0.83333333 | O22: =(N22-M22)*24 -> 12.5 | P22: 1 | Q22: =P22*O22 -> 12.5
A23: ="W"&WEEKNUM(B23,21) -> W41 | B23: 46302 | G23: Assembly | H23: P22 | I23: HR Training New Workers | J23: HR/HSE | K23: Đào tạo công nhân mới | M23: 0.33333333 | N23: 0.66666667 | O23: =(N23-M23)*24 -> 8 | P23: 6 | Q23: =P23*O23 -> 48
A24: ="W"&WEEKNUM(B24,21) -> W41 | B24: 46302 | G24: Raw Cutting Panel | H24: P22 | I24: HR Training New Workers | J24: HR/HSE | K24: Đào tạo công nhân mới | M24: 0.33333333 | N24: 0.66666667 | O24: =(N24-M24)*24 -> 8 | P24: 2 | Q24: =P24*O24 -> 16
A25: ="W"&WEEKNUM(B25,21) -> W41 | B25: 46302 | G25: Assembly | H25: A2 | I25: Training | J25: HR/HSE | K25: HC mới- 50% hiệu suất- 2 tuần-18/9 | L25: A2 ngày 7/12 - nhóm 18/9 | M25: 0.3125 | N25: 0.5 | O25: =(N25-M25)*24 -> 4.5 | P25: 7 | Q25: =P25*O25 -> 31.5
A26: ="W"&WEEKNUM(B26,21) -> W41 | B26: 46302 | G26: Assembly | H26: A2 | I26: Training | J26: HR/HSE | K26: HC mới- 50% hiệu suất- 2 tuần-23/9 | L26: A2 ngày 12/12 - nhóm 23/9 | M26: 0.3125 | N26: 0.5 | O26: =(N26-M26)*24 -> 4.5 | P26: 3 | Q26: =P26*O26 -> 13.5
A27: ="W"&WEEKNUM(B27,21) -> W41 | B27: 46302 | G27: Assembly | H27: A2 | I27: Training | J27: HR/HSE | K27: HC mới- 50% hiệu suất- 2 tuần-24/9 | L27: A2 ngày 7/12 - nhóm 24/9 | M27: 0.3125 | N27: 0.5 | O27: =(N27-M27)*24 -> 4.5 | P27: 5 | Q27: =P27*O27 -> 22.5
A28: ="W"&WEEKNUM(B28,21) -> W41 | B28: 46302 | G28: Assembly | H28: A2 | I28: Training | J28: HR/HSE | K28: HC mới- 50% hiệu suất- 2 tuần-25/9 | L28: A2 ngày 7/12 - nhóm 25/9 | M28: 0.3125 | N28: 0.5 | O28: =(N28-M28)*24 -> 4.5 | P28: 1 | Q28: =P28*O28 -> 4.5
A29: ="W"&WEEKNUM(B29,21) -> W41 | B29: 46302 | G29: Assembly | H29: A2 | I29: Training | J29: HR/HSE | K29: HC mới- 50% hiệu suất- 2 tuần-28/9 | L29: A2 ngày 8/12 - nhóm 28/9 | M29: 0.3125 | N29: 0.5 | O29: =(N29-M29)*24 -> 4.5 | P29: 3 | Q29: =P29*O29 -> 13.5
A30: ="W"&WEEKNUM(B30,21) -> W41 | B30: 46302 | G30: Machining | H30: A2 | I30: Training | J30: HR/HSE | K30: HC mới- 50% hiệu suất- 2 tuần-21/9 | L30: A2 ngày 7/12 - nhóm 21/9 | M30: 0.3125 | N30: 0.5 | O30: =(N30-M30)*24 -> 4.5 | P30: 2 | Q30: =P30*O30 -> 9
A31: ="W"&WEEKNUM(B31,21) -> W41 | B31: 46302 | G31: Machining | H31: A2 | I31: Training | J31: HR/HSE | K31: HC mới- 50% hiệu suất- 2 tuần-22/9 | L31: A2 ngày 7/12 - nhóm 22/9 | M31: 0.3125 | N31: 0.5 | O31: =(N31-M31)*24 -> 4.5 | P31: 4 | Q31: =P31*O31 -> 18
A32: ="W"&WEEKNUM(B32,21) -> W41 | B32: 46302 | G32: Machining | H32: A2 | I32: Training | J32: HR/HSE | K32: HC mới- 50% hiệu suất- 2 tuần-23/9 | L32: A2 ngày 12/12 - nhóm 23/9 | M32: 0.3125 | N32: 0.5 | O32: =(N32-M32)*24 -> 4.5 | P32: 9 | Q32: =P32*O32 -> 40.5
A33: ="W"&WEEKNUM(B33,21) -> W41 | B33: 46302 | G33: Machining | H33: A2 | I33: Training | J33: HR/HSE | K33: HC mới- 50% hiệu suất- 2 tuần-24/9 | L33: A2 ngày 7/12 - nhóm 24/9 | M33: 0.3125 | N33: 0.5 | O33: =(N33-M33)*24 -> 4.5 | P33: 3 | Q33: =P33*O33 -> 13.5
A34: ="W"&WEEKNUM(B34,21) -> W41 | B34: 46302 | G34: Machining | H34: A2 | I34: Training | J34: HR/HSE | K34: HC mới- 50% hiệu suất- 2 tuần-25/9 | L34: A2 ngày 7/12 - nhóm 25/9 | M34: 0.3125 | N34: 0.5 | O34: =(N34-M34)*24 -> 4.5 | P34: 1 | Q34: =P34*O34 -> 4.5
A35: ="W"&WEEKNUM(B35,21) -> W41 | B35: 46302 | G35: RC | H35: A2 | I35: Training | J35: HR/HSE | K35: HC mới- 50% hiệu suất- 2 tuần-22/9 | L35: A2 ngày 7/12 - nhóm 22/9 | M35: 0.3125 | N35: 0.5 | O35: =(N35-M35)*24 -> 4.5 | P35: 1 | Q35: =P35*O35 -> 4.5
A36: ="W"&WEEKNUM(B36,21) -> W41 | B36: 46302 | G36: RC | H36: A2 | I36: Training | J36: HR/HSE | K36: HC mới- 50% hiệu suất- 2 tuần-23/9 | L36: A2 ngày 7/12 - nhóm 23/9 | M36: 0.3125 | N36: 0.5 | O36: =(N36-M36)*24 -> 4.5 | P36: 1 | Q36: =P36*O36 -> 4.5
... A44: ="W"&WEEKNUM(B44,21) -> W41 | B44: 46302 | G44: Machining | H44: A2 | I44: Training | J44: HR/HSE | K44: HC mới- 50% hiệu suất- 2 tuần-06/10 | L44: A2 ngày 1/12 - nhóm 06/10 | M44: 0.3125 | N44: 0.5 | O44: =(N44-M44)*24 -> 4.5 | P44: 3 | Q44: =P44*O44 -> 13.5
P45: Tổng | Q45: =SUM(Q3:Q44) -> 637.5
A47: Vàng = nhân viên mới ngày đầu (P22). Xanh = nhân viên đang ghi A2 (cột Ghi chú cho biết ngày thứ mấy trong 12 ngày).

Sheet Loss time 08-10
A1: LOSS TIME WHITE WOOD - 08/10/2026
A2: Week | B2: Date (Ngày) | C2: Item's Mã hàng | D2: Code Máy Hư | E2: Q'ty | F2: Số NCR/ME | G2: Khu vực phát sinh/bộ phận hỗ trợ | H2: Code | I2: Name code | J2: Chart / bộ phận chịu trách nhiệm | K2: Lí Do | L2: Ghi chú | M2: From | N2: To | O2: LossTime (Hr) | P2: HC | Q2: Loss time labor (Hrs)
A3: ="W"&WEEKNUM(B3,21) -> W41 | B3: 46303 | G3: RC - WOOD | H3: P20 | I3: Dailly Cleaning | J3: RC WOOD | K3: Vệ sinh khu vực máy móc RC WOOD | M3: 0.29166667 | N3: 0.3125 | O3: =(N3-M3)*24 -> 0.5 | P3: 7 | Q3: =P3*O3 -> 3.5
A4: ="W"&WEEKNUM(B4,21) -> W41 | B4: 46303 | G4: RC - PANEL | H4: P20 | I4: Dailly Cleaning | J4: RC - PANEL | K4: Vệ sinh khu vực máy móc RC PANEL | M4: 0.29166667 | N4: 0.3125 | O4: =(N4-M4)*24 -> 0.5 | P4: 18 | Q4: =P4*O4 -> 9
A5: ="W"&WEEKNUM(B5,21) -> W41 | B5: 46303 | G5: Machining | H5: P20 | I5: Dailly Cleaning | J5: Machining | K5: Vệ sinh khu vực máy móc MAC FINAL | M5: 0.29166667 | N5: 0.3125 | O5: =(N5-M5)*24 -> 0.5 | P5: 7 | Q5: =P5*O5 -> 3.5
A6: ="W"&WEEKNUM(B6,21) -> W41 | B6: 46303 | G6: Machining | H6: P20 | I6: Dailly Cleaning | J6: Machining | K6: Vệ sinh khu vực máy móc PRE MAC | M6: 0.29166667 | N6: 0.3125 | O6: =(N6-M6)*24 -> 0.5 | P6: 12 | Q6: =P6*O6 -> 6
A7: ="W"&WEEKNUM(B7,21) -> W41 | B7: 46303 | G7: Assembly | H7: P20 | I7: Dailly Cleaning | J7: Assembly | K7: Quét nhà toàn xưởng khu vực ASSY | M7: 0.3125 | N7: 0.83333333 | O7: =(N7-M7)*24 -> 12.5 | P7: 2 | Q7: =P7*O7 -> 25
A8: ="W"&WEEKNUM(B8,21) -> W41 | B8: 46303 | G8: RC - PANEL | H8: P26 | I8: Recorder/ Supporter | J8: RC - PANEL | K8: Shop Floor data RC PANEL | L8: Recorder | M8: 0.3125 | N8: 0.83333333 | O8: =(N8-M8)*24 -> 12.5 | P8: 4 | Q8: =P8*O8 -> 50
A9: ="W"&WEEKNUM(B9,21) -> W41 | B9: 46303 | G9: Machining | H9: P26 | I9: Recorder/ Supporter | J9: Machining | K9: Shop Floor data- STOCK ROOM | L9: Recorder | M9: 0.3125 | N9: 0.83333333 | O9: =(N9-M9)*24 -> 12.5 | P9: 1 | Q9: =P9*O9 -> 12.5
A10: ="W"&WEEKNUM(B10,21) -> W41 | B10: 46303 | G10: Machining | H10: P26 | I10: Recorder/ Supporter | J10: Machining | K10: Shop Floor data MAC FINAL | L10: Recorder | M10: 0.3125 | N10: 0.83333333 | O10: =(N10-M10)*24 -> 12.5 | P10: 1 | Q10: =P10*O10 -> 12.5
A11: ="W"&WEEKNUM(B11,21) -> W41 | B11: 46303 | G11: RC - PANEL | H11: P26 | I11: Recorder/ Supporter | J11: RC - PANEL | K11: Theo dõi Hàng venner làm xong | L11: Recorder | M11: 0.3125 | N11: 0.83333333 | O11: =(N11-M11)*24 -> 12.5 | P11: 1 | Q11: =P11*O11 -> 12.5
A12: ="W"&WEEKNUM(B12,21) -> W41 | B12: 46303 | G12: RC - PANEL | H12: P26 | I12: Recorder/ Supporter | J12: RC - PANEL | K12: Nhận venner cho ép nóng | L12: Supporter | M12: 0.3125 | N12: 0.83333333 | O12: =(N12-M12)*24 -> 12.5 | P12: 1 | Q12: =P12*O12 -> 12.5
A13: ="W"&WEEKNUM(B13,21) -> W41 | B13: 46303 | G13: RC - WOOD | H13: P26 | I13: Recorder/ Supporter | J13: RC WOOD | K13: Lựa hàng tinh giao mac- gỗ đẹp xấu | L13: Supporter | M13: 0.3125 | N13: 0.83333333 | O13: =(N13-M13)*24 -> 12.5 | P13: 1 | Q13: =P13*O13 -> 12.5
A14: ="W"&WEEKNUM(B14,21) -> W41 | B14: 46303 | G14: RC - PANEL | H14: P26 | I14: Recorder/ Supporter | J14: RC - PANEL | K14: Ghi nhận hàng giao kho | L14: Recorder | M14: 0.3125 | N14: 0.83333333 | O14: =(N14-M14)*24 -> 12.5 | P14: 1 | Q14: =P14*O14 -> 12.5
A15: ="W"&WEEKNUM(B15,21) -> W41 | B15: 46303 | G15: RC - PANEL | H15: P26 | I15: Recorder/ Supporter | J15: RC - PANEL | K15: Kiểm hàng chất lượng vào kho | L15: Supporter | M15: 0.3125 | N15: 0.83333333 | O15: =(N15-M15)*24 -> 12.5 | P15: 1 | Q15: =P15*O15 -> 12.5
A16: ="W"&WEEKNUM(B16,21) -> W41 | B16: 46303 | G16: RC - PANEL | H16: P26 | I16: Recorder/ Supporter | J16: Machining | K16: Nhận hàng gỗ đầu vào từ RC | L16: Supporter | M16: 0.3125 | N16: 0.83333333 | O16: =(N16-M16)*24 -> 12.5 | P16: 1 | Q16: =P16*O16 -> 12.5
A17: ="W"&WEEKNUM(B17,21) -> W41 | B17: 46303 | G17: Machining | H17: P26 | I17: Recorder/ Supporter | J17: Machining | K17: Ghi nhận hàng giao kho | L17: Recorder | M17: 0.3125 | N17: 0.83333333 | O17: =(N17-M17)*24 -> 12.5 | P17: 1 | Q17: =P17*O17 -> 12.5
A18: ="W"&WEEKNUM(B18,21) -> W41 | B18: 46303 | G18: Machining | H18: P26 | I18: Recorder/ Supporter | J18: Machining | K18: quét nhà toàn xưởng khu vực ASSY | L18: Supporter | M18: 0.3125 | N18: 0.83333333 | O18: =(N18-M18)*24 -> 12.5 | P18: 1 | Q18: =P18*O18 -> 12.5
A19: ="W"&WEEKNUM(B19,21) -> W41 | B19: 46303 | G19: Machining | H19: P26 | I19: Recorder/ Supporter | J19: Machining | K19: Theo hàng pilot -hàng test-spo-subcon-NCR | L19: Recorder | M19: 0.3125 | N19: 0.83333333 | O19: =(N19-M19)*24 -> 12.5 | P19: 1 | Q19: =P19*O19 -> 12.5
... A22: ="W"&WEEKNUM(B22,21) -> W41 | B22: 46303 | G22: Assembly | H22: P26 | I22: Recorder/ Supporter | J22: Assembly | K22: Giao nhận HW- phát HW cho Line sx | L22: Supporter | M22: 0.3125 | N22: 0.83333333 | O22: =(N22-M22)*24 -> 12.5 | P22: 1 | Q22: =P22*O22 -> 12.5
A23: ="W"&WEEKNUM(B23,21) -> W41 | B23: 46303 | G23: Raw Cutting Panel | H23: P22 | I23: HR Training New Workers | J23: HR/HSE | K23: Đào tạo công nhân mới | M23: 0.33333333 | N23: 0.66666667 | O23: =(N23-M23)*24 -> 8 | P23: 1 | Q23: =P23*O23 -> 8
A24: ="W"&WEEKNUM(B24,21) -> W41 | B24: 46303 | G24: Machining | H24: P22 | I24: HR Training New Workers | J24: HR/HSE | K24: Đào tạo công nhân mới | M24: 0.33333333 | N24: 0.66666667 | O24: =(N24-M24)*24 -> 8 | P24: 3 | Q24: =P24*O24 -> 24
A25: ="W"&WEEKNUM(B25,21) -> W41 | B25: 46303 | G25: Assembly | H25: A2 | I25: Training | J25: HR/HSE | K25: HC mới- 50% hiệu suất- 2 tuần-18/9 | L25: A2 ngày 8/12 - nhóm 18/9 | M25: 0.3125 | N25: 0.5 | O25: =(N25-M25)*24 -> 4.5 | P25: 7 | Q25: =P25*O25 -> 31.5
A26: ="W"&WEEKNUM(B26,21) -> W41 | B26: 46303 | G26: Assembly | H26: A2 | I26: Training | J26: HR/HSE | K26: HC mới- 50% hiệu suất- 2 tuần-24/9 | L26: A2 ngày 8/12 - nhóm 24/9 | M26: 0.3125 | N26: 0.5 | O26: =(N26-M26)*24 -> 4.5 | P26: 5 | Q26: =P26*O26 -> 22.5
A27: ="W"&WEEKNUM(B27,21) -> W41 | B27: 46303 | G27: Assembly | H27: A2 | I27: Training | J27: HR/HSE | K27: HC mới- 50% hiệu suất- 2 tuần-25/9 | L27: A2 ngày 8/12 - nhóm 25/9 | M27: 0.3125 | N27: 0.5 | O27: =(N27-M27)*24 -> 4.5 | P27: 1 | Q27: =P27*O27 -> 4.5
A28: ="W"&WEEKNUM(B28,21) -> W41 | B28: 46303 | G28: Assembly | H28: A2 | I28: Training | J28: HR/HSE | K28: HC mới- 50% hiệu suất- 2 tuần-28/9 | L28: A2 ngày 9/12 - nhóm 28/9 | M28: 0.3125 | N28: 0.5 | O28: =(N28-M28)*24 -> 4.5 | P28: 3 | Q28: =P28*O28 -> 13.5
A29: ="W"&WEEKNUM(B29,21) -> W41 | B29: 46303 | G29: Machining | H29: A2 | I29: Training | J29: HR/HSE | K29: HC mới- 50% hiệu suất- 2 tuần-21/9 | L29: A2 ngày 8/12 - nhóm 21/9 | M29: 0.3125 | N29: 0.5 | O29: =(N29-M29)*24 -> 4.5 | P29: 2 | Q29: =P29*O29 -> 9
A30: ="W"&WEEKNUM(B30,21) -> W41 | B30: 46303 | G30: Machining | H30: A2 | I30: Training | J30: HR/HSE | K30: HC mới- 50% hiệu suất- 2 tuần-22/9 | L30: A2 ngày 8/12 - nhóm 22/9 | M30: 0.3125 | N30: 0.5 | O30: =(N30-M30)*24 -> 4.5 | P30: 4 | Q30: =P30*O30 -> 18
A31: ="W"&WEEKNUM(B31,21) -> W41 | B31: 46303 | G31: Machining | H31: A2 | I31: Training | J31: HR/HSE | K31: HC mới- 50% hiệu suất- 2 tuần-24/9 | L31: A2 ngày 8/12 - nhóm 24/9 | M31: 0.3125 | N31: 0.5 | O31: =(N31-M31)*24 -> 4.5 | P31: 3 | Q31: =P31*O31 -> 13.5
A32: ="W"&WEEKNUM(B32,21) -> W41 | B32: 46303 | G32: Machining | H32: A2 | I32: Training | J32: HR/HSE | K32: HC mới- 50% hiệu suất- 2 tuần-25/9 | L32: A2 ngày 8/12 - nhóm 25/9 | M32: 0.3125 | N32: 0.5 | O32: =(N32-M32)*24 -> 4.5 | P32: 1 | Q32: =P32*O32 -> 4.5
A33: ="W"&WEEKNUM(B33,21) -> W41 | B33: 46303 | G33: RC | H33: A2 | I33: Training | J33: HR/HSE | K33: HC mới- 50% hiệu suất- 2 tuần-22/9 | L33: A2 ngày 8/12 - nhóm 22/9 | M33: 0.3125 | N33: 0.5 | O33: =(N33-M33)*24 -> 4.5 | P33: 1 | Q33: =P33*O33 -> 4.5
A34: ="W"&WEEKNUM(B34,21) -> W41 | B34: 46303 | G34: RC | H34: A2 | I34: Training | J34: HR/HSE | K34: HC mới- 50% hiệu suất- 2 tuần-23/9 | L34: A2 ngày 8/12 - nhóm 23/9 | M34: 0.3125 | N34: 0.5 | O34: =(N34-M34)*24 -> 4.5 | P34: 1 | Q34: =P34*O34 -> 4.5
A35: ="W"&WEEKNUM(B35,21) -> W41 | B35: 46303 | G35: RC | H35: A2 | I35: Training | J35: HR/HSE | K35: HC mới- 50% hiệu suất- 2 tuần-24/9 | L35: A2 ngày 8/12 - nhóm 24/9 | M35: 0.3125 | N35: 0.5 | O35: =(N35-M35)*24 -> 4.5 | P35: 2 | Q35: =P35*O35 -> 9
A36: ="W"&WEEKNUM(B36,21) -> W41 | B36: 46303 | G36: RC | H36: A2 | I36: Training | J36: HR/HSE | K36: HC mới- 50% hiệu suất- 2 tuần-26/9 | L36: A2 ngày 8/12 - nhóm 26/9 | M36: 0.3125 | N36: 0.5 | O36: =(N36-M36)*24 -> 4.5 | P36: 1 | Q36: =P36*O36 -> 4.5
... A44: ="W"&WEEKNUM(B44,21) -> W41 | B44: 46303 | G44: Raw Cutting Panel | H44: A2 | I44: Training | J44: HR/HSE | K44: HC mới- 50% hiệu suất- 2 tuần-07/10 | L44: A2 ngày 1/12 - nhóm 07/10 | M44: 0.3125 | N44: 0.5 | O44: =(N44-M44)*24 -> 4.5 | P44: 2 | Q44: =P44*O44 -> 9
P45: Tổng | Q45: =SUM(Q3:Q44) -> 587.5
A47: Vàng = nhân viên mới ngày đầu (P22). Xanh = nhân viên đang ghi A2 (cột Ghi chú cho biết ngày thứ mấy trong 12 ngày).

Sheet Loss time 09-10
A1: LOSS TIME WHITE WOOD - 09/10/2026
A2: Week | B2: Date (Ngày) | C2: Item's Mã hàng | D2: Code Máy Hư | E2: Q'ty | F2: Số NCR/ME | G2: Khu vực phát sinh/bộ phận hỗ trợ | H2: Code | I2: Name code | J2: Chart / bộ phận chịu trách nhiệm | K2: Lí Do | L2: Ghi chú | M2: From | N2: To | O2: LossTime (Hr) | P2: HC | Q2: Loss time labor (Hrs)
A3: ="W"&WEEKNUM(B3,21) -> W41 | B3: 46304 | G3: RC - WOOD | H3: P20 | I3: Dailly Cleaning | J3: RC WOOD | K3: Vệ sinh khu vực máy móc RC WOOD | M3: 0.29166667 | N3: 0.3125 | O3: =(N3-M3)*24 -> 0.5 | P3: 7 | Q3: =P3*O3 -> 3.5
A4: ="W"&WEEKNUM(B4,21) -> W41 | B4: 46304 | G4: RC - PANEL | H4: P20 | I4: Dailly Cleaning | J4: RC - PANEL | K4: Vệ sinh khu vực máy móc RC PANEL | M4: 0.29166667 | N4: 0.3125 | O4: =(N4-M4)*24 -> 0.5 | P4: 18 | Q4: =P4*O4 -> 9
A5: ="W"&WEEKNUM(B5,21) -> W41 | B5: 46304 | G5: Machining | H5: P20 | I5: Dailly Cleaning | J5: Machining | K5: Vệ sinh khu vực máy móc MAC FINAL | M5: 0.29166667 | N5: 0.3125 | O5: =(N5-M5)*24 -> 0.5 | P5: 7 | Q5: =P5*O5 -> 3.5
A6: ="W"&WEEKNUM(B6,21) -> W41 | B6: 46304 | G6: Machining | H6: P20 | I6: Dailly Cleaning | J6: Machining | K6: Vệ sinh khu vực máy móc PRE MAC | M6: 0.29166667 | N6: 0.3125 | O6: =(N6-M6)*24 -> 0.5 | P6: 12 | Q6: =P6*O6 -> 6
A7: ="W"&WEEKNUM(B7,21) -> W41 | B7: 46304 | G7: Assembly | H7: P20 | I7: Dailly Cleaning | J7: Assembly | K7: Quét nhà toàn xưởng khu vực ASSY | M7: 0.3125 | N7: 0.83333333 | O7: =(N7-M7)*24 -> 12.5 | P7: 2 | Q7: =P7*O7 -> 25
A8: ="W"&WEEKNUM(B8,21) -> W41 | B8: 46304 | G8: RC - PANEL | H8: P26 | I8: Recorder/ Supporter | J8: RC - PANEL | K8: Shop Floor data RC PANEL | L8: Recorder | M8: 0.3125 | N8: 0.83333333 | O8: =(N8-M8)*24 -> 12.5 | P8: 4 | Q8: =P8*O8 -> 50
A9: ="W"&WEEKNUM(B9,21) -> W41 | B9: 46304 | G9: Machining | H9: P26 | I9: Recorder/ Supporter | J9: Machining | K9: Shop Floor data- STOCK ROOM | L9: Recorder | M9: 0.3125 | N9: 0.83333333 | O9: =(N9-M9)*24 -> 12.5 | P9: 1 | Q9: =P9*O9 -> 12.5
A10: ="W"&WEEKNUM(B10,21) -> W41 | B10: 46304 | G10: Machining | H10: P26 | I10: Recorder/ Supporter | J10: Machining | K10: Shop Floor data MAC FINAL | L10: Recorder | M10: 0.3125 | N10: 0.83333333 | O10: =(N10-M10)*24 -> 12.5 | P10: 1 | Q10: =P10*O10 -> 12.5
A11: ="W"&WEEKNUM(B11,21) -> W41 | B11: 46304 | G11: RC - PANEL | H11: P26 | I11: Recorder/ Supporter | J11: RC - PANEL | K11: Theo dõi Hàng venner làm xong | L11: Recorder | M11: 0.3125 | N11: 0.83333333 | O11: =(N11-M11)*24 -> 12.5 | P11: 1 | Q11: =P11*O11 -> 12.5
A12: ="W"&WEEKNUM(B12,21) -> W41 | B12: 46304 | G12: RC - PANEL | H12: P26 | I12: Recorder/ Supporter | J12: RC - PANEL | K12: Nhận venner cho ép nóng | L12: Supporter | M12: 0.3125 | N12: 0.83333333 | O12: =(N12-M12)*24 -> 12.5 | P12: 1 | Q12: =P12*O12 -> 12.5
A13: ="W"&WEEKNUM(B13,21) -> W41 | B13: 46304 | G13: RC - WOOD | H13: P26 | I13: Recorder/ Supporter | J13: RC WOOD | K13: Lựa hàng tinh giao mac- gỗ đẹp xấu | L13: Supporter | M13: 0.3125 | N13: 0.83333333 | O13: =(N13-M13)*24 -> 12.5 | P13: 1 | Q13: =P13*O13 -> 12.5
A14: ="W"&WEEKNUM(B14,21) -> W41 | B14: 46304 | G14: RC - PANEL | H14: P26 | I14: Recorder/ Supporter | J14: RC - PANEL | K14: Ghi nhận hàng giao kho | L14: Recorder | M14: 0.3125 | N14: 0.83333333 | O14: =(N14-M14)*24 -> 12.5 | P14: 1 | Q14: =P14*O14 -> 12.5
A15: ="W"&WEEKNUM(B15,21) -> W41 | B15: 46304 | G15: RC - PANEL | H15: P26 | I15: Recorder/ Supporter | J15: RC - PANEL | K15: Kiểm hàng chất lượng vào kho | L15: Supporter | M15: 0.3125 | N15: 0.83333333 | O15: =(N15-M15)*24 -> 12.5 | P15: 1 | Q15: =P15*O15 -> 12.5
A16: ="W"&WEEKNUM(B16,21) -> W41 | B16: 46304 | G16: RC - PANEL | H16: P26 | I16: Recorder/ Supporter | J16: Machining | K16: Nhận hàng gỗ đầu vào từ RC | L16: Supporter | M16: 0.3125 | N16: 0.83333333 | O16: =(N16-M16)*24 -> 12.5 | P16: 1 | Q16: =P16*O16 -> 12.5
A17: ="W"&WEEKNUM(B17,21) -> W41 | B17: 46304 | G17: Machining | H17: P26 | I17: Recorder/ Supporter | J17: Machining | K17: Ghi nhận hàng giao kho | L17: Recorder | M17: 0.3125 | N17: 0.83333333 | O17: =(N17-M17)*24 -> 12.5 | P17: 1 | Q17: =P17*O17 -> 12.5
A18: ="W"&WEEKNUM(B18,21) -> W41 | B18: 46304 | G18: Machining | H18: P26 | I18: Recorder/ Supporter | J18: Machining | K18: quét nhà toàn xưởng khu vực ASSY | L18: Supporter | M18: 0.3125 | N18: 0.83333333 | O18: =(N18-M18)*24 -> 12.5 | P18: 1 | Q18: =P18*O18 -> 12.5
A19: ="W"&WEEKNUM(B19,21) -> W41 | B19: 46304 | G19: Machining | H19: P26 | I19: Recorder/ Supporter | J19: Machining | K19: Theo hàng pilot -hàng test-spo-subcon-NCR | L19: Recorder | M19: 0.3125 | N19: 0.83333333 | O19: =(N19-M19)*24 -> 12.5 | P19: 1 | Q19: =P19*O19 -> 12.5
... A22: ="W"&WEEKNUM(B22,21) -> W41 | B22: 46304 | G22: Assembly | H22: P26 | I22: Recorder/ Supporter | J22: Assembly | K22: Giao nhận HW- phát HW cho Line sx | L22: Supporter | M22: 0.3125 | N22: 0.83333333 | O22: =(N22-M22)*24 -> 12.5 | P22: 1 | Q22: =P22*O22 -> 12.5
A23: ="W"&WEEKNUM(B23,21) -> W41 | B23: 46304 | G23: Assembly | H23: P22 | I23: HR Training New Workers | J23: HR/HSE | K23: Đào tạo công nhân mới | M23: 0.33333333 | N23: 0.66666667 | O23: =(N23-M23)*24 -> 8 | P23: 6 | Q23: =P23*O23 -> 48
A24: ="W"&WEEKNUM(B24,21) -> W41 | B24: 46304 | G24: Raw Cutting Panel | H24: P22 | I24: HR Training New Workers | J24: HR/HSE | K24: Đào tạo công nhân mới | M24: 0.33333333 | N24: 0.66666667 | O24: =(N24-M24)*24 -> 8 | P24: 2 | Q24: =P24*O24 -> 16
A25: ="W"&WEEKNUM(B25,21) -> W41 | B25: 46304 | G25: Assembly | H25: A2 | I25: Training | J25: HR/HSE | K25: HC mới- 50% hiệu suất- 2 tuần-18/9 | L25: A2 ngày 9/12 - nhóm 18/9 | M25: 0.3125 | N25: 0.5 | O25: =(N25-M25)*24 -> 4.5 | P25: 7 | Q25: =P25*O25 -> 31.5
A26: ="W"&WEEKNUM(B26,21) -> W41 | B26: 46304 | G26: Assembly | H26: A2 | I26: Training | J26: HR/HSE | K26: HC mới- 50% hiệu suất- 2 tuần-24/9 | L26: A2 ngày 9/12 - nhóm 24/9 | M26: 0.3125 | N26: 0.5 | O26: =(N26-M26)*24 -> 4.5 | P26: 5 | Q26: =P26*O26 -> 22.5
A27: ="W"&WEEKNUM(B27,21) -> W41 | B27: 46304 | G27: Assembly | H27: A2 | I27: Training | J27: HR/HSE | K27: HC mới- 50% hiệu suất- 2 tuần-25/9 | L27: A2 ngày 9/12 - nhóm 25/9 | M27: 0.3125 | N27: 0.5 | O27: =(N27-M27)*24 -> 4.5 | P27: 1 | Q27: =P27*O27 -> 4.5
A28: ="W"&WEEKNUM(B28,21) -> W41 | B28: 46304 | G28: Assembly | H28: A2 | I28: Training | J28: HR/HSE | K28: HC mới- 50% hiệu suất- 2 tuần-28/9 | L28: A2 ngày 10/12 - nhóm 28/9 | M28: 0.3125 | N28: 0.5 | O28: =(N28-M28)*24 -> 4.5 | P28: 3 | Q28: =P28*O28 -> 13.5
A29: ="W"&WEEKNUM(B29,21) -> W41 | B29: 46304 | G29: Machining | H29: A2 | I29: Training | J29: HR/HSE | K29: HC mới- 50% hiệu suất- 2 tuần-21/9 | L29: A2 ngày 9/12 - nhóm 21/9 | M29: 0.3125 | N29: 0.5 | O29: =(N29-M29)*24 -> 4.5 | P29: 2 | Q29: =P29*O29 -> 9
A30: ="W"&WEEKNUM(B30,21) -> W41 | B30: 46304 | G30: Machining | H30: A2 | I30: Training | J30: HR/HSE | K30: HC mới- 50% hiệu suất- 2 tuần-22/9 | L30: A2 ngày 9/12 - nhóm 22/9 | M30: 0.3125 | N30: 0.5 | O30: =(N30-M30)*24 -> 4.5 | P30: 4 | Q30: =P30*O30 -> 18
A31: ="W"&WEEKNUM(B31,21) -> W41 | B31: 46304 | G31: Machining | H31: A2 | I31: Training | J31: HR/HSE | K31: HC mới- 50% hiệu suất- 2 tuần-24/9 | L31: A2 ngày 9/12 - nhóm 24/9 | M31: 0.3125 | N31: 0.5 | O31: =(N31-M31)*24 -> 4.5 | P31: 3 | Q31: =P31*O31 -> 13.5
A32: ="W"&WEEKNUM(B32,21) -> W41 | B32: 46304 | G32: Machining | H32: A2 | I32: Training | J32: HR/HSE | K32: HC mới- 50% hiệu suất- 2 tuần-25/9 | L32: A2 ngày 9/12 - nhóm 25/9 | M32: 0.3125 | N32: 0.5 | O32: =(N32-M32)*24 -> 4.5 | P32: 1 | Q32: =P32*O32 -> 4.5
A33: ="W"&WEEKNUM(B33,21) -> W41 | B33: 46304 | G33: RC | H33: A2 | I33: Training | J33: HR/HSE | K33: HC mới- 50% hiệu suất- 2 tuần-22/9 | L33: A2 ngày 9/12 - nhóm 22/9 | M33: 0.3125 | N33: 0.5 | O33: =(N33-M33)*24 -> 4.5 | P33: 1 | Q33: =P33*O33 -> 4.5
A34: ="W"&WEEKNUM(B34,21) -> W41 | B34: 46304 | G34: RC | H34: A2 | I34: Training | J34: HR/HSE | K34: HC mới- 50% hiệu suất- 2 tuần-23/9 | L34: A2 ngày 9/12 - nhóm 23/9 | M34: 0.3125 | N34: 0.5 | O34: =(N34-M34)*24 -> 4.5 | P34: 1 | Q34: =P34*O34 -> 4.5
A35: ="W"&WEEKNUM(B35,21) -> W41 | B35: 46304 | G35: RC | H35: A2 | I35: Training | J35: HR/HSE | K35: HC mới- 50% hiệu suất- 2 tuần-24/9 | L35: A2 ngày 9/12 - nhóm 24/9 | M35: 0.3125 | N35: 0.5 | O35: =(N35-M35)*24 -> 4.5 | P35: 2 | Q35: =P35*O35 -> 9
A36: ="W"&WEEKNUM(B36,21) -> W41 | B36: 46304 | G36: RC | H36: A2 | I36: Training | J36: HR/HSE | K36: HC mới- 50% hiệu suất- 2 tuần-26/9 | L36: A2 ngày 9/12 - nhóm 26/9 | M36: 0.3125 | N36: 0.5 | O36: =(N36-M36)*24 -> 4.5 | P36: 1 | Q36: =P36*O36 -> 4.5
... A46: ="W"&WEEKNUM(B46,21) -> W41 | B46: 46304 | G46: Machining | H46: A2 | I46: Training | J46: HR/HSE | K46: HC mới- 50% hiệu suất- 2 tuần-08/10 | L46: A2 ngày 1/12 - nhóm 08/10 | M46: 0.3125 | N46: 0.5 | O46: =(N46-M46)*24 -> 4.5 | P46: 3 | Q46: =P46*O46 -> 13.5
P47: Tổng | Q47: =SUM(Q3:Q46) -> 637.5
A49: Vàng = nhân viên mới ngày đầu (P22). Xanh = nhân viên đang ghi A2 (cột Ghi chú cho biết ngày thứ mấy trong 12 ngày).

Sheet Loss time 10-10
A1: LOSS TIME WHITE WOOD - 10/10/2026
A2: Week | B2: Date (Ngày) | C2: Item's Mã hàng | D2: Code Máy Hư | E2: Q'ty | F2: Số NCR/ME | G2: Khu vực phát sinh/bộ phận hỗ trợ | H2: Code | I2: Name code | J2: Chart / bộ phận chịu trách nhiệm | K2: Lí Do | L2: Ghi chú | M2: From | N2: To | O2: LossTime (Hr) | P2: HC | Q2: Loss time labor (Hrs)
A3: ="W"&WEEKNUM(B3,21) -> W41 | B3: 46305 | G3: RC - WOOD | H3: P20 | I3: Dailly Cleaning | J3: RC WOOD | K3: Vệ sinh khu vực máy móc RC WOOD | M3: 0.29166667 | N3: 0.3125 | O3: =(N3-M3)*24 -> 0.5 | P3: 7 | Q3: =P3*O3 -> 3.5
A4: ="W"&WEEKNUM(B4,21) -> W41 | B4: 46305 | G4: RC - PANEL | H4: P20 | I4: Dailly Cleaning | J4: RC - PANEL | K4: Vệ sinh khu vực máy móc RC PANEL | M4: 0.29166667 | N4: 0.3125 | O4: =(N4-M4)*24 -> 0.5 | P4: 18 | Q4: =P4*O4 -> 9
A5: ="W"&WEEKNUM(B5,21) -> W41 | B5: 46305 | G5: Machining | H5: P20 | I5: Dailly Cleaning | J5: Machining | K5: Vệ sinh khu vực máy móc MAC FINAL | M5: 0.29166667 | N5: 0.3125 | O5: =(N5-M5)*24 -> 0.5 | P5: 7 | Q5: =P5*O5 -> 3.5
A6: ="W"&WEEKNUM(B6,21) -> W41 | B6: 46305 | G6: Machining | H6: P20 | I6: Dailly Cleaning | J6: Machining | K6: Vệ sinh khu vực máy móc PRE MAC | M6: 0.29166667 | N6: 0.3125 | O6: =(N6-M6)*24 -> 0.5 | P6: 12 | Q6: =P6*O6 -> 6
A7: ="W"&WEEKNUM(B7,21) -> W41 | B7: 46305 | G7: Assembly | H7: P20 | I7: Dailly Cleaning | J7: Assembly | K7: Quét nhà toàn xưởng khu vực ASSY | M7: 0.3125 | N7: 0.64583333 | O7: =(N7-M7)*24 -> 8 | P7: 2 | Q7: =P7*O7 -> 16
A8: ="W"&WEEKNUM(B8,21) -> W41 | B8: 46305 | G8: RC - PANEL | H8: P26 | I8: Recorder/ Supporter | J8: RC - PANEL | K8: Shop Floor data RC PANEL | L8: Recorder | M8: 0.3125 | N8: 0.64583333 | O8: =(N8-M8)*24 -> 8 | P8: 4 | Q8: =P8*O8 -> 32
A9: ="W"&WEEKNUM(B9,21) -> W41 | B9: 46305 | G9: Machining | H9: P26 | I9: Recorder/ Supporter | J9: Machining | K9: Shop Floor data- STOCK ROOM | L9: Recorder | M9: 0.3125 | N9: 0.64583333 | O9: =(N9-M9)*24 -> 8 | P9: 1 | Q9: =P9*O9 -> 8
A10: ="W"&WEEKNUM(B10,21) -> W41 | B10: 46305 | G10: Machining | H10: P26 | I10: Recorder/ Supporter | J10: Machining | K10: Shop Floor data MAC FINAL | L10: Recorder | M10: 0.3125 | N10: 0.64583333 | O10: =(N10-M10)*24 -> 8 | P10: 1 | Q10: =P10*O10 -> 8
A11: ="W"&WEEKNUM(B11,21) -> W41 | B11: 46305 | G11: RC - PANEL | H11: P26 | I11: Recorder/ Supporter | J11: RC - PANEL | K11: Theo dõi Hàng venner làm xong | L11: Recorder | M11: 0.3125 | N11: 0.64583333 | O11: =(N11-M11)*24 -> 8 | P11: 1 | Q11: =P11*O11 -> 8
A12: ="W"&WEEKNUM(B12,21) -> W41 | B12: 46305 | G12: RC - PANEL | H12: P26 | I12: Recorder/ Supporter | J12: RC - PANEL | K12: Nhận venner cho ép nóng | L12: Supporter | M12: 0.3125 | N12: 0.64583333 | O12: =(N12-M12)*24 -> 8 | P12: 1 | Q12: =P12*O12 -> 8
A13: ="W"&WEEKNUM(B13,21) -> W41 | B13: 46305 | G13: RC - WOOD | H13: P26 | I13: Recorder/ Supporter | J13: RC WOOD | K13: Lựa hàng tinh giao mac- gỗ đẹp xấu | L13: Supporter | M13: 0.3125 | N13: 0.64583333 | O13: =(N13-M13)*24 -> 8 | P13: 1 | Q13: =P13*O13 -> 8
A14: ="W"&WEEKNUM(B14,21) -> W41 | B14: 46305 | G14: RC - PANEL | H14: P26 | I14: Recorder/ Supporter | J14: RC - PANEL | K14: Ghi nhận hàng giao kho | L14: Recorder | M14: 0.3125 | N14: 0.64583333 | O14: =(N14-M14)*24 -> 8 | P14: 1 | Q14: =P14*O14 -> 8
A15: ="W"&WEEKNUM(B15,21) -> W41 | B15: 46305 | G15: RC - PANEL | H15: P26 | I15: Recorder/ Supporter | J15: RC - PANEL | K15: Kiểm hàng chất lượng vào kho | L15: Supporter | M15: 0.3125 | N15: 0.64583333 | O15: =(N15-M15)*24 -> 8 | P15: 1 | Q15: =P15*O15 -> 8
A16: ="W"&WEEKNUM(B16,21) -> W41 | B16: 46305 | G16: RC - PANEL | H16: P26 | I16: Recorder/ Supporter | J16: Machining | K16: Nhận hàng gỗ đầu vào từ RC | L16: Supporter | M16: 0.3125 | N16: 0.64583333 | O16: =(N16-M16)*24 -> 8 | P16: 1 | Q16: =P16*O16 -> 8
A17: ="W"&WEEKNUM(B17,21) -> W41 | B17: 46305 | G17: Machining | H17: P26 | I17: Recorder/ Supporter | J17: Machining | K17: Ghi nhận hàng giao kho | L17: Recorder | M17: 0.3125 | N17: 0.64583333 | O17: =(N17-M17)*24 -> 8 | P17: 1 | Q17: =P17*O17 -> 8
A18: ="W"&WEEKNUM(B18,21) -> W41 | B18: 46305 | G18: Machining | H18: P26 | I18: Recorder/ Supporter | J18: Machining | K18: quét nhà toàn xưởng khu vực ASSY | L18: Supporter | M18: 0.3125 | N18: 0.64583333 | O18: =(N18-M18)*24 -> 8 | P18: 1 | Q18: =P18*O18 -> 8
A19: ="W"&WEEKNUM(B19,21) -> W41 | B19: 46305 | G19: Machining | H19: P26 | I19: Recorder/ Supporter | J19: Machining | K19: Theo hàng pilot -hàng test-spo-subcon-NCR | L19: Recorder | M19: 0.3125 | N19: 0.64583333 | O19: =(N19-M19)*24 -> 8 | P19: 1 | Q19: =P19*O19 -> 8
... A46: ="W"&WEEKNUM(B46,21) -> W41 | B46: 46305 | G46: Raw Cutting Panel | H46: A2 | I46: Training | J46: HR/HSE | K46: HC mới- 50% hiệu suất- 2 tuần-09/10 | L46: A2 ngày 1/12 - nhóm 09/10 | M46: 0.3125 | N46: 0.5 | O46: =(N46-M46)*24 -> 4.5 | P46: 2 | Q46: =P46*O46 -> 9
P47: Tổng | Q47: =SUM(Q3:Q46) -> 519.5
A49: Vàng = nhân viên mới ngày đầu (P22). Xanh = nhân viên đang ghi A2 (cột Ghi chú cho biết ngày thứ mấy trong 12 ngày).

Sheet Loss time 12-10
A1: LOSS TIME WHITE WOOD - 12/10/2026
A2: Week | B2: Date (Ngày) | C2: Item's Mã hàng | D2: Code Máy Hư | E2: Q'ty | F2: Số NCR/ME | G2: Khu vực phát sinh/bộ phận hỗ trợ | H2: Code | I2: Name code | J2: Chart / bộ phận chịu trách nhiệm | K2: Lí Do | L2: Ghi chú | M2: From | N2: To | O2: LossTime (Hr) | P2: HC | Q2: Loss time labor (Hrs)
A3: ="W"&WEEKNUM(B3,21) -> W42 | B3: 46307 | G3: RC - WOOD | H3: P20 | I3: Dailly Cleaning | J3: RC WOOD | K3: Vệ sinh khu vực máy móc RC WOOD | M3: 0.29166667 | N3: 0.3125 | O3: =(N3-M3)*24 -> 0.5 | P3: 7 | Q3: =P3*O3 -> 3.5
A4: ="W"&WEEKNUM(B4,21) -> W42 | B4: 46307 | G4: RC - PANEL | H4: P20 | I4: Dailly Cleaning | J4: RC - PANEL | K4: Vệ sinh khu vực máy móc RC PANEL | M4: 0.29166667 | N4: 0.3125 | O4: =(N4-M4)*24 -> 0.5 | P4: 18 | Q4: =P4*O4 -> 9
A5: ="W"&WEEKNUM(B5,21) -> W42 | B5: 46307 | G5: Machining | H5: P20 | I5: Dailly Cleaning | J5: Machining | K5: Vệ sinh khu vực máy móc MAC FINAL | M5: 0.29166667 | N5: 0.3125 | O5: =(N5-M5)*24 -> 0.5 | P5: 7 | Q5: =P5*O5 -> 3.5
A6: ="W"&WEEKNUM(B6,21) -> W42 | B6: 46307 | G6: Machining | H6: P20 | I6: Dailly Cleaning | J6: Machining | K6: Vệ sinh khu vực máy móc PRE MAC | M6: 0.29166667 | N6: 0.3125 | O6: =(N6-M6)*24 -> 0.5 | P6: 12 | Q6: =P6*O6 -> 6
A7: ="W"&WEEKNUM(B7,21) -> W42 | B7: 46307 | G7: Assembly | H7: P20 | I7: Dailly Cleaning | J7: Assembly | K7: Quét nhà toàn xưởng khu vực ASSY | M7: 0.3125 | N7: 0.83333333 | O7: =(N7-M7)*24 -> 12.5 | P7: 2 | Q7: =P7*O7 -> 25
A8: ="W"&WEEKNUM(B8,21) -> W42 | B8: 46307 | G8: RC - PANEL | H8: P26 | I8: Recorder/ Supporter | J8: RC - PANEL | K8: Shop Floor data RC PANEL | L8: Recorder | M8: 0.3125 | N8: 0.83333333 | O8: =(N8-M8)*24 -> 12.5 | P8: 4 | Q8: =P8*O8 -> 50
A9: ="W"&WEEKNUM(B9,21) -> W42 | B9: 46307 | G9: Machining | H9: P26 | I9: Recorder/ Supporter | J9: Machining | K9: Shop Floor data- STOCK ROOM | L9: Recorder | M9: 0.3125 | N9: 0.83333333 | O9: =(N9-M9)*24 -> 12.5 | P9: 1 | Q9: =P9*O9 -> 12.5
A10: ="W"&WEEKNUM(B10,21) -> W42 | B10: 46307 | G10: Machining | H10: P26 | I10: Recorder/ Supporter | J10: Machining | K10: Shop Floor data MAC FINAL | L10: Recorder | M10: 0.3125 | N10: 0.83333333 | O10: =(N10-M10)*24 -> 12.5 | P10: 1 | Q10: =P10*O10 -> 12.5
A11: ="W"&WEEKNUM(B11,21) -> W42 | B11: 46307 | G11: RC - PANEL | H11: P26 | I11: Recorder/ Supporter | J11: RC - PANEL | K11: Theo dõi Hàng venner làm xong | L11: Recorder | M11: 0.3125 | N11: 0.83333333 | O11: =(N11-M11)*24 -> 12.5 | P11: 1 | Q11: =P11*O11 -> 12.5
A12: ="W"&WEEKNUM(B12,21) -> W42 | B12: 46307 | G12: RC - PANEL | H12: P26 | I12: Recorder/ Supporter | J12: RC - PANEL | K12: Nhận venner cho ép nóng | L12: Supporter | M12: 0.3125 | N12: 0.83333333 | O12: =(N12-M12)*24 -> 12.5 | P12: 1 | Q12: =P12*O12 -> 12.5
A13: ="W"&WEEKNUM(B13,21) -> W42 | B13: 46307 | G13: RC - WOOD | H13: P26 | I13: Recorder/ Supporter | J13: RC WOOD | K13: Lựa hàng tinh giao mac- gỗ đẹp xấu | L13: Supporter | M13: 0.3125 | N13: 0.83333333 | O13: =(N13-M13)*24 -> 12.5 | P13: 1 | Q13: =P13*O13 -> 12.5
A14: ="W"&WEEKNUM(B14,21) -> W42 | B14: 46307 | G14: RC - PANEL | H14: P26 | I14: Recorder/ Supporter | J14: RC - PANEL | K14: Ghi nhận hàng giao kho | L14: Recorder | M14: 0.3125 | N14: 0.83333333 | O14: =(N14-M14)*24 -> 12.5 | P14: 1 | Q14: =P14*O14 -> 12.5
A15: ="W"&WEEKNUM(B15,21) -> W42 | B15: 46307 | G15: RC - PANEL | H15: P26 | I15: Recorder/ Supporter | J15: RC - PANEL | K15: Kiểm hàng chất lượng vào kho | L15: Supporter | M15: 0.3125 | N15: 0.83333333 | O15: =(N15-M15)*24 -> 12.5 | P15: 1 | Q15: =P15*O15 -> 12.5
A16: ="W"&WEEKNUM(B16,21) -> W42 | B16: 46307 | G16: RC - PANEL | H16: P26 | I16: Recorder/ Supporter | J16: Machining | K16: Nhận hàng gỗ đầu vào từ RC | L16: Supporter | M16: 0.3125 | N16: 0.83333333 | O16: =(N16-M16)*24 -> 12.5 | P16: 1 | Q16: =P16*O16 -> 12.5
A17: ="W"&WEEKNUM(B17,21) -> W42 | B17: 46307 | G17: Machining | H17: P26 | I17: Recorder/ Supporter | J17: Machining | K17: Ghi nhận hàng giao kho | L17: Recorder | M17: 0.3125 | N17: 0.83333333 | O17: =(N17-M17)*24 -> 12.5 | P17: 1 | Q17: =P17*O17 -> 12.5
A18: ="W"&WEEKNUM(B18,21) -> W42 | B18: 46307 | G18: Machining | H18: P26 | I18: Recorder/ Supporter | J18: Machining | K18: quét nhà toàn xưởng khu vực ASSY | L18: Supporter | M18: 0.3125 | N18: 0.83333333 | O18: =(N18-M18)*24 -> 12.5 | P18: 1 | Q18: =P18*O18 -> 12.5
A19: ="W"&WEEKNUM(B19,21) -> W42 | B19: 46307 | G19: Machining | H19: P26 | I19: Recorder/ Supporter | J19: Machining | K19: Theo hàng pilot -hàng test-spo-subcon-NCR | L19: Recorder | M19: 0.3125 | N19: 0.83333333 | O19: =(N19-M19)*24 -> 12.5 | P19: 1 | Q19: =P19*O19 -> 12.5
... A22: ="W"&WEEKNUM(B22,21) -> W42 | B22: 46307 | G22: Assembly | H22: P26 | I22: Recorder/ Supporter | J22: Assembly | K22: Giao nhận HW- phát HW cho Line sx | L22: Supporter | M22: 0.3125 | N22: 0.83333333 | O22: =(N22-M22)*24 -> 12.5 | P22: 1 | Q22: =P22*O22 -> 12.5
A23: ="W"&WEEKNUM(B23,21) -> W42 | B23: 46307 | G23: Assembly | H23: P22 | I23: HR Training New Workers | J23: HR/HSE | K23: Đào tạo công nhân mới | M23: 0.33333333 | N23: 0.66666667 | O23: =(N23-M23)*24 -> 8 | P23: 2 | Q23: =P23*O23 -> 16
A24: ="W"&WEEKNUM(B24,21) -> W42 | B24: 46307 | G24: Raw Cutting Panel | H24: P22 | I24: HR Training New Workers | J24: HR/HSE | K24: Đào tạo công nhân mới | M24: 0.33333333 | N24: 0.66666667 | O24: =(N24-M24)*24 -> 8 | P24: 1 | Q24: =P24*O24 -> 8
A25: ="W"&WEEKNUM(B25,21) -> W42 | B25: 46307 | G25: Assembly | H25: A2 | I25: Training | J25: HR/HSE | K25: HC mới- 50% hiệu suất- 2 tuần-18/9 | L25: A2 ngày 11/12 - nhóm 18/9 | M25: 0.3125 | N25: 0.5 | O25: =(N25-M25)*24 -> 4.5 | P25: 7 | Q25: =P25*O25 -> 31.5
A26: ="W"&WEEKNUM(B26,21) -> W42 | B26: 46307 | G26: Assembly | H26: A2 | I26: Training | J26: HR/HSE | K26: HC mới- 50% hiệu suất- 2 tuần-24/9 | L26: A2 ngày 11/12 - nhóm 24/9 | M26: 0.3125 | N26: 0.5 | O26: =(N26-M26)*24 -> 4.5 | P26: 5 | Q26: =P26*O26 -> 22.5
A27: ="W"&WEEKNUM(B27,21) -> W42 | B27: 46307 | G27: Assembly | H27: A2 | I27: Training | J27: HR/HSE | K27: HC mới- 50% hiệu suất- 2 tuần-25/9 | L27: A2 ngày 11/12 - nhóm 25/9 | M27: 0.3125 | N27: 0.5 | O27: =(N27-M27)*24 -> 4.5 | P27: 1 | Q27: =P27*O27 -> 4.5
A28: ="W"&WEEKNUM(B28,21) -> W42 | B28: 46307 | G28: Assembly | H28: A2 | I28: Training | J28: HR/HSE | K28: HC mới- 50% hiệu suất- 2 tuần-28/9 | L28: A2 ngày 12/12 - nhóm 28/9 | M28: 0.3125 | N28: 0.5 | O28: =(N28-M28)*24 -> 4.5 | P28: 3 | Q28: =P28*O28 -> 13.5
A29: ="W"&WEEKNUM(B29,21) -> W42 | B29: 46307 | G29: Machining | H29: A2 | I29: Training | J29: HR/HSE | K29: HC mới- 50% hiệu suất- 2 tuần-21/9 | L29: A2 ngày 11/12 - nhóm 21/9 | M29: 0.3125 | N29: 0.5 | O29: =(N29-M29)*24 -> 4.5 | P29: 2 | Q29: =P29*O29 -> 9
A30: ="W"&WEEKNUM(B30,21) -> W42 | B30: 46307 | G30: Machining | H30: A2 | I30: Training | J30: HR/HSE | K30: HC mới- 50% hiệu suất- 2 tuần-22/9 | L30: A2 ngày 11/12 - nhóm 22/9 | M30: 0.3125 | N30: 0.5 | O30: =(N30-M30)*24 -> 4.5 | P30: 4 | Q30: =P30*O30 -> 18
A31: ="W"&WEEKNUM(B31,21) -> W42 | B31: 46307 | G31: Machining | H31: A2 | I31: Training | J31: HR/HSE | K31: HC mới- 50% hiệu suất- 2 tuần-24/9 | L31: A2 ngày 11/12 - nhóm 24/9 | M31: 0.3125 | N31: 0.5 | O31: =(N31-M31)*24 -> 4.5 | P31: 3 | Q31: =P31*O31 -> 13.5
A32: ="W"&WEEKNUM(B32,21) -> W42 | B32: 46307 | G32: Machining | H32: A2 | I32: Training | J32: HR/HSE | K32: HC mới- 50% hiệu suất- 2 tuần-25/9 | L32: A2 ngày 11/12 - nhóm 25/9 | M32: 0.3125 | N32: 0.5 | O32: =(N32-M32)*24 -> 4.5 | P32: 1 | Q32: =P32*O32 -> 4.5
A33: ="W"&WEEKNUM(B33,21) -> W42 | B33: 46307 | G33: RC | H33: A2 | I33: Training | J33: HR/HSE | K33: HC mới- 50% hiệu suất- 2 tuần-22/9 | L33: A2 ngày 11/12 - nhóm 22/9 | M33: 0.3125 | N33: 0.5 | O33: =(N33-M33)*24 -> 4.5 | P33: 1 | Q33: =P33*O33 -> 4.5
A34: ="W"&WEEKNUM(B34,21) -> W42 | B34: 46307 | G34: RC | H34: A2 | I34: Training | J34: HR/HSE | K34: HC mới- 50% hiệu suất- 2 tuần-23/9 | L34: A2 ngày 11/12 - nhóm 23/9 | M34: 0.3125 | N34: 0.5 | O34: =(N34-M34)*24 -> 4.5 | P34: 1 | Q34: =P34*O34 -> 4.5
A35: ="W"&WEEKNUM(B35,21) -> W42 | B35: 46307 | G35: RC | H35: A2 | I35: Training | J35: HR/HSE | K35: HC mới- 50% hiệu suất- 2 tuần-24/9 | L35: A2 ngày 11/12 - nhóm 24/9 | M35: 0.3125 | N35: 0.5 | O35: =(N35-M35)*24 -> 4.5 | P35: 2 | Q35: =P35*O35 -> 9
A36: ="W"&WEEKNUM(B36,21) -> W42 | B36: 46307 | G36: RC | H36: A2 | I36: Training | J36: HR/HSE | K36: HC mới- 50% hiệu suất- 2 tuần-26/9 | L36: A2 ngày 11/12 - nhóm 26/9 | M36: 0.3125 | N36: 0.5 | O36: =(N36-M36)*24 -> 4.5 | P36: 1 | Q36: =P36*O36 -> 4.5
... A48: ="W"&WEEKNUM(B48,21) -> W42 | B48: 46307 | G48: Raw Cutting Panel | H48: A2 | I48: Training | J48: HR/HSE | K48: HC mới- 50% hiệu suất- 2 tuần-09/10 | L48: A2 ngày 2/12 - nhóm 09/10 | M48: 0.3125 | N48: 0.5 | O48: =(N48-M48)*24 -> 4.5 | P48: 2 | Q48: =P48*O48 -> 9
P49: Tổng | Q49: =SUM(Q3:Q48) -> 633.5
A51: Vàng = nhân viên mới ngày đầu (P22). Xanh = nhân viên đang ghi A2 (cột Ghi chú cho biết ngày thứ mấy trong 12 ngày).

Sheet Loss time 13-10
A1: LOSS TIME WHITE WOOD - 13/10/2026
A2: Week | B2: Date (Ngày) | C2: Item's Mã hàng | D2: Code Máy Hư | E2: Q'ty | F2: Số NCR/ME | G2: Khu vực phát sinh/bộ phận hỗ trợ | H2: Code | I2: Name code | J2: Chart / bộ phận chịu trách nhiệm | K2: Lí Do | L2: Ghi chú | M2: From | N2: To | O2: LossTime (Hr) | P2: HC | Q2: Loss time labor (Hrs)
A3: ="W"&WEEKNUM(B3,21) -> W42 | B3: 46308 | G3: RC - WOOD | H3: P20 | I3: Dailly Cleaning | J3: RC WOOD | K3: Vệ sinh khu vực máy móc RC WOOD | M3: 0.29166667 | N3: 0.3125 | O3: =(N3-M3)*24 -> 0.5 | P3: 7 | Q3: =P3*O3 -> 3.5
A4: ="W"&WEEKNUM(B4,21) -> W42 | B4: 46308 | G4: RC - PANEL | H4: P20 | I4: Dailly Cleaning | J4: RC - PANEL | K4: Vệ sinh khu vực máy móc RC PANEL | M4: 0.29166667 | N4: 0.3125 | O4: =(N4-M4)*24 -> 0.5 | P4: 18 | Q4: =P4*O4 -> 9
A5: ="W"&WEEKNUM(B5,21) -> W42 | B5: 46308 | G5: Machining | H5: P20 | I5: Dailly Cleaning | J5: Machining | K5: Vệ sinh khu vực máy móc MAC FINAL | M5: 0.29166667 | N5: 0.3125 | O5: =(N5-M5)*24 -> 0.5 | P5: 7 | Q5: =P5*O5 -> 3.5
A6: ="W"&WEEKNUM(B6,21) -> W42 | B6: 46308 | G6: Machining | H6: P20 | I6: Dailly Cleaning | J6: Machining | K6: Vệ sinh khu vực máy móc PRE MAC | M6: 0.29166667 | N6: 0.3125 | O6: =(N6-M6)*24 -> 0.5 | P6: 12 | Q6: =P6*O6 -> 6
A7: ="W"&WEEKNUM(B7,21) -> W42 | B7: 46308 | G7: Assembly | H7: P20 | I7: Dailly Cleaning | J7: Assembly | K7: Quét nhà toàn xưởng khu vực ASSY | M7: 0.3125 | N7: 0.83333333 | O7: =(N7-M7)*24 -> 12.5 | P7: 2 | Q7: =P7*O7 -> 25
A8: ="W"&WEEKNUM(B8,21) -> W42 | B8: 46308 | G8: RC - PANEL | H8: P26 | I8: Recorder/ Supporter | J8: RC - PANEL | K8: Shop Floor data RC PANEL | L8: Recorder | M8: 0.3125 | N8: 0.83333333 | O8: =(N8-M8)*24 -> 12.5 | P8: 4 | Q8: =P8*O8 -> 50
A9: ="W"&WEEKNUM(B9,21) -> W42 | B9: 46308 | G9: Machining | H9: P26 | I9: Recorder/ Supporter | J9: Machining | K9: Shop Floor data- STOCK ROOM | L9: Recorder | M9: 0.3125 | N9: 0.83333333 | O9: =(N9-M9)*24 -> 12.5 | P9: 1 | Q9: =P9*O9 -> 12.5
A10: ="W"&WEEKNUM(B10,21) -> W42 | B10: 46308 | G10: Machining | H10: P26 | I10: Recorder/ Supporter | J10: Machining | K10: Shop Floor data MAC FINAL | L10: Recorder | M10: 0.3125 | N10: 0.83333333 | O10: =(N10-M10)*24 -> 12.5 | P10: 1 | Q10: =P10*O10 -> 12.5
A11: ="W"&WEEKNUM(B11,21) -> W42 | B11: 46308 | G11: RC - PANEL | H11: P26 | I11: Recorder/ Supporter | J11: RC - PANEL | K11: Theo dõi Hàng venner làm xong | L11: Recorder | M11: 0.3125 | N11: 0.83333333 | O11: =(N11-M11)*24 -> 12.5 | P11: 1 | Q11: =P11*O11 -> 12.5
A12: ="W"&WEEKNUM(B12,21) -> W42 | B12: 46308 | G12: RC - PANEL | H12: P26 | I12: Recorder/ Supporter | J12: RC - PANEL | K12: Nhận venner cho ép nóng | L12: Supporter | M12: 0.3125 | N12: 0.83333333 | O12: =(N12-M12)*24 -> 12.5 | P12: 1 | Q12: =P12*O12 -> 12.5
A13: ="W"&WEEKNUM(B13,21) -> W42 | B13: 46308 | G13: RC - WOOD | H13: P26 | I13: Recorder/ Supporter | J13: RC WOOD | K13: Lựa hàng tinh giao mac- gỗ đẹp xấu | L13: Supporter | M13: 0.3125 | N13: 0.83333333 | O13: =(N13-M13)*24 -> 12.5 | P13: 1 | Q13: =P13*O13 -> 12.5
A14: ="W"&WEEKNUM(B14,21) -> W42 | B14: 46308 | G14: RC - PANEL | H14: P26 | I14: Recorder/ Supporter | J14: RC - PANEL | K14: Ghi nhận hàng giao kho | L14: Recorder | M14: 0.3125 | N14: 0.83333333 | O14: =(N14-M14)*24 -> 12.5 | P14: 1 | Q14: =P14*O14 -> 12.5
A15: ="W"&WEEKNUM(B15,21) -> W42 | B15: 46308 | G15: RC - PANEL | H15: P26 | I15: Recorder/ Supporter | J15: RC - PANEL | K15: Kiểm hàng chất lượng vào kho | L15: Supporter | M15: 0.3125 | N15: 0.83333333 | O15: =(N15-M15)*24 -> 12.5 | P15: 1 | Q15: =P15*O15 -> 12.5
A16: ="W"&WEEKNUM(B16,21) -> W42 | B16: 46308 | G16: RC - PANEL | H16: P26 | I16: Recorder/ Supporter | J16: Machining | K16: Nhận hàng gỗ đầu vào từ RC | L16: Supporter | M16: 0.3125 | N16: 0.83333333 | O16: =(N16-M16)*24 -> 12.5 | P16: 1 | Q16: =P16*O16 -> 12.5
A17: ="W"&WEEKNUM(B17,21) -> W42 | B17: 46308 | G17: Machining | H17: P26 | I17: Recorder/ Supporter | J17: Machining | K17: Ghi nhận hàng giao kho | L17: Recorder | M17: 0.3125 | N17: 0.83333333 | O17: =(N17-M17)*24 -> 12.5 | P17: 1 | Q17: =P17*O17 -> 12.5
A18: ="W"&WEEKNUM(B18,21) -> W42 | B18: 46308 | G18: Machining | H18: P26 | I18: Recorder/ Supporter | J18: Machining | K18: quét nhà toàn xưởng khu vực ASSY | L18: Supporter | M18: 0.3125 | N18: 0.83333333 | O18: =(N18-M18)*24 -> 12.5 | P18: 1 | Q18: =P18*O18 -> 12.5
A19: ="W"&WEEKNUM(B19,21) -> W42 | B19: 46308 | G19: Machining | H19: P26 | I19: Recorder/ Supporter | J19: Machining | K19: Theo hàng pilot -hàng test-spo-subcon-NCR | L19: Recorder | M19: 0.3125 | N19: 0.83333333 | O19: =(N19-M19)*24 -> 12.5 | P19: 1 | Q19: =P19*O19 -> 12.5
... A22: ="W"&WEEKNUM(B22,21) -> W42 | B22: 46308 | G22: Assembly | H22: P26 | I22: Recorder/ Supporter | J22: Assembly | K22: Giao nhận HW- phát HW cho Line sx | L22: Supporter | M22: 0.3125 | N22: 0.83333333 | O22: =(N22-M22)*24 -> 12.5 | P22: 1 | Q22: =P22*O22 -> 12.5
A23: ="W"&WEEKNUM(B23,21) -> W42 | B23: 46308 | G23: Assembly | H23: P22 | I23: HR Training New Workers | J23: HR/HSE | K23: Đào tạo công nhân mới | M23: 0.33333333 | N23: 0.66666667 | O23: =(N23-M23)*24 -> 8 | P23: 2 | Q23: =P23*O23 -> 16
A24: ="W"&WEEKNUM(B24,21) -> W42 | B24: 46308 | G24: Raw Cutting Panel | H24: P22 | I24: HR Training New Workers | J24: HR/HSE | K24: Đào tạo công nhân mới | M24: 0.33333333 | N24: 0.66666667 | O24: =(N24-M24)*24 -> 8 | P24: 4 | Q24: =P24*O24 -> 32
A25: ="W"&WEEKNUM(B25,21) -> W42 | B25: 46308 | G25: Machining | H25: P22 | I25: HR Training New Workers | J25: HR/HSE | K25: Đào tạo công nhân mới | M25: 0.33333333 | N25: 0.66666667 | O25: =(N25-M25)*24 -> 8 | P25: 1 | Q25: =P25*O25 -> 8
A26: ="W"&WEEKNUM(B26,21) -> W42 | B26: 46308 | G26: Assembly | H26: A2 | I26: Training | J26: HR/HSE | K26: HC mới- 50% hiệu suất- 2 tuần-18/9 | L26: A2 ngày 12/12 - nhóm 18/9 | M26: 0.3125 | N26: 0.5 | O26: =(N26-M26)*24 -> 4.5 | P26: 7 | Q26: =P26*O26 -> 31.5
A27: ="W"&WEEKNUM(B27,21) -> W42 | B27: 46308 | G27: Assembly | H27: A2 | I27: Training | J27: HR/HSE | K27: HC mới- 50% hiệu suất- 2 tuần-24/9 | L27: A2 ngày 12/12 - nhóm 24/9 | M27: 0.3125 | N27: 0.5 | O27: =(N27-M27)*24 -> 4.5 | P27: 5 | Q27: =P27*O27 -> 22.5
A28: ="W"&WEEKNUM(B28,21) -> W42 | B28: 46308 | G28: Assembly | H28: A2 | I28: Training | J28: HR/HSE | K28: HC mới- 50% hiệu suất- 2 tuần-25/9 | L28: A2 ngày 12/12 - nhóm 25/9 | M28: 0.3125 | N28: 0.5 | O28: =(N28-M28)*24 -> 4.5 | P28: 1 | Q28: =P28*O28 -> 4.5
A29: ="W"&WEEKNUM(B29,21) -> W42 | B29: 46308 | G29: Machining | H29: A2 | I29: Training | J29: HR/HSE | K29: HC mới- 50% hiệu suất- 2 tuần-21/9 | L29: A2 ngày 12/12 - nhóm 21/9 | M29: 0.3125 | N29: 0.5 | O29: =(N29-M29)*24 -> 4.5 | P29: 2 | Q29: =P29*O29 -> 9
A30: ="W"&WEEKNUM(B30,21) -> W42 | B30: 46308 | G30: Machining | H30: A2 | I30: Training | J30: HR/HSE | K30: HC mới- 50% hiệu suất- 2 tuần-22/9 | L30: A2 ngày 12/12 - nhóm 22/9 | M30: 0.3125 | N30: 0.5 | O30: =(N30-M30)*24 -> 4.5 | P30: 4 | Q30: =P30*O30 -> 18
A31: ="W"&WEEKNUM(B31,21) -> W42 | B31: 46308 | G31: Machining | H31: A2 | I31: Training | J31: HR/HSE | K31: HC mới- 50% hiệu suất- 2 tuần-24/9 | L31: A2 ngày 12/12 - nhóm 24/9 | M31: 0.3125 | N31: 0.5 | O31: =(N31-M31)*24 -> 4.5 | P31: 3 | Q31: =P31*O31 -> 13.5
A32: ="W"&WEEKNUM(B32,21) -> W42 | B32: 46308 | G32: Machining | H32: A2 | I32: Training | J32: HR/HSE | K32: HC mới- 50% hiệu suất- 2 tuần-25/9 | L32: A2 ngày 12/12 - nhóm 25/9 | M32: 0.3125 | N32: 0.5 | O32: =(N32-M32)*24 -> 4.5 | P32: 1 | Q32: =P32*O32 -> 4.5
A33: ="W"&WEEKNUM(B33,21) -> W42 | B33: 46308 | G33: RC | H33: A2 | I33: Training | J33: HR/HSE | K33: HC mới- 50% hiệu suất- 2 tuần-22/9 | L33: A2 ngày 12/12 - nhóm 22/9 | M33: 0.3125 | N33: 0.5 | O33: =(N33-M33)*24 -> 4.5 | P33: 1 | Q33: =P33*O33 -> 4.5
A34: ="W"&WEEKNUM(B34,21) -> W42 | B34: 46308 | G34: RC | H34: A2 | I34: Training | J34: HR/HSE | K34: HC mới- 50% hiệu suất- 2 tuần-23/9 | L34: A2 ngày 12/12 - nhóm 23/9 | M34: 0.3125 | N34: 0.5 | O34: =(N34-M34)*24 -> 4.5 | P34: 1 | Q34: =P34*O34 -> 4.5
A35: ="W"&WEEKNUM(B35,21) -> W42 | B35: 46308 | G35: RC | H35: A2 | I35: Training | J35: HR/HSE | K35: HC mới- 50% hiệu suất- 2 tuần-24/9 | L35: A2 ngày 12/12 - nhóm 24/9 | M35: 0.3125 | N35: 0.5 | O35: =(N35-M35)*24 -> 4.5 | P35: 2 | Q35: =P35*O35 -> 9
A36: ="W"&WEEKNUM(B36,21) -> W42 | B36: 46308 | G36: RC | H36: A2 | I36: Training | J36: HR/HSE | K36: HC mới- 50% hiệu suất- 2 tuần-26/9 | L36: A2 ngày 12/12 - nhóm 26/9 | M36: 0.3125 | N36: 0.5 | O36: =(N36-M36)*24 -> 4.5 | P36: 1 | Q36: =P36*O36 -> 4.5
A37: ="W"&WEEKNUM(B37,21) -> W42 | B37: 46308 | G37: Raw Cutting Panel | H37: A2 | I37: Training | J37: HR/HSE | K37: HC mới- 50% hiệu suất- 2 tuần-23/9 | L37: A2 ngày 11/12 - nhóm 23/9 | M37: 0.3125 | N37: 0.5 | O37: =(N37-M37)*24 -> 4.5 | P37: 3 | Q37: =P37*O37 -> 13.5
... A50: ="W"&WEEKNUM(B50,21) -> W42 | B50: 46308 | G50: Raw Cutting Panel | H50: A2 | I50: Training | J50: HR/HSE | K50: HC mới- 50% hiệu suất- 2 tuần-12/10 | L50: A2 ngày 1/12 - nhóm 12/10 | M50: 0.3125 | N50: 0.5 | O50: =(N50-M50)*24 -> 4.5 | P50: 1 | Q50: =P50*O50 -> 4.5
P51: Tổng | Q51: =SUM(Q3:Q50) -> 665.5
A53: Vàng = nhân viên mới ngày đầu (P22). Xanh = nhân viên đang ghi A2 (cột Ghi chú cho biết ngày thứ mấy trong 12 ngày).

Sheet Loss time 14-10
A1: LOSS TIME WHITE WOOD - 14/10/2026
A2: Week | B2: Date (Ngày) | C2: Item's Mã hàng | D2: Code Máy Hư | E2: Q'ty | F2: Số NCR/ME | G2: Khu vực phát sinh/bộ phận hỗ trợ | H2: Code | I2: Name code | J2: Chart / bộ phận chịu trách nhiệm | K2: Lí Do | L2: Ghi chú | M2: From | N2: To | O2: LossTime (Hr) | P2: HC | Q2: Loss time labor (Hrs)
A3: ="W"&WEEKNUM(B3,21) -> W42 | B3: 46309 | G3: RC - WOOD | H3: P20 | I3: Dailly Cleaning | J3: RC WOOD | K3: Vệ sinh khu vực máy móc RC WOOD | M3: 0.29166667 | N3: 0.3125 | O3: =(N3-M3)*24 -> 0.5 | P3: 7 | Q3: =P3*O3 -> 3.5
A4: ="W"&WEEKNUM(B4,21) -> W42 | B4: 46309 | G4: RC - PANEL | H4: P20 | I4: Dailly Cleaning | J4: RC - PANEL | K4: Vệ sinh khu vực máy móc RC PANEL | M4: 0.29166667 | N4: 0.3125 | O4: =(N4-M4)*24 -> 0.5 | P4: 18 | Q4: =P4*O4 -> 9
A5: ="W"&WEEKNUM(B5,21) -> W42 | B5: 46309 | G5: Machining | H5: P20 | I5: Dailly Cleaning | J5: Machining | K5: Vệ sinh khu vực máy móc MAC FINAL | M5: 0.29166667 | N5: 0.3125 | O5: =(N5-M5)*24 -> 0.5 | P5: 7 | Q5: =P5*O5 -> 3.5
A6: ="W"&WEEKNUM(B6,21) -> W42 | B6: 46309 | G6: Machining | H6: P20 | I6: Dailly Cleaning | J6: Machining | K6: Vệ sinh khu vực máy móc PRE MAC | M6: 0.29166667 | N6: 0.3125 | O6: =(N6-M6)*24 -> 0.5 | P6: 12 | Q6: =P6*O6 -> 6
A7: ="W"&WEEKNUM(B7,21) -> W42 | B7: 46309 | G7: Assembly | H7: P20 | I7: Dailly Cleaning | J7: Assembly | K7: Quét nhà toàn xưởng khu vực ASSY | M7: 0.3125 | N7: 0.83333333 | O7: =(N7-M7)*24 -> 12.5 | P7: 2 | Q7: =P7*O7 -> 25
A8: ="W"&WEEKNUM(B8,21) -> W42 | B8: 46309 | G8: RC - PANEL | H8: P26 | I8: Recorder/ Supporter | J8: RC - PANEL | K8: Shop Floor data RC PANEL | L8: Recorder | M8: 0.3125 | N8: 0.83333333 | O8: =(N8-M8)*24 -> 12.5 | P8: 4 | Q8: =P8*O8 -> 50
A9: ="W"&WEEKNUM(B9,21) -> W42 | B9: 46309 | G9: Machining | H9: P26 | I9: Recorder/ Supporter | J9: Machining | K9: Shop Floor data- STOCK ROOM | L9: Recorder | M9: 0.3125 | N9: 0.83333333 | O9: =(N9-M9)*24 -> 12.5 | P9: 1 | Q9: =P9*O9 -> 12.5
A10: ="W"&WEEKNUM(B10,21) -> W42 | B10: 46309 | G10: Machining | H10: P26 | I10: Recorder/ Supporter | J10: Machining | K10: Shop Floor data MAC FINAL | L10: Recorder | M10: 0.3125 | N10: 0.83333333 | O10: =(N10-M10)*24 -> 12.5 | P10: 1 | Q10: =P10*O10 -> 12.5
A11: ="W"&WEEKNUM(B11,21) -> W42 | B11: 46309 | G11: RC - PANEL | H11: P26 | I11: Recorder/ Supporter | J11: RC - PANEL | K11: Theo dõi Hàng venner làm xong | L11: Recorder | M11: 0.3125 | N11: 0.83333333 | O11: =(N11-M11)*24 -> 12.5 | P11: 1 | Q11: =P11*O11 -> 12.5
A12: ="W"&WEEKNUM(B12,21) -> W42 | B12: 46309 | G12: RC - PANEL | H12: P26 | I12: Recorder/ Supporter | J12: RC - PANEL | K12: Nhận venner cho ép nóng | L12: Supporter | M12: 0.3125 | N12: 0.83333333 | O12: =(N12-M12)*24 -> 12.5 | P12: 1 | Q12: =P12*O12 -> 12.5
A13: ="W"&WEEKNUM(B13,21) -> W42 | B13: 46309 | G13: RC - WOOD | H13: P26 | I13: Recorder/ Supporter | J13: RC WOOD | K13: Lựa hàng tinh giao mac- gỗ đẹp xấu | L13: Supporter | M13: 0.3125 | N13: 0.83333333 | O13: =(N13-M13)*24 -> 12.5 | P13: 1 | Q13: =P13*O13 -> 12.5
A14: ="W"&WEEKNUM(B14,21) -> W42 | B14: 46309 | G14: RC - PANEL | H14: P26 | I14: Recorder/ Supporter | J14: RC - PANEL | K14: Ghi nhận hàng giao kho | L14: Recorder | M14: 0.3125 | N14: 0.83333333 | O14: =(N14-M14)*24 -> 12.5 | P14: 1 | Q14: =P14*O14 -> 12.5
A15: ="W"&WEEKNUM(B15,21) -> W42 | B15: 46309 | G15: RC - PANEL | H15: P26 | I15: Recorder/ Supporter | J15: RC - PANEL | K15: Kiểm hàng chất lượng vào kho | L15: Supporter | M15: 0.3125 | N15: 0.83333333 | O15: =(N15-M15)*24 -> 12.5 | P15: 1 | Q15: =P15*O15 -> 12.5
A16: ="W"&WEEKNUM(B16,21) -> W42 | B16: 46309 | G16: RC - PANEL | H16: P26 | I16: Recorder/ Supporter | J16: Machining | K16: Nhận hàng gỗ đầu vào từ RC | L16: Supporter | M16: 0.3125 | N16: 0.83333333 | O16: =(N16-M16)*24 -> 12.5 | P16: 1 | Q16: =P16*O16 -> 12.5
A17: ="W"&WEEKNUM(B17,21) -> W42 | B17: 46309 | G17: Machining | H17: P26 | I17: Recorder/ Supporter | J17: Machining | K17: Ghi nhận hàng giao kho | L17: Recorder | M17: 0.3125 | N17: 0.83333333 | O17: =(N17-M17)*24 -> 12.5 | P17: 1 | Q17: =P17*O17 -> 12.5
A18: ="W"&WEEKNUM(B18,21) -> W42 | B18: 46309 | G18: Machining | H18: P26 | I18: Recorder/ Supporter | J18: Machining | K18: quét nhà toàn xưởng khu vực ASSY | L18: Supporter | M18: 0.3125 | N18: 0.83333333 | O18: =(N18-M18)*24 -> 12.5 | P18: 1 | Q18: =P18*O18 -> 12.5
A19: ="W"&WEEKNUM(B19,21) -> W42 | B19: 46309 | G19: Machining | H19: P26 | I19: Recorder/ Supporter | J19: Machining | K19: Theo hàng pilot -hàng test-spo-subcon-NCR | L19: Recorder | M19: 0.3125 | N19: 0.83333333 | O19: =(N19-M19)*24 -> 12.5 | P19: 1 | Q19: =P19*O19 -> 12.5
... A22: ="W"&WEEKNUM(B22,21) -> W42 | B22: 46309 | G22: Assembly | H22: P26 | I22: Recorder/ Supporter | J22: Assembly | K22: Giao nhận HW- phát HW cho Line sx | L22: Supporter | M22: 0.3125 | N22: 0.83333333 | O22: =(N22-M22)*24 -> 12.5 | P22: 1 | Q22: =P22*O22 -> 12.5
A23: ="W"&WEEKNUM(B23,21) -> W42 | B23: 46309 | G23: Assembly | H23: P22 | I23: HR Training New Workers | J23: HR/HSE | K23: Đào tạo công nhân mới | M23: 0.33333333 | N23: 0.66666667 | O23: =(N23-M23)*24 -> 8 | P23: 1 | Q23: =P23*O23 -> 8
A24: ="W"&WEEKNUM(B24,21) -> W42 | B24: 46309 | G24: Raw Cutting Panel | H24: A2 | I24: Training | J24: HR/HSE | K24: HC mới- 50% hiệu suất- 2 tuần-23/9 | L24: A2 ngày 12/12 - nhóm 23/9 | M24: 0.3125 | N24: 0.5 | O24: =(N24-M24)*24 -> 4.5 | P24: 3 | Q24: =P24*O24 -> 13.5
A25: ="W"&WEEKNUM(B25,21) -> W42 | B25: 46309 | G25: Raw Cutting Panel | H25: A2 | I25: Training | J25: HR/HSE | K25: HC mới- 50% hiệu suất- 2 tuần-25/9 | L25: A2 ngày 12/12 - nhóm 25/9 | M25: 0.3125 | N25: 0.5 | O25: =(N25-M25)*24 -> 4.5 | P25: 1 | Q25: =P25*O25 -> 4.5
A26: ="W"&WEEKNUM(B26,21) -> W42 | B26: 46309 | G26: Assembly | H26: A2 | I26: Training | J26: HR/HSE | K26: HC mới- 50% hiệu suất- 2 tuần-05/10 | L26: A2 ngày 8/12 - nhóm 05/10 | M26: 0.3125 | N26: 0.5 | O26: =(N26-M26)*24 -> 4.5 | P26: 6 | Q26: =P26*O26 -> 27
A27: ="W"&WEEKNUM(B27,21) -> W42 | B27: 46309 | G27: Assembly | H27: A2 | I27: Training | J27: HR/HSE | K27: HC mới- 50% hiệu suất- 2 tuần-06/10 | L27: A2 ngày 7/12 - nhóm 06/10 | M27: 0.3125 | N27: 0.5 | O27: =(N27-M27)*24 -> 4.5 | P27: 7 | Q27: =P27*O27 -> 31.5
A28: ="W"&WEEKNUM(B28,21) -> W42 | B28: 46309 | G28: Raw Cutting Panel | H28: A2 | I28: Training | J28: HR/HSE | K28: HC mới- 50% hiệu suất- 2 tuần-06/10 | L28: A2 ngày 7/12 - nhóm 06/10 | M28: 0.3125 | N28: 0.5 | O28: =(N28-M28)*24 -> 4.5 | P28: 4 | Q28: =P28*O28 -> 18
A29: ="W"&WEEKNUM(B29,21) -> W42 | B29: 46309 | G29: Machining | H29: A2 | I29: Training | J29: HR/HSE | K29: HC mới- 50% hiệu suất- 2 tuần-06/10 | L29: A2 ngày 7/12 - nhóm 06/10 | M29: 0.3125 | N29: 0.5 | O29: =(N29-M29)*24 -> 4.5 | P29: 3 | Q29: =P29*O29 -> 13.5
A30: ="W"&WEEKNUM(B30,21) -> W42 | B30: 46309 | G30: Assembly | H30: A2 | I30: Training | J30: HR/HSE | K30: HC mới- 50% hiệu suất- 2 tuần-07/10 | L30: A2 ngày 6/12 - nhóm 07/10 | M30: 0.3125 | N30: 0.5 | O30: =(N30-M30)*24 -> 4.5 | P30: 6 | Q30: =P30*O30 -> 27
A31: ="W"&WEEKNUM(B31,21) -> W42 | B31: 46309 | G31: Raw Cutting Panel | H31: A2 | I31: Training | J31: HR/HSE | K31: HC mới- 50% hiệu suất- 2 tuần-07/10 | L31: A2 ngày 6/12 - nhóm 07/10 | M31: 0.3125 | N31: 0.5 | O31: =(N31-M31)*24 -> 4.5 | P31: 2 | Q31: =P31*O31 -> 9
A32: ="W"&WEEKNUM(B32,21) -> W42 | B32: 46309 | G32: Raw Cutting Panel | H32: A2 | I32: Training | J32: HR/HSE | K32: HC mới- 50% hiệu suất- 2 tuần-08/10 | L32: A2 ngày 5/12 - nhóm 08/10 | M32: 0.3125 | N32: 0.5 | O32: =(N32-M32)*24 -> 4.5 | P32: 1 | Q32: =P32*O32 -> 4.5
A33: ="W"&WEEKNUM(B33,21) -> W42 | B33: 46309 | G33: Machining | H33: A2 | I33: Training | J33: HR/HSE | K33: HC mới- 50% hiệu suất- 2 tuần-08/10 | L33: A2 ngày 5/12 - nhóm 08/10 | M33: 0.3125 | N33: 0.5 | O33: =(N33-M33)*24 -> 4.5 | P33: 3 | Q33: =P33*O33 -> 13.5
A34: ="W"&WEEKNUM(B34,21) -> W42 | B34: 46309 | G34: Assembly | H34: A2 | I34: Training | J34: HR/HSE | K34: HC mới- 50% hiệu suất- 2 tuần-09/10 | L34: A2 ngày 4/12 - nhóm 09/10 | M34: 0.3125 | N34: 0.5 | O34: =(N34-M34)*24 -> 4.5 | P34: 6 | Q34: =P34*O34 -> 27
A35: ="W"&WEEKNUM(B35,21) -> W42 | B35: 46309 | G35: Raw Cutting Panel | H35: A2 | I35: Training | J35: HR/HSE | K35: HC mới- 50% hiệu suất- 2 tuần-09/10 | L35: A2 ngày 4/12 - nhóm 09/10 | M35: 0.3125 | N35: 0.5 | O35: =(N35-M35)*24 -> 4.5 | P35: 2 | Q35: =P35*O35 -> 9
... A40: ="W"&WEEKNUM(B40,21) -> W42 | B40: 46309 | G40: Machining | H40: A2 | I40: Training | J40: HR/HSE | K40: HC mới- 50% hiệu suất- 2 tuần-13/10 | L40: A2 ngày 1/12 - nhóm 13/10 | M40: 0.3125 | N40: 0.5 | O40: =(N40-M40)*24 -> 4.5 | P40: 1 | Q40: =P40*O40 -> 4.5
P41: Tổng | Q41: =SUM(Q3:Q40) -> 523
A43: Vàng = nhân viên mới ngày đầu (P22). Xanh = nhân viên đang ghi A2 (cột Ghi chú cho biết ngày thứ mấy trong 12 ngày).

Sheet Loss time 15-10
A1: LOSS TIME WHITE WOOD - 15/10/2026
A2: Week | B2: Date (Ngày) | C2: Item's Mã hàng | D2: Code Máy Hư | E2: Q'ty | F2: Số NCR/ME | G2: Khu vực phát sinh/bộ phận hỗ trợ | H2: Code | I2: Name code | J2: Chart / bộ phận chịu trách nhiệm | K2: Lí Do | L2: Ghi chú | M2: From | N2: To | O2: LossTime (Hr) | P2: HC | Q2: Loss time labor (Hrs)
A3: ="W"&WEEKNUM(B3,21) -> W42 | B3: 46310 | G3: RC - WOOD | H3: P20 | I3: Dailly Cleaning | J3: RC WOOD | K3: Vệ sinh khu vực máy móc RC WOOD | M3: 0.29166667 | N3: 0.3125 | O3: =(N3-M3)*24 -> 0.5 | P3: 7 | Q3: =P3*O3 -> 3.5
A4: ="W"&WEEKNUM(B4,21) -> W42 | B4: 46310 | G4: RC - PANEL | H4: P20 | I4: Dailly Cleaning | J4: RC - PANEL | K4: Vệ sinh khu vực máy móc RC PANEL | M4: 0.29166667 | N4: 0.3125 | O4: =(N4-M4)*24 -> 0.5 | P4: 18 | Q4: =P4*O4 -> 9
A5: ="W"&WEEKNUM(B5,21) -> W42 | B5: 46310 | G5: Machining | H5: P20 | I5: Dailly Cleaning | J5: Machining | K5: Vệ sinh khu vực máy móc MAC FINAL | M5: 0.29166667 | N5: 0.3125 | O5: =(N5-M5)*24 -> 0.5 | P5: 7 | Q5: =P5*O5 -> 3.5
A6: ="W"&WEEKNUM(B6,21) -> W42 | B6: 46310 | G6: Machining | H6: P20 | I6: Dailly Cleaning | J6: Machining | K6: Vệ sinh khu vực máy móc PRE MAC | M6: 0.29166667 | N6: 0.3125 | O6: =(N6-M6)*24 -> 0.5 | P6: 12 | Q6: =P6*O6 -> 6
A7: ="W"&WEEKNUM(B7,21) -> W42 | B7: 46310 | G7: Assembly | H7: P20 | I7: Dailly Cleaning | J7: Assembly | K7: Quét nhà toàn xưởng khu vực ASSY | M7: 0.3125 | N7: 0.83333333 | O7: =(N7-M7)*24 -> 12.5 | P7: 2 | Q7: =P7*O7 -> 25
A8: ="W"&WEEKNUM(B8,21) -> W42 | B8: 46310 | G8: RC - PANEL | H8: P26 | I8: Recorder/ Supporter | J8: RC - PANEL | K8: Shop Floor data RC PANEL | L8: Recorder | M8: 0.3125 | N8: 0.83333333 | O8: =(N8-M8)*24 -> 12.5 | P8: 4 | Q8: =P8*O8 -> 50
A9: ="W"&WEEKNUM(B9,21) -> W42 | B9: 46310 | G9: Machining | H9: P26 | I9: Recorder/ Supporter | J9: Machining | K9: Shop Floor data- STOCK ROOM | L9: Recorder | M9: 0.3125 | N9: 0.83333333 | O9: =(N9-M9)*24 -> 12.5 | P9: 1 | Q9: =P9*O9 -> 12.5
A10: ="W"&WEEKNUM(B10,21) -> W42 | B10: 46310 | G10: Machining | H10: P26 | I10: Recorder/ Supporter | J10: Machining | K10: Shop Floor data MAC FINAL | L10: Recorder | M10: 0.3125 | N10: 0.83333333 | O10: =(N10-M10)*24 -> 12.5 | P10: 1 | Q10: =P10*O10 -> 12.5
A11: ="W"&WEEKNUM(B11,21) -> W42 | B11: 46310 | G11: RC - PANEL | H11: P26 | I11: Recorder/ Supporter | J11: RC - PANEL | K11: Theo dõi Hàng venner làm xong | L11: Recorder | M11: 0.3125 | N11: 0.83333333 | O11: =(N11-M11)*24 -> 12.5 | P11: 1 | Q11: =P11*O11 -> 12.5
A12: ="W"&WEEKNUM(B12,21) -> W42 | B12: 46310 | G12: RC - PANEL | H12: P26 | I12: Recorder/ Supporter | J12: RC - PANEL | K12: Nhận venner cho ép nóng | L12: Supporter | M12: 0.3125 | N12: 0.83333333 | O12: =(N12-M12)*24 -> 12.5 | P12: 1 | Q12: =P12*O12 -> 12.5
A13: ="W"&WEEKNUM(B13,21) -> W42 | B13: 46310 | G13: RC - WOOD | H13: P26 | I13: Recorder/ Supporter | J13: RC WOOD | K13: Lựa hàng tinh giao mac- gỗ đẹp xấu | L13: Supporter | M13: 0.3125 | N13: 0.83333333 | O13: =(N13-M13)*24 -> 12.5 | P13: 1 | Q13: =P13*O13 -> 12.5
A14: ="W"&WEEKNUM(B14,21) -> W42 | B14: 46310 | G14: RC - PANEL | H14: P26 | I14: Recorder/ Supporter | J14: RC - PANEL | K14: Ghi nhận hàng giao kho | L14: Recorder | M14: 0.3125 | N14: 0.83333333 | O14: =(N14-M14)*24 -> 12.5 | P14: 1 | Q14: =P14*O14 -> 12.5
A15: ="W"&WEEKNUM(B15,21) -> W42 | B15: 46310 | G15: RC - PANEL | H15: P26 | I15: Recorder/ Supporter | J15: RC - PANEL | K15: Kiểm hàng chất lượng vào kho | L15: Supporter | M15: 0.3125 | N15: 0.83333333 | O15: =(N15-M15)*24 -> 12.5 | P15: 1 | Q15: =P15*O15 -> 12.5
A16: ="W"&WEEKNUM(B16,21) -> W42 | B16: 46310 | G16: RC - PANEL | H16: P26 | I16: Recorder/ Supporter | J16: Machining | K16: Nhận hàng gỗ đầu vào từ RC | L16: Supporter | M16: 0.3125 | N16: 0.83333333 | O16: =(N16-M16)*24 -> 12.5 | P16: 1 | Q16: =P16*O16 -> 12.5
A17: ="W"&WEEKNUM(B17,21) -> W42 | B17: 46310 | G17: Machining | H17: P26 | I17: Recorder/ Supporter | J17: Machining | K17: Ghi nhận hàng giao kho | L17: Recorder | M17: 0.3125 | N17: 0.83333333 | O17: =(N17-M17)*24 -> 12.5 | P17: 1 | Q17: =P17*O17 -> 12.5
A18: ="W"&WEEKNUM(B18,21) -> W42 | B18: 46310 | G18: Machining | H18: P26 | I18: Recorder/ Supporter | J18: Machining | K18: quét nhà toàn xưởng khu vực ASSY | L18: Supporter | M18: 0.3125 | N18: 0.83333333 | O18: =(N18-M18)*24 -> 12.5 | P18: 1 | Q18: =P18*O18 -> 12.5
A19: ="W"&WEEKNUM(B19,21) -> W42 | B19: 46310 | G19: Machining | H19: P26 | I19: Recorder/ Supporter | J19: Machining | K19: Theo hàng pilot -hàng test-spo-subcon-NCR | L19: Recorder | M19: 0.3125 | N19: 0.83333333 | O19: =(N19-M19)*24 -> 12.5 | P19: 1 | Q19: =P19*O19 -> 12.5
... A22: ="W"&WEEKNUM(B22,21) -> W42 | B22: 46310 | G22: Assembly | H22: P26 | I22: Recorder/ Supporter | J22: Assembly | K22: Giao nhận HW- phát HW cho Line sx | L22: Supporter | M22: 0.3125 | N22: 0.83333333 | O22: =(N22-M22)*24 -> 12.5 | P22: 1 | Q22: =P22*O22 -> 12.5
A23: ="W"&WEEKNUM(B23,21) -> W42 | B23: 46310 | G23: Assembly | H23: P22 | I23: HR Training New Workers | J23: HR/HSE | K23: Đào tạo công nhân mới | M23: 0.33333333 | N23: 0.66666667 | O23: =(N23-M23)*24 -> 8 | P23: 4 | Q23: =P23*O23 -> 32
A24: ="W"&WEEKNUM(B24,21) -> W42 | B24: 46310 | G24: Assembly | H24: A2 | I24: Training | J24: HR/HSE | K24: HC mới- 50% hiệu suất- 2 tuần-05/10 | L24: A2 ngày 9/12 - nhóm 05/10 | M24: 0.3125 | N24: 0.5 | O24: =(N24-M24)*24 -> 4.5 | P24: 6 | Q24: =P24*O24 -> 27
A25: ="W"&WEEKNUM(B25,21) -> W42 | B25: 46310 | G25: Assembly | H25: A2 | I25: Training | J25: HR/HSE | K25: HC mới- 50% hiệu suất- 2 tuần-06/10 | L25: A2 ngày 8/12 - nhóm 06/10 | M25: 0.3125 | N25: 0.5 | O25: =(N25-M25)*24 -> 4.5 | P25: 7 | Q25: =P25*O25 -> 31.5
A26: ="W"&WEEKNUM(B26,21) -> W42 | B26: 46310 | G26: Raw Cutting Panel | H26: A2 | I26: Training | J26: HR/HSE | K26: HC mới- 50% hiệu suất- 2 tuần-06/10 | L26: A2 ngày 8/12 - nhóm 06/10 | M26: 0.3125 | N26: 0.5 | O26: =(N26-M26)*24 -> 4.5 | P26: 4 | Q26: =P26*O26 -> 18
A27: ="W"&WEEKNUM(B27,21) -> W42 | B27: 46310 | G27: Machining | H27: A2 | I27: Training | J27: HR/HSE | K27: HC mới- 50% hiệu suất- 2 tuần-06/10 | L27: A2 ngày 8/12 - nhóm 06/10 | M27: 0.3125 | N27: 0.5 | O27: =(N27-M27)*24 -> 4.5 | P27: 3 | Q27: =P27*O27 -> 13.5
A28: ="W"&WEEKNUM(B28,21) -> W42 | B28: 46310 | G28: Assembly | H28: A2 | I28: Training | J28: HR/HSE | K28: HC mới- 50% hiệu suất- 2 tuần-07/10 | L28: A2 ngày 7/12 - nhóm 07/10 | M28: 0.3125 | N28: 0.5 | O28: =(N28-M28)*24 -> 4.5 | P28: 6 | Q28: =P28*O28 -> 27
A29: ="W"&WEEKNUM(B29,21) -> W42 | B29: 46310 | G29: Raw Cutting Panel | H29: A2 | I29: Training | J29: HR/HSE | K29: HC mới- 50% hiệu suất- 2 tuần-07/10 | L29: A2 ngày 7/12 - nhóm 07/10 | M29: 0.3125 | N29: 0.5 | O29: =(N29-M29)*24 -> 4.5 | P29: 2 | Q29: =P29*O29 -> 9
A30: ="W"&WEEKNUM(B30,21) -> W42 | B30: 46310 | G30: Raw Cutting Panel | H30: A2 | I30: Training | J30: HR/HSE | K30: HC mới- 50% hiệu suất- 2 tuần-08/10 | L30: A2 ngày 6/12 - nhóm 08/10 | M30: 0.3125 | N30: 0.5 | O30: =(N30-M30)*24 -> 4.5 | P30: 1 | Q30: =P30*O30 -> 4.5
A31: ="W"&WEEKNUM(B31,21) -> W42 | B31: 46310 | G31: Machining | H31: A2 | I31: Training | J31: HR/HSE | K31: HC mới- 50% hiệu suất- 2 tuần-08/10 | L31: A2 ngày 6/12 - nhóm 08/10 | M31: 0.3125 | N31: 0.5 | O31: =(N31-M31)*24 -> 4.5 | P31: 3 | Q31: =P31*O31 -> 13.5
A32: ="W"&WEEKNUM(B32,21) -> W42 | B32: 46310 | G32: Assembly | H32: A2 | I32: Training | J32: HR/HSE | K32: HC mới- 50% hiệu suất- 2 tuần-09/10 | L32: A2 ngày 5/12 - nhóm 09/10 | M32: 0.3125 | N32: 0.5 | O32: =(N32-M32)*24 -> 4.5 | P32: 6 | Q32: =P32*O32 -> 27
A33: ="W"&WEEKNUM(B33,21) -> W42 | B33: 46310 | G33: Raw Cutting Panel | H33: A2 | I33: Training | J33: HR/HSE | K33: HC mới- 50% hiệu suất- 2 tuần-09/10 | L33: A2 ngày 5/12 - nhóm 09/10 | M33: 0.3125 | N33: 0.5 | O33: =(N33-M33)*24 -> 4.5 | P33: 2 | Q33: =P33*O33 -> 9
A34: ="W"&WEEKNUM(B34,21) -> W42 | B34: 46310 | G34: Assembly | H34: A2 | I34: Training | J34: HR/HSE | K34: HC mới- 50% hiệu suất- 2 tuần-12/10 | L34: A2 ngày 3/12 - nhóm 12/10 | M34: 0.3125 | N34: 0.5 | O34: =(N34-M34)*24 -> 4.5 | P34: 2 | Q34: =P34*O34 -> 9
A35: ="W"&WEEKNUM(B35,21) -> W42 | B35: 46310 | G35: Raw Cutting Panel | H35: A2 | I35: Training | J35: HR/HSE | K35: HC mới- 50% hiệu suất- 2 tuần-12/10 | L35: A2 ngày 3/12 - nhóm 12/10 | M35: 0.3125 | N35: 0.5 | O35: =(N35-M35)*24 -> 4.5 | P35: 1 | Q35: =P35*O35 -> 4.5
... A39: ="W"&WEEKNUM(B39,21) -> W42 | B39: 46310 | G39: Assembly | H39: A2 | I39: Training | J39: HR/HSE | K39: HC mới- 50% hiệu suất- 2 tuần-14/10 | L39: A2 ngày 1/12 - nhóm 14/10 | M39: 0.3125 | N39: 0.5 | O39: =(N39-M39)*24 -> 4.5 | P39: 1 | Q39: =P39*O39 -> 4.5
P40: Tổng | Q40: =SUM(Q3:Q39) -> 533.5
A42: Vàng = nhân viên mới ngày đầu (P22). Xanh = nhân viên đang ghi A2 (cột Ghi chú cho biết ngày thứ mấy trong 12 ngày).

Sheet Loss time 16-10
A1: LOSS TIME WHITE WOOD - 16/10/2026
A2: Week | B2: Date (Ngày) | C2: Item's Mã hàng | D2: Code Máy Hư | E2: Q'ty | F2: Số NCR/ME | G2: Khu vực phát sinh/bộ phận hỗ trợ | H2: Code | I2: Name code | J2: Chart / bộ phận chịu trách nhiệm | K2: Lí Do | L2: Ghi chú | M2: From | N2: To | O2: LossTime (Hr) | P2: HC | Q2: Loss time labor (Hrs)
A3: ="W"&WEEKNUM(B3,21) -> W42 | B3: 46311 | G3: RC - WOOD | H3: P20 | I3: Dailly Cleaning | J3: RC WOOD | K3: Vệ sinh khu vực máy móc RC WOOD | M3: 0.29166667 | N3: 0.3125 | O3: =(N3-M3)*24 -> 0.5 | P3: 7 | Q3: =P3*O3 -> 3.5
A4: ="W"&WEEKNUM(B4,21) -> W42 | B4: 46311 | G4: RC - PANEL | H4: P20 | I4: Dailly Cleaning | J4: RC - PANEL | K4: Vệ sinh khu vực máy móc RC PANEL | M4: 0.29166667 | N4: 0.3125 | O4: =(N4-M4)*24 -> 0.5 | P4: 18 | Q4: =P4*O4 -> 9
A5: ="W"&WEEKNUM(B5,21) -> W42 | B5: 46311 | G5: Machining | H5: P20 | I5: Dailly Cleaning | J5: Machining | K5: Vệ sinh khu vực máy móc MAC FINAL | M5: 0.29166667 | N5: 0.3125 | O5: =(N5-M5)*24 -> 0.5 | P5: 7 | Q5: =P5*O5 -> 3.5
A6: ="W"&WEEKNUM(B6,21) -> W42 | B6: 46311 | G6: Machining | H6: P20 | I6: Dailly Cleaning | J6: Machining | K6: Vệ sinh khu vực máy móc PRE MAC | M6: 0.29166667 | N6: 0.3125 | O6: =(N6-M6)*24 -> 0.5 | P6: 12 | Q6: =P6*O6 -> 6
A7: ="W"&WEEKNUM(B7,21) -> W42 | B7: 46311 | G7: Assembly | H7: P20 | I7: Dailly Cleaning | J7: Assembly | K7: Quét nhà toàn xưởng khu vực ASSY | M7: 0.3125 | N7: 0.83333333 | O7: =(N7-M7)*24 -> 12.5 | P7: 2 | Q7: =P7*O7 -> 25
A8: ="W"&WEEKNUM(B8,21) -> W42 | B8: 46311 | G8: RC - PANEL | H8: P26 | I8: Recorder/ Supporter | J8: RC - PANEL | K8: Shop Floor data RC PANEL | L8: Recorder | M8: 0.3125 | N8: 0.83333333 | O8: =(N8-M8)*24 -> 12.5 | P8: 4 | Q8: =P8*O8 -> 50
A9: ="W"&WEEKNUM(B9,21) -> W42 | B9: 46311 | G9: Machining | H9: P26 | I9: Recorder/ Supporter | J9: Machining | K9: Shop Floor data- STOCK ROOM | L9: Recorder | M9: 0.3125 | N9: 0.83333333 | O9: =(N9-M9)*24 -> 12.5 | P9: 1 | Q9: =P9*O9 -> 12.5
A10: ="W"&WEEKNUM(B10,21) -> W42 | B10: 46311 | G10: Machining | H10: P26 | I10: Recorder/ Supporter | J10: Machining | K10: Shop Floor data MAC FINAL | L10: Recorder | M10: 0.3125 | N10: 0.83333333 | O10: =(N10-M10)*24 -> 12.5 | P10: 1 | Q10: =P10*O10 -> 12.5
A11: ="W"&WEEKNUM(B11,21) -> W42 | B11: 46311 | G11: RC - PANEL | H11: P26 | I11: Recorder/ Supporter | J11: RC - PANEL | K11: Theo dõi Hàng venner làm xong | L11: Recorder | M11: 0.3125 | N11: 0.83333333 | O11: =(N11-M11)*24 -> 12.5 | P11: 1 | Q11: =P11*O11 -> 12.5
A12: ="W"&WEEKNUM(B12,21) -> W42 | B12: 46311 | G12: RC - PANEL | H12: P26 | I12: Recorder/ Supporter | J12: RC - PANEL | K12: Nhận venner cho ép nóng | L12: Supporter | M12: 0.3125 | N12: 0.83333333 | O12: =(N12-M12)*24 -> 12.5 | P12: 1 | Q12: =P12*O12 -> 12.5
A13: ="W"&WEEKNUM(B13,21) -> W42 | B13: 46311 | G13: RC - WOOD | H13: P26 | I13: Recorder/ Supporter | J13: RC WOOD | K13: Lựa hàng tinh giao mac- gỗ đẹp xấu | L13: Supporter | M13: 0.3125 | N13: 0.83333333 | O13: =(N13-M13)*24 -> 12.5 | P13: 1 | Q13: =P13*O13 -> 12.5
A14: ="W"&WEEKNUM(B14,21) -> W42 | B14: 46311 | G14: RC - PANEL | H14: P26 | I14: Recorder/ Supporter | J14: RC - PANEL | K14: Ghi nhận hàng giao kho | L14: Recorder | M14: 0.3125 | N14: 0.83333333 | O14: =(N14-M14)*24 -> 12.5 | P14: 1 | Q14: =P14*O14 -> 12.5
A15: ="W"&WEEKNUM(B15,21) -> W42 | B15: 46311 | G15: RC - PANEL | H15: P26 | I15: Recorder/ Supporter | J15: RC - PANEL | K15: Kiểm hàng chất lượng vào kho | L15: Supporter | M15: 0.3125 | N15: 0.83333333 | O15: =(N15-M15)*24 -> 12.5 | P15: 1 | Q15: =P15*O15 -> 12.5
A16: ="W"&WEEKNUM(B16,21) -> W42 | B16: 46311 | G16: RC - PANEL | H16: P26 | I16: Recorder/ Supporter | J16: Machining | K16: Nhận hàng gỗ đầu vào từ RC | L16: Supporter | M16: 0.3125 | N16: 0.83333333 | O16: =(N16-M16)*24 -> 12.5 | P16: 1 | Q16: =P16*O16 -> 12.5
A17: ="W"&WEEKNUM(B17,21) -> W42 | B17: 46311 | G17: Machining | H17: P26 | I17: Recorder/ Supporter | J17: Machining | K17: Ghi nhận hàng giao kho | L17: Recorder | M17: 0.3125 | N17: 0.83333333 | O17: =(N17-M17)*24 -> 12.5 | P17: 1 | Q17: =P17*O17 -> 12.5
A18: ="W"&WEEKNUM(B18,21) -> W42 | B18: 46311 | G18: Machining | H18: P26 | I18: Recorder/ Supporter | J18: Machining | K18: quét nhà toàn xưởng khu vực ASSY | L18: Supporter | M18: 0.3125 | N18: 0.83333333 | O18: =(N18-M18)*24 -> 12.5 | P18: 1 | Q18: =P18*O18 -> 12.5
A19: ="W"&WEEKNUM(B19,21) -> W42 | B19: 46311 | G19: Machining | H19: P26 | I19: Recorder/ Supporter | J19: Machining | K19: Theo hàng pilot -hàng test-spo-subcon-NCR | L19: Recorder | M19: 0.3125 | N19: 0.83333333 | O19: =(N19-M19)*24 -> 12.5 | P19: 1 | Q19: =P19*O19 -> 12.5
... A22: ="W"&WEEKNUM(B22,21) -> W42 | B22: 46311 | G22: Assembly | H22: P26 | I22: Recorder/ Supporter | J22: Assembly | K22: Giao nhận HW- phát HW cho Line sx | L22: Supporter | M22: 0.3125 | N22: 0.83333333 | O22: =(N22-M22)*24 -> 12.5 | P22: 1 | Q22: =P22*O22 -> 12.5
A23: ="W"&WEEKNUM(B23,21) -> W42 | B23: 46311 | G23: Assembly | H23: P22 | I23: HR Training New Workers | J23: HR/HSE | K23: Đào tạo công nhân mới | M23: 0.33333333 | N23: 0.66666667 | O23: =(N23-M23)*24 -> 8 | P23: 1 | Q23: =P23*O23 -> 8
A24: ="W"&WEEKNUM(B24,21) -> W42 | B24: 46311 | G24: Assembly | H24: A2 | I24: Training | J24: HR/HSE | K24: HC mới- 50% hiệu suất- 2 tuần-05/10 | L24: A2 ngày 10/12 - nhóm 05/10 | M24: 0.3125 | N24: 0.5 | O24: =(N24-M24)*24 -> 4.5 | P24: 6 | Q24: =P24*O24 -> 27
A25: ="W"&WEEKNUM(B25,21) -> W42 | B25: 46311 | G25: Assembly | H25: A2 | I25: Training | J25: HR/HSE | K25: HC mới- 50% hiệu suất- 2 tuần-06/10 | L25: A2 ngày 9/12 - nhóm 06/10 | M25: 0.3125 | N25: 0.5 | O25: =(N25-M25)*24 -> 4.5 | P25: 7 | Q25: =P25*O25 -> 31.5
A26: ="W"&WEEKNUM(B26,21) -> W42 | B26: 46311 | G26: Raw Cutting Panel | H26: A2 | I26: Training | J26: HR/HSE | K26: HC mới- 50% hiệu suất- 2 tuần-06/10 | L26: A2 ngày 9/12 - nhóm 06/10 | M26: 0.3125 | N26: 0.5 | O26: =(N26-M26)*24 -> 4.5 | P26: 4 | Q26: =P26*O26 -> 18
A27: ="W"&WEEKNUM(B27,21) -> W42 | B27: 46311 | G27: Machining | H27: A2 | I27: Training | J27: HR/HSE | K27: HC mới- 50% hiệu suất- 2 tuần-06/10 | L27: A2 ngày 9/12 - nhóm 06/10 | M27: 0.3125 | N27: 0.5 | O27: =(N27-M27)*24 -> 4.5 | P27: 3 | Q27: =P27*O27 -> 13.5
A28: ="W"&WEEKNUM(B28,21) -> W42 | B28: 46311 | G28: Assembly | H28: A2 | I28: Training | J28: HR/HSE | K28: HC mới- 50% hiệu suất- 2 tuần-07/10 | L28: A2 ngày 8/12 - nhóm 07/10 | M28: 0.3125 | N28: 0.5 | O28: =(N28-M28)*24 -> 4.5 | P28: 6 | Q28: =P28*O28 -> 27
A29: ="W"&WEEKNUM(B29,21) -> W42 | B29: 46311 | G29: Raw Cutting Panel | H29: A2 | I29: Training | J29: HR/HSE | K29: HC mới- 50% hiệu suất- 2 tuần-07/10 | L29: A2 ngày 8/12 - nhóm 07/10 | M29: 0.3125 | N29: 0.5 | O29: =(N29-M29)*24 -> 4.5 | P29: 2 | Q29: =P29*O29 -> 9
A30: ="W"&WEEKNUM(B30,21) -> W42 | B30: 46311 | G30: Raw Cutting Panel | H30: A2 | I30: Training | J30: HR/HSE | K30: HC mới- 50% hiệu suất- 2 tuần-08/10 | L30: A2 ngày 7/12 - nhóm 08/10 | M30: 0.3125 | N30: 0.5 | O30: =(N30-M30)*24 -> 4.5 | P30: 1 | Q30: =P30*O30 -> 4.5
A31: ="W"&WEEKNUM(B31,21) -> W42 | B31: 46311 | G31: Machining | H31: A2 | I31: Training | J31: HR/HSE | K31: HC mới- 50% hiệu suất- 2 tuần-08/10 | L31: A2 ngày 7/12 - nhóm 08/10 | M31: 0.3125 | N31: 0.5 | O31: =(N31-M31)*24 -> 4.5 | P31: 3 | Q31: =P31*O31 -> 13.5
A32: ="W"&WEEKNUM(B32,21) -> W42 | B32: 46311 | G32: Assembly | H32: A2 | I32: Training | J32: HR/HSE | K32: HC mới- 50% hiệu suất- 2 tuần-09/10 | L32: A2 ngày 6/12 - nhóm 09/10 | M32: 0.3125 | N32: 0.5 | O32: =(N32-M32)*24 -> 4.5 | P32: 6 | Q32: =P32*O32 -> 27
A33: ="W"&WEEKNUM(B33,21) -> W42 | B33: 46311 | G33: Raw Cutting Panel | H33: A2 | I33: Training | J33: HR/HSE | K33: HC mới- 50% hiệu suất- 2 tuần-09/10 | L33: A2 ngày 6/12 - nhóm 09/10 | M33: 0.3125 | N33: 0.5 | O33: =(N33-M33)*24 -> 4.5 | P33: 2 | Q33: =P33*O33 -> 9
A34: ="W"&WEEKNUM(B34,21) -> W42 | B34: 46311 | G34: Assembly | H34: A2 | I34: Training | J34: HR/HSE | K34: HC mới- 50% hiệu suất- 2 tuần-12/10 | L34: A2 ngày 4/12 - nhóm 12/10 | M34: 0.3125 | N34: 0.5 | O34: =(N34-M34)*24 -> 4.5 | P34: 2 | Q34: =P34*O34 -> 9
A35: ="W"&WEEKNUM(B35,21) -> W42 | B35: 46311 | G35: Raw Cutting Panel | H35: A2 | I35: Training | J35: HR/HSE | K35: HC mới- 50% hiệu suất- 2 tuần-12/10 | L35: A2 ngày 4/12 - nhóm 12/10 | M35: 0.3125 | N35: 0.5 | O35: =(N35-M35)*24 -> 4.5 | P35: 1 | Q35: =P35*O35 -> 4.5
... A40: ="W"&WEEKNUM(B40,21) -> W42 | B40: 46311 | G40: Assembly | H40: A2 | I40: Training | J40: HR/HSE | K40: HC mới- 50% hiệu suất- 2 tuần-15/10 | L40: A2 ngày 1/12 - nhóm 15/10 | M40: 0.3125 | N40: 0.5 | O40: =(N40-M40)*24 -> 4.5 | P40: 4 | Q40: =P40*O40 -> 18
P41: Tổng | Q41: =SUM(Q3:Q40) -> 527.5
A43: Vàng = nhân viên mới ngày đầu (P22). Xanh = nhân viên đang ghi A2 (cột Ghi chú cho biết ngày thứ mấy trong 12 ngày).

Sheet Loss time 17-10
A1: LOSS TIME WHITE WOOD - 17/10/2026
A2: Week | B2: Date (Ngày) | C2: Item's Mã hàng | D2: Code Máy Hư | E2: Q'ty | F2: Số NCR/ME | G2: Khu vực phát sinh/bộ phận hỗ trợ | H2: Code | I2: Name code | J2: Chart / bộ phận chịu trách nhiệm | K2: Lí Do | L2: Ghi chú | M2: From | N2: To | O2: LossTime (Hr) | P2: HC | Q2: Loss time labor (Hrs)
A3: ="W"&WEEKNUM(B3,21) -> W42 | B3: 46312 | G3: RC - WOOD | H3: P20 | I3: Dailly Cleaning | J3: RC WOOD | K3: Vệ sinh khu vực máy móc RC WOOD | M3: 0.29166667 | N3: 0.3125 | O3: =(N3-M3)*24 -> 0.5 | P3: 7 | Q3: =P3*O3 -> 3.5
A4: ="W"&WEEKNUM(B4,21) -> W42 | B4: 46312 | G4: RC - PANEL | H4: P20 | I4: Dailly Cleaning | J4: RC - PANEL | K4: Vệ sinh khu vực máy móc RC PANEL | M4: 0.29166667 | N4: 0.3125 | O4: =(N4-M4)*24 -> 0.5 | P4: 18 | Q4: =P4*O4 -> 9
A5: ="W"&WEEKNUM(B5,21) -> W42 | B5: 46312 | G5: Machining | H5: P20 | I5: Dailly Cleaning | J5: Machining | K5: Vệ sinh khu vực máy móc MAC FINAL | M5: 0.29166667 | N5: 0.3125 | O5: =(N5-M5)*24 -> 0.5 | P5: 7 | Q5: =P5*O5 -> 3.5
A6: ="W"&WEEKNUM(B6,21) -> W42 | B6: 46312 | G6: Machining | H6: P20 | I6: Dailly Cleaning | J6: Machining | K6: Vệ sinh khu vực máy móc PRE MAC | M6: 0.29166667 | N6: 0.3125 | O6: =(N6-M6)*24 -> 0.5 | P6: 12 | Q6: =P6*O6 -> 6
A7: ="W"&WEEKNUM(B7,21) -> W42 | B7: 46312 | G7: Assembly | H7: P20 | I7: Dailly Cleaning | J7: Assembly | K7: Quét nhà toàn xưởng khu vực ASSY | M7: 0.3125 | N7: 0.64583333 | O7: =(N7-M7)*24 -> 8 | P7: 2 | Q7: =P7*O7 -> 16
A8: ="W"&WEEKNUM(B8,21) -> W42 | B8: 46312 | G8: RC - PANEL | H8: P26 | I8: Recorder/ Supporter | J8: RC - PANEL | K8: Shop Floor data RC PANEL | L8: Recorder | M8: 0.3125 | N8: 0.64583333 | O8: =(N8-M8)*24 -> 8 | P8: 4 | Q8: =P8*O8 -> 32
A9: ="W"&WEEKNUM(B9,21) -> W42 | B9: 46312 | G9: Machining | H9: P26 | I9: Recorder/ Supporter | J9: Machining | K9: Shop Floor data- STOCK ROOM | L9: Recorder | M9: 0.3125 | N9: 0.64583333 | O9: =(N9-M9)*24 -> 8 | P9: 1 | Q9: =P9*O9 -> 8
A10: ="W"&WEEKNUM(B10,21) -> W42 | B10: 46312 | G10: Machining | H10: P26 | I10: Recorder/ Supporter | J10: Machining | K10: Shop Floor data MAC FINAL | L10: Recorder | M10: 0.3125 | N10: 0.64583333 | O10: =(N10-M10)*24 -> 8 | P10: 1 | Q10: =P10*O10 -> 8
A11: ="W"&WEEKNUM(B11,21) -> W42 | B11: 46312 | G11: RC - PANEL | H11: P26 | I11: Recorder/ Supporter | J11: RC - PANEL | K11: Theo dõi Hàng venner làm xong | L11: Recorder | M11: 0.3125 | N11: 0.64583333 | O11: =(N11-M11)*24 -> 8 | P11: 1 | Q11: =P11*O11 -> 8
A12: ="W"&WEEKNUM(B12,21) -> W42 | B12: 46312 | G12: RC - PANEL | H12: P26 | I12: Recorder/ Supporter | J12: RC - PANEL | K12: Nhận venner cho ép nóng | L12: Supporter | M12: 0.3125 | N12: 0.64583333 | O12: =(N12-M12)*24 -> 8 | P12: 1 | Q12: =P12*O12 -> 8
A13: ="W"&WEEKNUM(B13,21) -> W42 | B13: 46312 | G13: RC - WOOD | H13: P26 | I13: Recorder/ Supporter | J13: RC WOOD | K13: Lựa hàng tinh giao mac- gỗ đẹp xấu | L13: Supporter | M13: 0.3125 | N13: 0.64583333 | O13: =(N13-M13)*24 -> 8 | P13: 1 | Q13: =P13*O13 -> 8
A14: ="W"&WEEKNUM(B14,21) -> W42 | B14: 46312 | G14: RC - PANEL | H14: P26 | I14: Recorder/ Supporter | J14: RC - PANEL | K14: Ghi nhận hàng giao kho | L14: Recorder | M14: 0.3125 | N14: 0.64583333 | O14: =(N14-M14)*24 -> 8 | P14: 1 | Q14: =P14*O14 -> 8
A15: ="W"&WEEKNUM(B15,21) -> W42 | B15: 46312 | G15: RC - PANEL | H15: P26 | I15: Recorder/ Supporter | J15: RC - PANEL | K15: Kiểm hàng chất lượng vào kho | L15: Supporter | M15: 0.3125 | N15: 0.64583333 | O15: =(N15-M15)*24 -> 8 | P15: 1 | Q15: =P15*O15 -> 8
A16: ="W"&WEEKNUM(B16,21) -> W42 | B16: 46312 | G16: RC - PANEL | H16: P26 | I16: Recorder/ Supporter | J16: Machining | K16: Nhận hàng gỗ đầu vào từ RC | L16: Supporter | M16: 0.3125 | N16: 0.64583333 | O16: =(N16-M16)*24 -> 8 | P16: 1 | Q16: =P16*O16 -> 8
A17: ="W"&WEEKNUM(B17,21) -> W42 | B17: 46312 | G17: Machining | H17: P26 | I17: Recorder/ Supporter | J17: Machining | K17: Ghi nhận hàng giao kho | L17: Recorder | M17: 0.3125 | N17: 0.64583333 | O17: =(N17-M17)*24 -> 8 | P17: 1 | Q17: =P17*O17 -> 8
A18: ="W"&WEEKNUM(B18,21) -> W42 | B18: 46312 | G18: Machining | H18: P26 | I18: Recorder/ Supporter | J18: Machining | K18: quét nhà toàn xưởng khu vực ASSY | L18: Supporter | M18: 0.3125 | N18: 0.64583333 | O18: =(N18-M18)*24 -> 8 | P18: 1 | Q18: =P18*O18 -> 8
A19: ="W"&WEEKNUM(B19,21) -> W42 | B19: 46312 | G19: Machining | H19: P26 | I19: Recorder/ Supporter | J19: Machining | K19: Theo hàng pilot -hàng test-spo-subcon-NCR | L19: Recorder | M19: 0.3125 | N19: 0.64583333 | O19: =(N19-M19)*24 -> 8 | P19: 1 | Q19: =P19*O19 -> 8
... A40: ="W"&WEEKNUM(B40,21) -> W42 | B40: 46312 | G40: Assembly | H40: A2 | I40: Training | J40: HR/HSE | K40: HC mới- 50% hiệu suất- 2 tuần-16/10 | L40: A2 ngày 1/12 - nhóm 16/10 | M40: 0.3125 | N40: 0.5 | O40: =(N40-M40)*24 -> 4.5 | P40: 1 | Q40: =P40*O40 -> 4.5
P41: Tổng | Q41: =SUM(Q3:Q40) -> 434
A43: Vàng = nhân viên mới ngày đầu (P22). Xanh = nhân viên đang ghi A2 (cột Ghi chú cho biết ngày thứ mấy trong 12 ngày).

Sheet Loss time 19-10
A1: LOSS TIME WHITE WOOD - 19/10/2026
A2: Week | B2: Date (Ngày) | C2: Item's Mã hàng | D2: Code Máy Hư | E2: Q'ty | F2: Số NCR/ME | G2: Khu vực phát sinh/bộ phận hỗ trợ | H2: Code | I2: Name code | J2: Chart / bộ phận chịu trách nhiệm | K2: Lí Do | L2: Ghi chú | M2: From | N2: To | O2: LossTime (Hr) | P2: HC | Q2: Loss time labor (Hrs)
A3: ="W"&WEEKNUM(B3,21) -> W43 | B3: 46314 | G3: RC - WOOD | H3: P20 | I3: Dailly Cleaning | J3: RC WOOD | K3: Vệ sinh khu vực máy móc RC WOOD | M3: 0.29166667 | N3: 0.3125 | O3: =(N3-M3)*24 -> 0.5 | P3: 7 | Q3: =P3*O3 -> 3.5
A4: ="W"&WEEKNUM(B4,21) -> W43 | B4: 46314 | G4: RC - PANEL | H4: P20 | I4: Dailly Cleaning | J4: RC - PANEL | K4: Vệ sinh khu vực máy móc RC PANEL | M4: 0.29166667 | N4: 0.3125 | O4: =(N4-M4)*24 -> 0.5 | P4: 18 | Q4: =P4*O4 -> 9
A5: ="W"&WEEKNUM(B5,21) -> W43 | B5: 46314 | G5: Machining | H5: P20 | I5: Dailly Cleaning | J5: Machining | K5: Vệ sinh khu vực máy móc MAC FINAL | M5: 0.29166667 | N5: 0.3125 | O5: =(N5-M5)*24 -> 0.5 | P5: 7 | Q5: =P5*O5 -> 3.5
A6: ="W"&WEEKNUM(B6,21) -> W43 | B6: 46314 | G6: Machining | H6: P20 | I6: Dailly Cleaning | J6: Machining | K6: Vệ sinh khu vực máy móc PRE MAC | M6: 0.29166667 | N6: 0.3125 | O6: =(N6-M6)*24 -> 0.5 | P6: 12 | Q6: =P6*O6 -> 6
A7: ="W"&WEEKNUM(B7,21) -> W43 | B7: 46314 | G7: Assembly | H7: P20 | I7: Dailly Cleaning | J7: Assembly | K7: Quét nhà toàn xưởng khu vực ASSY | M7: 0.3125 | N7: 0.83333333 | O7: =(N7-M7)*24 -> 12.5 | P7: 2 | Q7: =P7*O7 -> 25
A8: ="W"&WEEKNUM(B8,21) -> W43 | B8: 46314 | G8: RC - PANEL | H8: P26 | I8: Recorder/ Supporter | J8: RC - PANEL | K8: Shop Floor data RC PANEL | L8: Recorder | M8: 0.3125 | N8: 0.83333333 | O8: =(N8-M8)*24 -> 12.5 | P8: 4 | Q8: =P8*O8 -> 50
A9: ="W"&WEEKNUM(B9,21) -> W43 | B9: 46314 | G9: Machining | H9: P26 | I9: Recorder/ Supporter | J9: Machining | K9: Shop Floor data- STOCK ROOM | L9: Recorder | M9: 0.3125 | N9: 0.83333333 | O9: =(N9-M9)*24 -> 12.5 | P9: 1 | Q9: =P9*O9 -> 12.5
A10: ="W"&WEEKNUM(B10,21) -> W43 | B10: 46314 | G10: Machining | H10: P26 | I10: Recorder/ Supporter | J10: Machining | K10: Shop Floor data MAC FINAL | L10: Recorder | M10: 0.3125 | N10: 0.83333333 | O10: =(N10-M10)*24 -> 12.5 | P10: 1 | Q10: =P10*O10 -> 12.5
A11: ="W"&WEEKNUM(B11,21) -> W43 | B11: 46314 | G11: RC - PANEL | H11: P26 | I11: Recorder/ Supporter | J11: RC - PANEL | K11: Theo dõi Hàng venner làm xong | L11: Recorder | M11: 0.3125 | N11: 0.83333333 | O11: =(N11-M11)*24 -> 12.5 | P11: 1 | Q11: =P11*O11 -> 12.5
A12: ="W"&WEEKNUM(B12,21) -> W43 | B12: 46314 | G12: RC - PANEL | H12: P26 | I12: Recorder/ Supporter | J12: RC - PANEL | K12: Nhận venner cho ép nóng | L12: Supporter | M12: 0.3125 | N12: 0.83333333 | O12: =(N12-M12)*24 -> 12.5 | P12: 1 | Q12: =P12*O12 -> 12.5
A13: ="W"&WEEKNUM(B13,21) -> W43 | B13: 46314 | G13: RC - WOOD | H13: P26 | I13: Recorder/ Supporter | J13: RC WOOD | K13: Lựa hàng tinh giao mac- gỗ đẹp xấu | L13: Supporter | M13: 0.3125 | N13: 0.83333333 | O13: =(N13-M13)*24 -> 12.5 | P13: 1 | Q13: =P13*O13 -> 12.5
A14: ="W"&WEEKNUM(B14,21) -> W43 | B14: 46314 | G14: RC - PANEL | H14: P26 | I14: Recorder/ Supporter | J14: RC - PANEL | K14: Ghi nhận hàng giao kho | L14: Recorder | M14: 0.3125 | N14: 0.83333333 | O14: =(N14-M14)*24 -> 12.5 | P14: 1 | Q14: =P14*O14 -> 12.5
A15: ="W"&WEEKNUM(B15,21) -> W43 | B15: 46314 | G15: RC - PANEL | H15: P26 | I15: Recorder/ Supporter | J15: RC - PANEL | K15: Kiểm hàng chất lượng vào kho | L15: Supporter | M15: 0.3125 | N15: 0.83333333 | O15: =(N15-M15)*24 -> 12.5 | P15: 1 | Q15: =P15*O15 -> 12.5
A16: ="W"&WEEKNUM(B16,21) -> W43 | B16: 46314 | G16: RC - PANEL | H16: P26 | I16: Recorder/ Supporter | J16: Machining | K16: Nhận hàng gỗ đầu vào từ RC | L16: Supporter | M16: 0.3125 | N16: 0.83333333 | O16: =(N16-M16)*24 -> 12.5 | P16: 1 | Q16: =P16*O16 -> 12.5
A17: ="W"&WEEKNUM(B17,21) -> W43 | B17: 46314 | G17: Machining | H17: P26 | I17: Recorder/ Supporter | J17: Machining | K17: Ghi nhận hàng giao kho | L17: Recorder | M17: 0.3125 | N17: 0.83333333 | O17: =(N17-M17)*24 -> 12.5 | P17: 1 | Q17: =P17*O17 -> 12.5
A18: ="W"&WEEKNUM(B18,21) -> W43 | B18: 46314 | G18: Machining | H18: P26 | I18: Recorder/ Supporter | J18: Machining | K18: quét nhà toàn xưởng khu vực ASSY | L18: Supporter | M18: 0.3125 | N18: 0.83333333 | O18: =(N18-M18)*24 -> 12.5 | P18: 1 | Q18: =P18*O18 -> 12.5
A19: ="W"&WEEKNUM(B19,21) -> W43 | B19: 46314 | G19: Machining | H19: P26 | I19: Recorder/ Supporter | J19: Machining | K19: Theo hàng pilot -hàng test-spo-subcon-NCR | L19: Recorder | M19: 0.3125 | N19: 0.83333333 | O19: =(N19-M19)*24 -> 12.5 | P19: 1 | Q19: =P19*O19 -> 12.5
... A22: ="W"&WEEKNUM(B22,21) -> W43 | B22: 46314 | G22: Assembly | H22: P26 | I22: Recorder/ Supporter | J22: Assembly | K22: Giao nhận HW- phát HW cho Line sx | L22: Supporter | M22: 0.3125 | N22: 0.83333333 | O22: =(N22-M22)*24 -> 12.5 | P22: 1 | Q22: =P22*O22 -> 12.5
A23: ="W"&WEEKNUM(B23,21) -> W43 | B23: 46314 | G23: Assembly | H23: P22 | I23: HR Training New Workers | J23: HR/HSE | K23: Đào tạo công nhân mới | M23: 0.33333333 | N23: 0.66666667 | O23: =(N23-M23)*24 -> 8 | P23: 2 | Q23: =P23*O23 -> 16
A24: ="W"&WEEKNUM(B24,21) -> W43 | B24: 46314 | G24: Machining | H24: P22 | I24: HR Training New Workers | J24: HR/HSE | K24: Đào tạo công nhân mới | M24: 0.33333333 | N24: 0.66666667 | O24: =(N24-M24)*24 -> 8 | P24: 1 | Q24: =P24*O24 -> 8
A25: ="W"&WEEKNUM(B25,21) -> W43 | B25: 46314 | G25: Assembly | H25: A2 | I25: Training | J25: HR/HSE | K25: HC mới- 50% hiệu suất- 2 tuần-05/10 | L25: A2 ngày 12/12 - nhóm 05/10 | M25: 0.3125 | N25: 0.5 | O25: =(N25-M25)*24 -> 4.5 | P25: 6 | Q25: =P25*O25 -> 27
A26: ="W"&WEEKNUM(B26,21) -> W43 | B26: 46314 | G26: Assembly | H26: A2 | I26: Training | J26: HR/HSE | K26: HC mới- 50% hiệu suất- 2 tuần-06/10 | L26: A2 ngày 11/12 - nhóm 06/10 | M26: 0.3125 | N26: 0.5 | O26: =(N26-M26)*24 -> 4.5 | P26: 7 | Q26: =P26*O26 -> 31.5
A27: ="W"&WEEKNUM(B27,21) -> W43 | B27: 46314 | G27: Raw Cutting Panel | H27: A2 | I27: Training | J27: HR/HSE | K27: HC mới- 50% hiệu suất- 2 tuần-06/10 | L27: A2 ngày 11/12 - nhóm 06/10 | M27: 0.3125 | N27: 0.5 | O27: =(N27-M27)*24 -> 4.5 | P27: 4 | Q27: =P27*O27 -> 18
A28: ="W"&WEEKNUM(B28,21) -> W43 | B28: 46314 | G28: Machining | H28: A2 | I28: Training | J28: HR/HSE | K28: HC mới- 50% hiệu suất- 2 tuần-06/10 | L28: A2 ngày 11/12 - nhóm 06/10 | M28: 0.3125 | N28: 0.5 | O28: =(N28-M28)*24 -> 4.5 | P28: 3 | Q28: =P28*O28 -> 13.5
A29: ="W"&WEEKNUM(B29,21) -> W43 | B29: 46314 | G29: Assembly | H29: A2 | I29: Training | J29: HR/HSE | K29: HC mới- 50% hiệu suất- 2 tuần-07/10 | L29: A2 ngày 10/12 - nhóm 07/10 | M29: 0.3125 | N29: 0.5 | O29: =(N29-M29)*24 -> 4.5 | P29: 6 | Q29: =P29*O29 -> 27
A30: ="W"&WEEKNUM(B30,21) -> W43 | B30: 46314 | G30: Raw Cutting Panel | H30: A2 | I30: Training | J30: HR/HSE | K30: HC mới- 50% hiệu suất- 2 tuần-07/10 | L30: A2 ngày 10/12 - nhóm 07/10 | M30: 0.3125 | N30: 0.5 | O30: =(N30-M30)*24 -> 4.5 | P30: 2 | Q30: =P30*O30 -> 9
A31: ="W"&WEEKNUM(B31,21) -> W43 | B31: 46314 | G31: Raw Cutting Panel | H31: A2 | I31: Training | J31: HR/HSE | K31: HC mới- 50% hiệu suất- 2 tuần-08/10 | L31: A2 ngày 9/12 - nhóm 08/10 | M31: 0.3125 | N31: 0.5 | O31: =(N31-M31)*24 -> 4.5 | P31: 1 | Q31: =P31*O31 -> 4.5
A32: ="W"&WEEKNUM(B32,21) -> W43 | B32: 46314 | G32: Machining | H32: A2 | I32: Training | J32: HR/HSE | K32: HC mới- 50% hiệu suất- 2 tuần-08/10 | L32: A2 ngày 9/12 - nhóm 08/10 | M32: 0.3125 | N32: 0.5 | O32: =(N32-M32)*24 -> 4.5 | P32: 3 | Q32: =P32*O32 -> 13.5
A33: ="W"&WEEKNUM(B33,21) -> W43 | B33: 46314 | G33: Assembly | H33: A2 | I33: Training | J33: HR/HSE | K33: HC mới- 50% hiệu suất- 2 tuần-09/10 | L33: A2 ngày 8/12 - nhóm 09/10 | M33: 0.3125 | N33: 0.5 | O33: =(N33-M33)*24 -> 4.5 | P33: 6 | Q33: =P33*O33 -> 27
A34: ="W"&WEEKNUM(B34,21) -> W43 | B34: 46314 | G34: Raw Cutting Panel | H34: A2 | I34: Training | J34: HR/HSE | K34: HC mới- 50% hiệu suất- 2 tuần-09/10 | L34: A2 ngày 8/12 - nhóm 09/10 | M34: 0.3125 | N34: 0.5 | O34: =(N34-M34)*24 -> 4.5 | P34: 2 | Q34: =P34*O34 -> 9
A35: ="W"&WEEKNUM(B35,21) -> W43 | B35: 46314 | G35: Assembly | H35: A2 | I35: Training | J35: HR/HSE | K35: HC mới- 50% hiệu suất- 2 tuần-12/10 | L35: A2 ngày 6/12 - nhóm 12/10 | M35: 0.3125 | N35: 0.5 | O35: =(N35-M35)*24 -> 4.5 | P35: 2 | Q35: =P35*O35 -> 9
A36: ="W"&WEEKNUM(B36,21) -> W43 | B36: 46314 | G36: Raw Cutting Panel | H36: A2 | I36: Training | J36: HR/HSE | K36: HC mới- 50% hiệu suất- 2 tuần-12/10 | L36: A2 ngày 6/12 - nhóm 12/10 | M36: 0.3125 | N36: 0.5 | O36: =(N36-M36)*24 -> 4.5 | P36: 1 | Q36: =P36*O36 -> 4.5
... A42: ="W"&WEEKNUM(B42,21) -> W43 | B42: 46314 | G42: Assembly | H42: A2 | I42: Training | J42: HR/HSE | K42: HC mới- 50% hiệu suất- 2 tuần-16/10 | L42: A2 ngày 2/12 - nhóm 16/10 | M42: 0.3125 | N42: 0.5 | O42: =(N42-M42)*24 -> 4.5 | P42: 1 | Q42: =P42*O42 -> 4.5
P43: Tổng | Q43: =SUM(Q3:Q42) -> 548
A45: Vàng = nhân viên mới ngày đầu (P22). Xanh = nhân viên đang ghi A2 (cột Ghi chú cho biết ngày thứ mấy trong 12 ngày).

Sheet Loss time 20-10
A1: LOSS TIME WHITE WOOD - 20/10/2026
A2: Week | B2: Date (Ngày) | C2: Item's Mã hàng | D2: Code Máy Hư | E2: Q'ty | F2: Số NCR/ME | G2: Khu vực phát sinh/bộ phận hỗ trợ | H2: Code | I2: Name code | J2: Chart / bộ phận chịu trách nhiệm | K2: Lí Do | L2: Ghi chú | M2: From | N2: To | O2: LossTime (Hr) | P2: HC | Q2: Loss time labor (Hrs)
A3: ="W"&WEEKNUM(B3,21) -> W43 | B3: 46315 | G3: RC - WOOD | H3: P20 | I3: Dailly Cleaning | J3: RC WOOD | K3: Vệ sinh khu vực máy móc RC WOOD | M3: 0.29166667 | N3: 0.3125 | O3: =(N3-M3)*24 -> 0.5 | P3: 7 | Q3: =P3*O3 -> 3.5
A4: ="W"&WEEKNUM(B4,21) -> W43 | B4: 46315 | G4: RC - PANEL | H4: P20 | I4: Dailly Cleaning | J4: RC - PANEL | K4: Vệ sinh khu vực máy móc RC PANEL | M4: 0.29166667 | N4: 0.3125 | O4: =(N4-M4)*24 -> 0.5 | P4: 18 | Q4: =P4*O4 -> 9
A5: ="W"&WEEKNUM(B5,21) -> W43 | B5: 46315 | G5: Machining | H5: P20 | I5: Dailly Cleaning | J5: Machining | K5: Vệ sinh khu vực máy móc MAC FINAL | M5: 0.29166667 | N5: 0.3125 | O5: =(N5-M5)*24 -> 0.5 | P5: 7 | Q5: =P5*O5 -> 3.5
A6: ="W"&WEEKNUM(B6,21) -> W43 | B6: 46315 | G6: Machining | H6: P20 | I6: Dailly Cleaning | J6: Machining | K6: Vệ sinh khu vực máy móc PRE MAC | M6: 0.29166667 | N6: 0.3125 | O6: =(N6-M6)*24 -> 0.5 | P6: 12 | Q6: =P6*O6 -> 6
A7: ="W"&WEEKNUM(B7,21) -> W43 | B7: 46315 | G7: Assembly | H7: P20 | I7: Dailly Cleaning | J7: Assembly | K7: Quét nhà toàn xưởng khu vực ASSY | M7: 0.3125 | N7: 0.83333333 | O7: =(N7-M7)*24 -> 12.5 | P7: 2 | Q7: =P7*O7 -> 25
A8: ="W"&WEEKNUM(B8,21) -> W43 | B8: 46315 | G8: RC - PANEL | H8: P26 | I8: Recorder/ Supporter | J8: RC - PANEL | K8: Shop Floor data RC PANEL | L8: Recorder | M8: 0.3125 | N8: 0.83333333 | O8: =(N8-M8)*24 -> 12.5 | P8: 4 | Q8: =P8*O8 -> 50
A9: ="W"&WEEKNUM(B9,21) -> W43 | B9: 46315 | G9: Machining | H9: P26 | I9: Recorder/ Supporter | J9: Machining | K9: Shop Floor data- STOCK ROOM | L9: Recorder | M9: 0.3125 | N9: 0.83333333 | O9: =(N9-M9)*24 -> 12.5 | P9: 1 | Q9: =P9*O9 -> 12.5
A10: ="W"&WEEKNUM(B10,21) -> W43 | B10: 46315 | G10: Machining | H10: P26 | I10: Recorder/ Supporter | J10: Machining | K10: Shop Floor data MAC FINAL | L10: Recorder | M10: 0.3125 | N10: 0.83333333 | O10: =(N10-M10)*24 -> 12.5 | P10: 1 | Q10: =P10*O10 -> 12.5
A11: ="W"&WEEKNUM(B11,21) -> W43 | B11: 46315 | G11: RC - PANEL | H11: P26 | I11: Recorder/ Supporter | J11: RC - PANEL | K11: Theo dõi Hàng venner làm xong | L11: Recorder | M11: 0.3125 | N11: 0.83333333 | O11: =(N11-M11)*24 -> 12.5 | P11: 1 | Q11: =P11*O11 -> 12.5
A12: ="W"&WEEKNUM(B12,21) -> W43 | B12: 46315 | G12: RC - PANEL | H12: P26 | I12: Recorder/ Supporter | J12: RC - PANEL | K12: Nhận venner cho ép nóng | L12: Supporter | M12: 0.3125 | N12: 0.83333333 | O12: =(N12-M12)*24 -> 12.5 | P12: 1 | Q12: =P12*O12 -> 12.5
A13: ="W"&WEEKNUM(B13,21) -> W43 | B13: 46315 | G13: RC - WOOD | H13: P26 | I13: Recorder/ Supporter | J13: RC WOOD | K13: Lựa hàng tinh giao mac- gỗ đẹp xấu | L13: Supporter | M13: 0.3125 | N13: 0.83333333 | O13: =(N13-M13)*24 -> 12.5 | P13: 1 | Q13: =P13*O13 -> 12.5
A14: ="W"&WEEKNUM(B14,21) -> W43 | B14: 46315 | G14: RC - PANEL | H14: P26 | I14: Recorder/ Supporter | J14: RC - PANEL | K14: Ghi nhận hàng giao kho | L14: Recorder | M14: 0.3125 | N14: 0.83333333 | O14: =(N14-M14)*24 -> 12.5 | P14: 1 | Q14: =P14*O14 -> 12.5
A15: ="W"&WEEKNUM(B15,21) -> W43 | B15: 46315 | G15: RC - PANEL | H15: P26 | I15: Recorder/ Supporter | J15: RC - PANEL | K15: Kiểm hàng chất lượng vào kho | L15: Supporter | M15: 0.3125 | N15: 0.83333333 | O15: =(N15-M15)*24 -> 12.5 | P15: 1 | Q15: =P15*O15 -> 12.5
A16: ="W"&WEEKNUM(B16,21) -> W43 | B16: 46315 | G16: RC - PANEL | H16: P26 | I16: Recorder/ Supporter | J16: Machining | K16: Nhận hàng gỗ đầu vào từ RC | L16: Supporter | M16: 0.3125 | N16: 0.83333333 | O16: =(N16-M16)*24 -> 12.5 | P16: 1 | Q16: =P16*O16 -> 12.5
A17: ="W"&WEEKNUM(B17,21) -> W43 | B17: 46315 | G17: Machining | H17: P26 | I17: Recorder/ Supporter | J17: Machining | K17: Ghi nhận hàng giao kho | L17: Recorder | M17: 0.3125 | N17: 0.83333333 | O17: =(N17-M17)*24 -> 12.5 | P17: 1 | Q17: =P17*O17 -> 12.5
A18: ="W"&WEEKNUM(B18,21) -> W43 | B18: 46315 | G18: Machining | H18: P26 | I18: Recorder/ Supporter | J18: Machining | K18: quét nhà toàn xưởng khu vực ASSY | L18: Supporter | M18: 0.3125 | N18: 0.83333333 | O18: =(N18-M18)*24 -> 12.5 | P18: 1 | Q18: =P18*O18 -> 12.5
A19: ="W"&WEEKNUM(B19,21) -> W43 | B19: 46315 | G19: Machining | H19: P26 | I19: Recorder/ Supporter | J19: Machining | K19: Theo hàng pilot -hàng test-spo-subcon-NCR | L19: Recorder | M19: 0.3125 | N19: 0.83333333 | O19: =(N19-M19)*24 -> 12.5 | P19: 1 | Q19: =P19*O19 -> 12.5
... A22: ="W"&WEEKNUM(B22,21) -> W43 | B22: 46315 | G22: Assembly | H22: P26 | I22: Recorder/ Supporter | J22: Assembly | K22: Giao nhận HW- phát HW cho Line sx | L22: Supporter | M22: 0.3125 | N22: 0.83333333 | O22: =(N22-M22)*24 -> 12.5 | P22: 1 | Q22: =P22*O22 -> 12.5
A23: ="W"&WEEKNUM(B23,21) -> W43 | B23: 46315 | G23: Assembly | H23: P22 | I23: HR Training New Workers | J23: HR/HSE | K23: Đào tạo công nhân mới | M23: 0.33333333 | N23: 0.66666667 | O23: =(N23-M23)*24 -> 8 | P23: 4 | Q23: =P23*O23 -> 32
A24: ="W"&WEEKNUM(B24,21) -> W43 | B24: 46315 | G24: Machining | H24: P22 | I24: HR Training New Workers | J24: HR/HSE | K24: Đào tạo công nhân mới | M24: 0.33333333 | N24: 0.66666667 | O24: =(N24-M24)*24 -> 8 | P24: 2 | Q24: =P24*O24 -> 16
A25: ="W"&WEEKNUM(B25,21) -> W43 | B25: 46315 | G25: Assembly | H25: A2 | I25: Training | J25: HR/HSE | K25: HC mới- 50% hiệu suất- 2 tuần-06/10 | L25: A2 ngày 12/12 - nhóm 06/10 | M25: 0.3125 | N25: 0.5 | O25: =(N25-M25)*24 -> 4.5 | P25: 7 | Q25: =P25*O25 -> 31.5
A26: ="W"&WEEKNUM(B26,21) -> W43 | B26: 46315 | G26: Raw Cutting Panel | H26: A2 | I26: Training | J26: HR/HSE | K26: HC mới- 50% hiệu suất- 2 tuần-06/10 | L26: A2 ngày 12/12 - nhóm 06/10 | M26: 0.3125 | N26: 0.5 | O26: =(N26-M26)*24 -> 4.5 | P26: 4 | Q26: =P26*O26 -> 18
A27: ="W"&WEEKNUM(B27,21) -> W43 | B27: 46315 | G27: Machining | H27: A2 | I27: Training | J27: HR/HSE | K27: HC mới- 50% hiệu suất- 2 tuần-06/10 | L27: A2 ngày 12/12 - nhóm 06/10 | M27: 0.3125 | N27: 0.5 | O27: =(N27-M27)*24 -> 4.5 | P27: 3 | Q27: =P27*O27 -> 13.5
A28: ="W"&WEEKNUM(B28,21) -> W43 | B28: 46315 | G28: Assembly | H28: A2 | I28: Training | J28: HR/HSE | K28: HC mới- 50% hiệu suất- 2 tuần-07/10 | L28: A2 ngày 11/12 - nhóm 07/10 | M28: 0.3125 | N28: 0.5 | O28: =(N28-M28)*24 -> 4.5 | P28: 6 | Q28: =P28*O28 -> 27
A29: ="W"&WEEKNUM(B29,21) -> W43 | B29: 46315 | G29: Raw Cutting Panel | H29: A2 | I29: Training | J29: HR/HSE | K29: HC mới- 50% hiệu suất- 2 tuần-07/10 | L29: A2 ngày 11/12 - nhóm 07/10 | M29: 0.3125 | N29: 0.5 | O29: =(N29-M29)*24 -> 4.5 | P29: 2 | Q29: =P29*O29 -> 9
A30: ="W"&WEEKNUM(B30,21) -> W43 | B30: 46315 | G30: Raw Cutting Panel | H30: A2 | I30: Training | J30: HR/HSE | K30: HC mới- 50% hiệu suất- 2 tuần-08/10 | L30: A2 ngày 10/12 - nhóm 08/10 | M30: 0.3125 | N30: 0.5 | O30: =(N30-M30)*24 -> 4.5 | P30: 1 | Q30: =P30*O30 -> 4.5
A31: ="W"&WEEKNUM(B31,21) -> W43 | B31: 46315 | G31: Machining | H31: A2 | I31: Training | J31: HR/HSE | K31: HC mới- 50% hiệu suất- 2 tuần-08/10 | L31: A2 ngày 10/12 - nhóm 08/10 | M31: 0.3125 | N31: 0.5 | O31: =(N31-M31)*24 -> 4.5 | P31: 3 | Q31: =P31*O31 -> 13.5
A32: ="W"&WEEKNUM(B32,21) -> W43 | B32: 46315 | G32: Assembly | H32: A2 | I32: Training | J32: HR/HSE | K32: HC mới- 50% hiệu suất- 2 tuần-09/10 | L32: A2 ngày 9/12 - nhóm 09/10 | M32: 0.3125 | N32: 0.5 | O32: =(N32-M32)*24 -> 4.5 | P32: 6 | Q32: =P32*O32 -> 27
A33: ="W"&WEEKNUM(B33,21) -> W43 | B33: 46315 | G33: Raw Cutting Panel | H33: A2 | I33: Training | J33: HR/HSE | K33: HC mới- 50% hiệu suất- 2 tuần-09/10 | L33: A2 ngày 9/12 - nhóm 09/10 | M33: 0.3125 | N33: 0.5 | O33: =(N33-M33)*24 -> 4.5 | P33: 2 | Q33: =P33*O33 -> 9
A34: ="W"&WEEKNUM(B34,21) -> W43 | B34: 46315 | G34: Assembly | H34: A2 | I34: Training | J34: HR/HSE | K34: HC mới- 50% hiệu suất- 2 tuần-12/10 | L34: A2 ngày 7/12 - nhóm 12/10 | M34: 0.3125 | N34: 0.5 | O34: =(N34-M34)*24 -> 4.5 | P34: 2 | Q34: =P34*O34 -> 9
A35: ="W"&WEEKNUM(B35,21) -> W43 | B35: 46315 | G35: Raw Cutting Panel | H35: A2 | I35: Training | J35: HR/HSE | K35: HC mới- 50% hiệu suất- 2 tuần-12/10 | L35: A2 ngày 7/12 - nhóm 12/10 | M35: 0.3125 | N35: 0.5 | O35: =(N35-M35)*24 -> 4.5 | P35: 1 | Q35: =P35*O35 -> 4.5
A36: ="W"&WEEKNUM(B36,21) -> W43 | B36: 46315 | G36: Assembly | H36: A2 | I36: Training | J36: HR/HSE | K36: HC mới- 50% hiệu suất- 2 tuần-13/10 | L36: A2 ngày 6/12 - nhóm 13/10 | M36: 0.3125 | N36: 0.5 | O36: =(N36-M36)*24 -> 4.5 | P36: 2 | Q36: =P36*O36 -> 9
... A43: ="W"&WEEKNUM(B43,21) -> W43 | B43: 46315 | G43: Machining | H43: A2 | I43: Training | J43: HR/HSE | K43: HC mới- 50% hiệu suất- 2 tuần-19/10 | L43: A2 ngày 1/12 - nhóm 19/10 | M43: 0.3125 | N43: 0.5 | O43: =(N43-M43)*24 -> 4.5 | P43: 1 | Q43: =P43*O43 -> 4.5
P44: Tổng | Q44: =SUM(Q3:Q43) -> 558.5
A46: Vàng = nhân viên mới ngày đầu (P22). Xanh = nhân viên đang ghi A2 (cột Ghi chú cho biết ngày thứ mấy trong 12 ngày).

Sheet Loss time 21-10
A1: LOSS TIME WHITE WOOD - 21/10/2026
A2: Week | B2: Date (Ngày) | C2: Item's Mã hàng | D2: Code Máy Hư | E2: Q'ty | F2: Số NCR/ME | G2: Khu vực phát sinh/bộ phận hỗ trợ | H2: Code | I2: Name code | J2: Chart / bộ phận chịu trách nhiệm | K2: Lí Do | L2: Ghi chú | M2: From | N2: To | O2: LossTime (Hr) | P2: HC | Q2: Loss time labor (Hrs)
A3: ="W"&WEEKNUM(B3,21) -> W43 | B3: 46316 | G3: RC - WOOD | H3: P20 | I3: Dailly Cleaning | J3: RC WOOD | K3: Vệ sinh khu vực máy móc RC WOOD | M3: 0.29166667 | N3: 0.3125 | O3: =(N3-M3)*24 -> 0.5 | P3: 7 | Q3: =P3*O3 -> 3.5
A4: ="W"&WEEKNUM(B4,21) -> W43 | B4: 46316 | G4: RC - PANEL | H4: P20 | I4: Dailly Cleaning | J4: RC - PANEL | K4: Vệ sinh khu vực máy móc RC PANEL | M4: 0.29166667 | N4: 0.3125 | O4: =(N4-M4)*24 -> 0.5 | P4: 18 | Q4: =P4*O4 -> 9
A5: ="W"&WEEKNUM(B5,21) -> W43 | B5: 46316 | G5: Machining | H5: P20 | I5: Dailly Cleaning | J5: Machining | K5: Vệ sinh khu vực máy móc MAC FINAL | M5: 0.29166667 | N5: 0.3125 | O5: =(N5-M5)*24 -> 0.5 | P5: 7 | Q5: =P5*O5 -> 3.5
A6: ="W"&WEEKNUM(B6,21) -> W43 | B6: 46316 | G6: Machining | H6: P20 | I6: Dailly Cleaning | J6: Machining | K6: Vệ sinh khu vực máy móc PRE MAC | M6: 0.29166667 | N6: 0.3125 | O6: =(N6-M6)*24 -> 0.5 | P6: 12 | Q6: =P6*O6 -> 6
A7: ="W"&WEEKNUM(B7,21) -> W43 | B7: 46316 | G7: Assembly | H7: P20 | I7: Dailly Cleaning | J7: Assembly | K7: Quét nhà toàn xưởng khu vực ASSY | M7: 0.3125 | N7: 0.83333333 | O7: =(N7-M7)*24 -> 12.5 | P7: 2 | Q7: =P7*O7 -> 25
A8: ="W"&WEEKNUM(B8,21) -> W43 | B8: 46316 | G8: RC - PANEL | H8: P26 | I8: Recorder/ Supporter | J8: RC - PANEL | K8: Shop Floor data RC PANEL | L8: Recorder | M8: 0.3125 | N8: 0.83333333 | O8: =(N8-M8)*24 -> 12.5 | P8: 4 | Q8: =P8*O8 -> 50
A9: ="W"&WEEKNUM(B9,21) -> W43 | B9: 46316 | G9: Machining | H9: P26 | I9: Recorder/ Supporter | J9: Machining | K9: Shop Floor data- STOCK ROOM | L9: Recorder | M9: 0.3125 | N9: 0.83333333 | O9: =(N9-M9)*24 -> 12.5 | P9: 1 | Q9: =P9*O9 -> 12.5
A10: ="W"&WEEKNUM(B10,21) -> W43 | B10: 46316 | G10: Machining | H10: P26 | I10: Recorder/ Supporter | J10: Machining | K10: Shop Floor data MAC FINAL | L10: Recorder | M10: 0.3125 | N10: 0.83333333 | O10: =(N10-M10)*24 -> 12.5 | P10: 1 | Q10: =P10*O10 -> 12.5
A11: ="W"&WEEKNUM(B11,21) -> W43 | B11: 46316 | G11: RC - PANEL | H11: P26 | I11: Recorder/ Supporter | J11: RC - PANEL | K11: Theo dõi Hàng venner làm xong | L11: Recorder | M11: 0.3125 | N11: 0.83333333 | O11: =(N11-M11)*24 -> 12.5 | P11: 1 | Q11: =P11*O11 -> 12.5
A12: ="W"&WEEKNUM(B12,21) -> W43 | B12: 46316 | G12: RC - PANEL | H12: P26 | I12: Recorder/ Supporter | J12: RC - PANEL | K12: Nhận venner cho ép nóng | L12: Supporter | M12: 0.3125 | N12: 0.83333333 | O12: =(N12-M12)*24 -> 12.5 | P12: 1 | Q12: =P12*O12 -> 12.5
A13: ="W"&WEEKNUM(B13,21) -> W43 | B13: 46316 | G13: RC - WOOD | H13: P26 | I13: Recorder/ Supporter | J13: RC WOOD | K13: Lựa hàng tinh giao mac- gỗ đẹp xấu | L13: Supporter | M13: 0.3125 | N13: 0.83333333 | O13: =(N13-M13)*24 -> 12.5 | P13: 1 | Q13: =P13*O13 -> 12.5
A14: ="W"&WEEKNUM(B14,21) -> W43 | B14: 46316 | G14: RC - PANEL | H14: P26 | I14: Recorder/ Supporter | J14: RC - PANEL | K14: Ghi nhận hàng giao kho | L14: Recorder | M14: 0.3125 | N14: 0.83333333 | O14: =(N14-M14)*24 -> 12.5 | P14: 1 | Q14: =P14*O14 -> 12.5
A15: ="W"&WEEKNUM(B15,21) -> W43 | B15: 46316 | G15: RC - PANEL | H15: P26 | I15: Recorder/ Supporter | J15: RC - PANEL | K15: Kiểm hàng chất lượng vào kho | L15: Supporter | M15: 0.3125 | N15: 0.83333333 | O15: =(N15-M15)*24 -> 12.5 | P15: 1 | Q15: =P15*O15 -> 12.5
A16: ="W"&WEEKNUM(B16,21) -> W43 | B16: 46316 | G16: RC - PANEL | H16: P26 | I16: Recorder/ Supporter | J16: Machining | K16: Nhận hàng gỗ đầu vào từ RC | L16: Supporter | M16: 0.3125 | N16: 0.83333333 | O16: =(N16-M16)*24 -> 12.5 | P16: 1 | Q16: =P16*O16 -> 12.5
A17: ="W"&WEEKNUM(B17,21) -> W43 | B17: 46316 | G17: Machining | H17: P26 | I17: Recorder/ Supporter | J17: Machining | K17: Ghi nhận hàng giao kho | L17: Recorder | M17: 0.3125 | N17: 0.83333333 | O17: =(N17-M17)*24 -> 12.5 | P17: 1 | Q17: =P17*O17 -> 12.5
A18: ="W"&WEEKNUM(B18,21) -> W43 | B18: 46316 | G18: Machining | H18: P26 | I18: Recorder/ Supporter | J18: Machining | K18: quét nhà toàn xưởng khu vực ASSY | L18: Supporter | M18: 0.3125 | N18: 0.83333333 | O18: =(N18-M18)*24 -> 12.5 | P18: 1 | Q18: =P18*O18 -> 12.5
A19: ="W"&WEEKNUM(B19,21) -> W43 | B19: 46316 | G19: Machining | H19: P26 | I19: Recorder/ Supporter | J19: Machining | K19: Theo hàng pilot -hàng test-spo-subcon-NCR | L19: Recorder | M19: 0.3125 | N19: 0.83333333 | O19: =(N19-M19)*24 -> 12.5 | P19: 1 | Q19: =P19*O19 -> 12.5
... A22: ="W"&WEEKNUM(B22,21) -> W43 | B22: 46316 | G22: Assembly | H22: P26 | I22: Recorder/ Supporter | J22: Assembly | K22: Giao nhận HW- phát HW cho Line sx | L22: Supporter | M22: 0.3125 | N22: 0.83333333 | O22: =(N22-M22)*24 -> 12.5 | P22: 1 | Q22: =P22*O22 -> 12.5
A23: ="W"&WEEKNUM(B23,21) -> W43 | B23: 46316 | G23: Raw Cutting Panel | H23: P22 | I23: HR Training New Workers | J23: HR/HSE | K23: Đào tạo công nhân mới | M23: 0.33333333 | N23: 0.66666667 | O23: =(N23-M23)*24 -> 8 | P23: 1 | Q23: =P23*O23 -> 8
A24: ="W"&WEEKNUM(B24,21) -> W43 | B24: 46316 | G24: Machining | H24: P22 | I24: HR Training New Workers | J24: HR/HSE | K24: Đào tạo công nhân mới | M24: 0.33333333 | N24: 0.66666667 | O24: =(N24-M24)*24 -> 8 | P24: 2 | Q24: =P24*O24 -> 16
A25: ="W"&WEEKNUM(B25,21) -> W43 | B25: 46316 | G25: Assembly | H25: P22 | I25: HR Training New Workers | J25: HR/HSE | K25: Đào tạo công nhân mới | M25: 0.33333333 | N25: 0.66666667 | O25: =(N25-M25)*24 -> 8 | P25: 2 | Q25: =P25*O25 -> 16
A26: ="W"&WEEKNUM(B26,21) -> W43 | B26: 46316 | G26: Assembly | H26: A2 | I26: Training | J26: HR/HSE | K26: HC mới- 50% hiệu suất- 2 tuần-07/10 | L26: A2 ngày 12/12 - nhóm 07/10 | M26: 0.3125 | N26: 0.5 | O26: =(N26-M26)*24 -> 4.5 | P26: 6 | Q26: =P26*O26 -> 27
A27: ="W"&WEEKNUM(B27,21) -> W43 | B27: 46316 | G27: Raw Cutting Panel | H27: A2 | I27: Training | J27: HR/HSE | K27: HC mới- 50% hiệu suất- 2 tuần-07/10 | L27: A2 ngày 12/12 - nhóm 07/10 | M27: 0.3125 | N27: 0.5 | O27: =(N27-M27)*24 -> 4.5 | P27: 2 | Q27: =P27*O27 -> 9
A28: ="W"&WEEKNUM(B28,21) -> W43 | B28: 46316 | G28: Raw Cutting Panel | H28: A2 | I28: Training | J28: HR/HSE | K28: HC mới- 50% hiệu suất- 2 tuần-08/10 | L28: A2 ngày 11/12 - nhóm 08/10 | M28: 0.3125 | N28: 0.5 | O28: =(N28-M28)*24 -> 4.5 | P28: 1 | Q28: =P28*O28 -> 4.5
A29: ="W"&WEEKNUM(B29,21) -> W43 | B29: 46316 | G29: Machining | H29: A2 | I29: Training | J29: HR/HSE | K29: HC mới- 50% hiệu suất- 2 tuần-08/10 | L29: A2 ngày 11/12 - nhóm 08/10 | M29: 0.3125 | N29: 0.5 | O29: =(N29-M29)*24 -> 4.5 | P29: 3 | Q29: =P29*O29 -> 13.5
A30: ="W"&WEEKNUM(B30,21) -> W43 | B30: 46316 | G30: Assembly | H30: A2 | I30: Training | J30: HR/HSE | K30: HC mới- 50% hiệu suất- 2 tuần-09/10 | L30: A2 ngày 10/12 - nhóm 09/10 | M30: 0.3125 | N30: 0.5 | O30: =(N30-M30)*24 -> 4.5 | P30: 6 | Q30: =P30*O30 -> 27
A31: ="W"&WEEKNUM(B31,21) -> W43 | B31: 46316 | G31: Raw Cutting Panel | H31: A2 | I31: Training | J31: HR/HSE | K31: HC mới- 50% hiệu suất- 2 tuần-09/10 | L31: A2 ngày 10/12 - nhóm 09/10 | M31: 0.3125 | N31: 0.5 | O31: =(N31-M31)*24 -> 4.5 | P31: 2 | Q31: =P31*O31 -> 9
A32: ="W"&WEEKNUM(B32,21) -> W43 | B32: 46316 | G32: Assembly | H32: A2 | I32: Training | J32: HR/HSE | K32: HC mới- 50% hiệu suất- 2 tuần-12/10 | L32: A2 ngày 8/12 - nhóm 12/10 | M32: 0.3125 | N32: 0.5 | O32: =(N32-M32)*24 -> 4.5 | P32: 2 | Q32: =P32*O32 -> 9
A33: ="W"&WEEKNUM(B33,21) -> W43 | B33: 46316 | G33: Raw Cutting Panel | H33: A2 | I33: Training | J33: HR/HSE | K33: HC mới- 50% hiệu suất- 2 tuần-12/10 | L33: A2 ngày 8/12 - nhóm 12/10 | M33: 0.3125 | N33: 0.5 | O33: =(N33-M33)*24 -> 4.5 | P33: 1 | Q33: =P33*O33 -> 4.5
A34: ="W"&WEEKNUM(B34,21) -> W43 | B34: 46316 | G34: Assembly | H34: A2 | I34: Training | J34: HR/HSE | K34: HC mới- 50% hiệu suất- 2 tuần-13/10 | L34: A2 ngày 7/12 - nhóm 13/10 | M34: 0.3125 | N34: 0.5 | O34: =(N34-M34)*24 -> 4.5 | P34: 2 | Q34: =P34*O34 -> 9
A35: ="W"&WEEKNUM(B35,21) -> W43 | B35: 46316 | G35: Raw Cutting Panel | H35: A2 | I35: Training | J35: HR/HSE | K35: HC mới- 50% hiệu suất- 2 tuần-13/10 | L35: A2 ngày 7/12 - nhóm 13/10 | M35: 0.3125 | N35: 0.5 | O35: =(N35-M35)*24 -> 4.5 | P35: 4 | Q35: =P35*O35 -> 18
A36: ="W"&WEEKNUM(B36,21) -> W43 | B36: 46316 | G36: Machining | H36: A2 | I36: Training | J36: HR/HSE | K36: HC mới- 50% hiệu suất- 2 tuần-13/10 | L36: A2 ngày 7/12 - nhóm 13/10 | M36: 0.3125 | N36: 0.5 | O36: =(N36-M36)*24 -> 4.5 | P36: 1 | Q36: =P36*O36 -> 4.5
A37: ="W"&WEEKNUM(B37,21) -> W43 | B37: 46316 | G37: Assembly | H37: A2 | I37: Training | J37: HR/HSE | K37: HC mới- 50% hiệu suất- 2 tuần-14/10 | L37: A2 ngày 6/12 - nhóm 14/10 | M37: 0.3125 | N37: 0.5 | O37: =(N37-M37)*24 -> 4.5 | P37: 1 | Q37: =P37*O37 -> 4.5
... A43: ="W"&WEEKNUM(B43,21) -> W43 | B43: 46316 | G43: Machining | H43: A2 | I43: Training | J43: HR/HSE | K43: HC mới- 50% hiệu suất- 2 tuần-20/10 | L43: A2 ngày 1/12 - nhóm 20/10 | M43: 0.3125 | N43: 0.5 | O43: =(N43-M43)*24 -> 4.5 | P43: 2 | Q43: =P43*O43 -> 9
P44: Tổng | Q44: =SUM(Q3:Q43) -> 514.5
A46: Vàng = nhân viên mới ngày đầu (P22). Xanh = nhân viên đang ghi A2 (cột Ghi chú cho biết ngày thứ mấy trong 12 ngày).

Sheet Tổng hợp
A1: TỔNG HỢP LOSS TIME LABOR (GIỜ CÔNG)
A3: Ngày 05/10/2026
A4: Code | B4: Tên | C4: RC - WOOD | D4: RC - PANEL | E4: Machining | F4: Assembly | G4: RC | H4: Raw Cutting Panel | I4: Chưa rõ khu vực | J4: Tổng
A5: P20 | B5: Dailly Cleaning | C5: =SUMIFS('Loss time 05-10'!$Q$3:$Q$39,'Loss time 05-10'!$H$3:$H$39,$A5,'Loss time 05-10'!$G$3:$G$39,C$4) -> 3.5 | D5: =SUMIFS('Loss time 05-10'!$Q$3:$Q$39,'Loss time 05-10'!$H$3:$H$39,$A5,'Loss time 05-10'!$G$3:$G$39,D$4) -> 9 | E5: =SUMIFS('Loss time 05-10'!$Q$3:$Q$39,'Loss time 05-10'!$H$3:$H$39,$A5,'Loss time 05-10'!$G$3:$G$39,E$4) -> 9.5 | F5: =SUMIFS('Loss time 05-10'!$Q$3:$Q$39,'Loss time 05-10'!$H$3:$H$39,$A5,'Loss time 05-10'!$G$3:$G$39,F$4) -> 25 | G5: =SUMIFS('Loss time 05-10'!$Q$3:$Q$39,'Loss time 05-10'!$H$3:$H$39,$A5,'Loss time 05-10'!$G$3:$G$39,G$4) -> 0 | H5: =SUMIFS('Loss time 05-10'!$Q$3:$Q$39,'Loss time 05-10'!$H$3:$H$39,$A5,'Loss time 05-10'!$G$3:$G$39,H$4) -> 0 | I5: =SUMIFS('Loss time 05-10'!$Q$3:$Q$39,'Loss time 05-10'!$H$3:$H$39,$A5,'Loss time 05-10'!$G$3:$G$39,I$4) -> 0 | J5: =SUM(C5:I5) -> 47
A6: P26 | B6: Recorder/ Supporter | C6: =SUMIFS('Loss time 05-10'!$Q$3:$Q$39,'Loss time 05-10'!$H$3:$H$39,$A6,'Loss time 05-10'!$G$3:$G$39,C$4) -> 12.5 | D6: =SUMIFS('Loss time 05-10'!$Q$3:$Q$39,'Loss time 05-10'!$H$3:$H$39,$A6,'Loss time 05-10'!$G$3:$G$39,D$4) -> 112.5 | E6: =SUMIFS('Loss time 05-10'!$Q$3:$Q$39,'Loss time 05-10'!$H$3:$H$39,$A6,'Loss time 05-10'!$G$3:$G$39,E$4) -> 75 | F6: =SUMIFS('Loss time 05-10'!$Q$3:$Q$39,'Loss time 05-10'!$H$3:$H$39,$A6,'Loss time 05-10'!$G$3:$G$39,F$4) -> 25 | G6: =SUMIFS('Loss time 05-10'!$Q$3:$Q$39,'Loss time 05-10'!$H$3:$H$39,$A6,'Loss time 05-10'!$G$3:$G$39,G$4) -> 0 | H6: =SUMIFS('Loss time 05-10'!$Q$3:$Q$39,'Loss time 05-10'!$H$3:$H$39,$A6,'Loss time 05-10'!$G$3:$G$39,H$4) -> 0 | I6: =SUMIFS('Loss time 05-10'!$Q$3:$Q$39,'Loss time 05-10'!$H$3:$H$39,$A6,'Loss time 05-10'!$G$3:$G$39,I$4) -> 0 | J6: =SUM(C6:I6) -> 225
A7: P22 | B7: HR Training New Workers | C7: =SUMIFS('Loss time 05-10'!$Q$3:$Q$39,'Loss time 05-10'!$H$3:$H$39,$A7,'Loss time 05-10'!$G$3:$G$39,C$4) -> 0 | D7: =SUMIFS('Loss time 05-10'!$Q$3:$Q$39,'Loss time 05-10'!$H$3:$H$39,$A7,'Loss time 05-10'!$G$3:$G$39,D$4) -> 0 | E7: =SUMIFS('Loss time 05-10'!$Q$3:$Q$39,'Loss time 05-10'!$H$3:$H$39,$A7,'Loss time 05-10'!$G$3:$G$39,E$4) -> 0 | F7: =SUMIFS('Loss time 05-10'!$Q$3:$Q$39,'Loss time 05-10'!$H$3:$H$39,$A7,'Loss time 05-10'!$G$3:$G$39,F$4) -> 48 | G7: =SUMIFS('Loss time 05-10'!$Q$3:$Q$39,'Loss time 05-10'!$H$3:$H$39,$A7,'Loss time 05-10'!$G$3:$G$39,G$4) -> 0 | H7: =SUMIFS('Loss time 05-10'!$Q$3:$Q$39,'Loss time 05-10'!$H$3:$H$39,$A7,'Loss time 05-10'!$G$3:$G$39,H$4) -> 0 | I7: =SUMIFS('Loss time 05-10'!$Q$3:$Q$39,'Loss time 05-10'!$H$3:$H$39,$A7,'Loss time 05-10'!$G$3:$G$39,I$4) -> 0 | J7: =SUM(C7:I7) -> 48
A8: A2 | B8: Training | C8: =SUMIFS('Loss time 05-10'!$Q$3:$Q$39,'Loss time 05-10'!$H$3:$H$39,$A8,'Loss time 05-10'!$G$3:$G$39,C$4) -> 0 | D8: =SUMIFS('Loss time 05-10'!$Q$3:$Q$39,'Loss time 05-10'!$H$3:$H$39,$A8,'Loss time 05-10'!$G$3:$G$39,D$4) -> 0 | E8: =SUMIFS('Loss time 05-10'!$Q$3:$Q$39,'Loss time 05-10'!$H$3:$H$39,$A8,'Loss time 05-10'!$G$3:$G$39,E$4) -> 85.5 | F8: =SUMIFS('Loss time 05-10'!$Q$3:$Q$39,'Loss time 05-10'!$H$3:$H$39,$A8,'Loss time 05-10'!$G$3:$G$39,F$4) -> 85.5 | G8: =SUMIFS('Loss time 05-10'!$Q$3:$Q$39,'Loss time 05-10'!$H$3:$H$39,$A8,'Loss time 05-10'!$G$3:$G$39,G$4) -> 22.5 | H8: =SUMIFS('Loss time 05-10'!$Q$3:$Q$39,'Loss time 05-10'!$H$3:$H$39,$A8,'Loss time 05-10'!$G$3:$G$39,H$4) -> 18 | I8: =SUMIFS('Loss time 05-10'!$Q$3:$Q$39,'Loss time 05-10'!$H$3:$H$39,$A8,'Loss time 05-10'!$G$3:$G$39,I$4) -> 0 | J8: =SUM(C8:I8) -> 211.5
A9: Tổng | C9: =SUM(C5:C8) -> 16 | D9: =SUM(D5:D8) -> 121.5 | E9: =SUM(E5:E8) -> 170 | F9: =SUM(F5:F8) -> 183.5 | G9: =SUM(G5:G8) -> 22.5 | H9: =SUM(H5:H8) -> 18 | I9: =SUM(I5:I8) -> 0 | J9: =SUM(J5:J8) -> 531.5
A12: Ngày 06/10/2026
A13: Code | B13: Tên | C13: RC - WOOD | D13: RC - PANEL | E13: Machining | F13: Assembly | G13: RC | H13: Raw Cutting Panel | I13: Chưa rõ khu vực | J13: Tổng
A14: P20 | B14: Dailly Cleaning | C14: =SUMIFS('Loss time 06-10'!$Q$3:$Q$42,'Loss time 06-10'!$H$3:$H$42,$A14,'Loss time 06-10'!$G$3:$G$42,C$13) -> 3.5 | D14: =SUMIFS('Loss time 06-10'!$Q$3:$Q$42,'Loss time 06-10'!$H$3:$H$42,$A14,'Loss time 06-10'!$G$3:$G$42,D$13) -> 9 | E14: =SUMIFS('Loss time 06-10'!$Q$3:$Q$42,'Loss time 06-10'!$H$3:$H$42,$A14,'Loss time 06-10'!$G$3:$G$42,E$13) -> 9.5 | F14: =SUMIFS('Loss time 06-10'!$Q$3:$Q$42,'Loss time 06-10'!$H$3:$H$42,$A14,'Loss time 06-10'!$G$3:$G$42,F$13) -> 25 | G14: =SUMIFS('Loss time 06-10'!$Q$3:$Q$42,'Loss time 06-10'!$H$3:$H$42,$A14,'Loss time 06-10'!$G$3:$G$42,G$13) -> 0 | H14: =SUMIFS('Loss time 06-10'!$Q$3:$Q$42,'Loss time 06-10'!$H$3:$H$42,$A14,'Loss time 06-10'!$G$3:$G$42,H$13) -> 0 | I14: =SUMIFS('Loss time 06-10'!$Q$3:$Q$42,'Loss time 06-10'!$H$3:$H$42,$A14,'Loss time 06-10'!$G$3:$G$42,I$13) -> 0 | J14: =SUM(C14:I14) -> 47
A15: P26 | B15: Recorder/ Supporter | C15: =SUMIFS('Loss time 06-10'!$Q$3:$Q$42,'Loss time 06-10'!$H$3:$H$42,$A15,'Loss time 06-10'!$G$3:$G$42,C$13) -> 12.5 | D15: =SUMIFS('Loss time 06-10'!$Q$3:$Q$42,'Loss time 06-10'!$H$3:$H$42,$A15,'Loss time 06-10'!$G$3:$G$42,D$13) -> 112.5 | E15: =SUMIFS('Loss time 06-10'!$Q$3:$Q$42,'Loss time 06-10'!$H$3:$H$42,$A15,'Loss time 06-10'!$G$3:$G$42,E$13) -> 75 | F15: =SUMIFS('Loss time 06-10'!$Q$3:$Q$42,'Loss time 06-10'!$H$3:$H$42,$A15,'Loss time 06-10'!$G$3:$G$42,F$13) -> 25 | G15: =SUMIFS('Loss time 06-10'!$Q$3:$Q$42,'Loss time 06-10'!$H$3:$H$42,$A15,'Loss time 06-10'!$G$3:$G$42,G$13) -> 0 | H15: =SUMIFS('Loss time 06-10'!$Q$3:$Q$42,'Loss time 06-10'!$H$3:$H$42,$A15,'Loss time 06-10'!$G$3:$G$42,H$13) -> 0 | I15: =SUMIFS('Loss time 06-10'!$Q$3:$Q$42,'Loss time 06-10'!$H$3:$H$42,$A15,'Loss time 06-10'!$G$3:$G$42,I$13) -> 0 | J15: =SUM(C15:I15) -> 225
A16: P22 | B16: HR Training New Workers | C16: =SUMIFS('Loss time 06-10'!$Q$3:$Q$42,'Loss time 06-10'!$H$3:$H$42,$A16,'Loss time 06-10'!$G$3:$G$42,C$13) -> 0 | D16: =SUMIFS('Loss time 06-10'!$Q$3:$Q$42,'Loss time 06-10'!$H$3:$H$42,$A16,'Loss time 06-10'!$G$3:$G$42,D$13) -> 0 | E16: =SUMIFS('Loss time 06-10'!$Q$3:$Q$42,'Loss time 06-10'!$H$3:$H$42,$A16,'Loss time 06-10'!$G$3:$G$42,E$13) -> 24 | F16: =SUMIFS('Loss time 06-10'!$Q$3:$Q$42,'Loss time 06-10'!$H$3:$H$42,$A16,'Loss time 06-10'!$G$3:$G$42,F$13) -> 56 | G16: =SUMIFS('Loss time 06-10'!$Q$3:$Q$42,'Loss time 06-10'!$H$3:$H$42,$A16,'Loss time 06-10'!$G$3:$G$42,G$13) -> 0 | H16: =SUMIFS('Loss time 06-10'!$Q$3:$Q$42,'Loss time 06-10'!$H$3:$H$42,$A16,'Loss time 06-10'!$G$3:$G$42,H$13) -> 32 | I16: =SUMIFS('Loss time 06-10'!$Q$3:$Q$42,'Loss time 06-10'!$H$3:$H$42,$A16,'Loss time 06-10'!$G$3:$G$42,I$13) -> 0 | J16: =SUM(C16:I16) -> 112
A17: A2 | B17: Training | C17: =SUMIFS('Loss time 06-10'!$Q$3:$Q$42,'Loss time 06-10'!$H$3:$H$42,$A17,'Loss time 06-10'!$G$3:$G$42,C$13) -> 0 | D17: =SUMIFS('Loss time 06-10'!$Q$3:$Q$42,'Loss time 06-10'!$H$3:$H$42,$A17,'Loss time 06-10'!$G$3:$G$42,D$13) -> 0 | E17: =SUMIFS('Loss time 06-10'!$Q$3:$Q$42,'Loss time 06-10'!$H$3:$H$42,$A17,'Loss time 06-10'!$G$3:$G$42,E$13) -> 85.5 | F17: =SUMIFS('Loss time 06-10'!$Q$3:$Q$42,'Loss time 06-10'!$H$3:$H$42,$A17,'Loss time 06-10'!$G$3:$G$42,F$13) -> 112.5 | G17: =SUMIFS('Loss time 06-10'!$Q$3:$Q$42,'Loss time 06-10'!$H$3:$H$42,$A17,'Loss time 06-10'!$G$3:$G$42,G$13) -> 22.5 | H17: =SUMIFS('Loss time 06-10'!$Q$3:$Q$42,'Loss time 06-10'!$H$3:$H$42,$A17,'Loss time 06-10'!$G$3:$G$42,H$13) -> 18 | I17: =SUMIFS('Loss time 06-10'!$Q$3:$Q$42,'Loss time 06-10'!$H$3:$H$42,$A17,'Loss time 06-10'!$G$3:$G$42,I$13) -> 0 | J17: =SUM(C17:I17) -> 238.5
A18: Tổng | C18: =SUM(C14:C17) -> 16 | D18: =SUM(D14:D17) -> 121.5 | E18: =SUM(E14:E17) -> 194 | F18: =SUM(F14:F17) -> 218.5 | G18: =SUM(G14:G17) -> 22.5 | H18: =SUM(H14:H17) -> 50 | I18: =SUM(I14:I17) -> 0 | J18: =SUM(J14:J17) -> 622.5
A21: Ngày 07/10/2026
A22: Code | B22: Tên | C22: RC - WOOD | D22: RC - PANEL | E22: Machining | F22: Assembly | G22: RC | H22: Raw Cutting Panel | I22: Chưa rõ khu vực | J22: Tổng
A23: P20 | B23: Dailly Cleaning | C23: =SUMIFS('Loss time 07-10'!$Q$3:$Q$44,'Loss time 07-10'!$H$3:$H$44,$A23,'Loss time 07-10'!$G$3:$G$44,C$22) -> 3.5 | D23: =SUMIFS('Loss time 07-10'!$Q$3:$Q$44,'Loss time 07-10'!$H$3:$H$44,$A23,'Loss time 07-10'!$G$3:$G$44,D$22) -> 9 | E23: =SUMIFS('Loss time 07-10'!$Q$3:$Q$44,'Loss time 07-10'!$H$3:$H$44,$A23,'Loss time 07-10'!$G$3:$G$44,E$22) -> 9.5 | F23: =SUMIFS('Loss time 07-10'!$Q$3:$Q$44,'Loss time 07-10'!$H$3:$H$44,$A23,'Loss time 07-10'!$G$3:$G$44,F$22) -> 25 | G23: =SUMIFS('Loss time 07-10'!$Q$3:$Q$44,'Loss time 07-10'!$H$3:$H$44,$A23,'Loss time 07-10'!$G$3:$G$44,G$22) -> 0 | H23: =SUMIFS('Loss time 07-10'!$Q$3:$Q$44,'Loss time 07-10'!$H$3:$H$44,$A23,'Loss time 07-10'!$G$3:$G$44,H$22) -> 0 | I23: =SUMIFS('Loss time 07-10'!$Q$3:$Q$44,'Loss time 07-10'!$H$3:$H$44,$A23,'Loss time 07-10'!$G$3:$G$44,I$22) -> 0 | J23: =SUM(C23:I23) -> 47
A24: P26 | B24: Recorder/ Supporter | C24: =SUMIFS('Loss time 07-10'!$Q$3:$Q$44,'Loss time 07-10'!$H$3:$H$44,$A24,'Loss time 07-10'!$G$3:$G$44,C$22) -> 12.5 | D24: =SUMIFS('Loss time 07-10'!$Q$3:$Q$44,'Loss time 07-10'!$H$3:$H$44,$A24,'Loss time 07-10'!$G$3:$G$44,D$22) -> 112.5 | E24: =SUMIFS('Loss time 07-10'!$Q$3:$Q$44,'Loss time 07-10'!$H$3:$H$44,$A24,'Loss time 07-10'!$G$3:$G$44,E$22) -> 75 | F24: =SUMIFS('Loss time 07-10'!$Q$3:$Q$44,'Loss time 07-10'!$H$3:$H$44,$A24,'Loss time 07-10'!$G$3:$G$44,F$22) -> 25 | G24: =SUMIFS('Loss time 07-10'!$Q$3:$Q$44,'Loss time 07-10'!$H$3:$H$44,$A24,'Loss time 07-10'!$G$3:$G$44,G$22) -> 0 | H24: =SUMIFS('Loss time 07-10'!$Q$3:$Q$44,'Loss time 07-10'!$H$3:$H$44,$A24,'Loss time 07-10'!$G$3:$G$44,H$22) -> 0 | I24: =SUMIFS('Loss time 07-10'!$Q$3:$Q$44,'Loss time 07-10'!$H$3:$H$44,$A24,'Loss time 07-10'!$G$3:$G$44,I$22) -> 0 | J24: =SUM(C24:I24) -> 225
A25: P22 | B25: HR Training New Workers | C25: =SUMIFS('Loss time 07-10'!$Q$3:$Q$44,'Loss time 07-10'!$H$3:$H$44,$A25,'Loss time 07-10'!$G$3:$G$44,C$22) -> 0 | D25: =SUMIFS('Loss time 07-10'!$Q$3:$Q$44,'Loss time 07-10'!$H$3:$H$44,$A25,'Loss time 07-10'!$G$3:$G$44,D$22) -> 0 | E25: =SUMIFS('Loss time 07-10'!$Q$3:$Q$44,'Loss time 07-10'!$H$3:$H$44,$A25,'Loss time 07-10'!$G$3:$G$44,E$22) -> 0 | F25: =SUMIFS('Loss time 07-10'!$Q$3:$Q$44,'Loss time 07-10'!$H$3:$H$44,$A25,'Loss time 07-10'!$G$3:$G$44,F$22) -> 48 | G25: =SUMIFS('Loss time 07-10'!$Q$3:$Q$44,'Loss time 07-10'!$H$3:$H$44,$A25,'Loss time 07-10'!$G$3:$G$44,G$22) -> 0 | H25: =SUMIFS('Loss time 07-10'!$Q$3:$Q$44,'Loss time 07-10'!$H$3:$H$44,$A25,'Loss time 07-10'!$G$3:$G$44,H$22) -> 16 | I25: =SUMIFS('Loss time 07-10'!$Q$3:$Q$44,'Loss time 07-10'!$H$3:$H$44,$A25,'Loss time 07-10'!$G$3:$G$44,I$22) -> 0 | J25: =SUM(C25:I25) -> 64
A26: A2 | B26: Training | C26: =SUMIFS('Loss time 07-10'!$Q$3:$Q$44,'Loss time 07-10'!$H$3:$H$44,$A26,'Loss time 07-10'!$G$3:$G$44,C$22) -> 0 | D26: =SUMIFS('Loss time 07-10'!$Q$3:$Q$44,'Loss time 07-10'!$H$3:$H$44,$A26,'Loss time 07-10'!$G$3:$G$44,D$22) -> 0 | E26: =SUMIFS('Loss time 07-10'!$Q$3:$Q$44,'Loss time 07-10'!$H$3:$H$44,$A26,'Loss time 07-10'!$G$3:$G$44,E$22) -> 99 | F26: =SUMIFS('Loss time 07-10'!$Q$3:$Q$44,'Loss time 07-10'!$H$3:$H$44,$A26,'Loss time 07-10'!$G$3:$G$44,F$22) -> 144 | G26: =SUMIFS('Loss time 07-10'!$Q$3:$Q$44,'Loss time 07-10'!$H$3:$H$44,$A26,'Loss time 07-10'!$G$3:$G$44,G$22) -> 22.5 | H26: =SUMIFS('Loss time 07-10'!$Q$3:$Q$44,'Loss time 07-10'!$H$3:$H$44,$A26,'Loss time 07-10'!$G$3:$G$44,H$22) -> 36 | I26: =SUMIFS('Loss time 07-10'!$Q$3:$Q$44,'Loss time 07-10'!$H$3:$H$44,$A26,'Loss time 07-10'!$G$3:$G$44,I$22) -> 0 | J26: =SUM(C26:I26) -> 301.5
A27: Tổng | C27: =SUM(C23:C26) -> 16 | D27: =SUM(D23:D26) -> 121.5 | E27: =SUM(E23:E26) -> 183.5 | F27: =SUM(F23:F26) -> 242 | G27: =SUM(G23:G26) -> 22.5 | H27: =SUM(H23:H26) -> 52 | I27: =SUM(I23:I26) -> 0 | J27: =SUM(J23:J26) -> 637.5
A30: Ngày 08/10/2026
A31: Code | B31: Tên | C31: RC - WOOD | D31: RC - PANEL | E31: Machining | F31: Assembly | G31: RC | H31: Raw Cutting Panel | I31: Chưa rõ khu vực | J31: Tổng
A32: P20 | B32: Dailly Cleaning | C32: =SUMIFS('Loss time 08-10'!$Q$3:$Q$44,'Loss time 08-10'!$H$3:$H$44,$A32,'Loss time 08-10'!$G$3:$G$44,C$31) -> 3.5 | D32: =SUMIFS('Loss time 08-10'!$Q$3:$Q$44,'Loss time 08-10'!$H$3:$H$44,$A32,'Loss time 08-10'!$G$3:$G$44,D$31) -> 9 | E32: =SUMIFS('Loss time 08-10'!$Q$3:$Q$44,'Loss time 08-10'!$H$3:$H$44,$A32,'Loss time 08-10'!$G$3:$G$44,E$31) -> 9.5 | F32: =SUMIFS('Loss time 08-10'!$Q$3:$Q$44,'Loss time 08-10'!$H$3:$H$44,$A32,'Loss time 08-10'!$G$3:$G$44,F$31) -> 25 | G32: =SUMIFS('Loss time 08-10'!$Q$3:$Q$44,'Loss time 08-10'!$H$3:$H$44,$A32,'Loss time 08-10'!$G$3:$G$44,G$31) -> 0 | H32: =SUMIFS('Loss time 08-10'!$Q$3:$Q$44,'Loss time 08-10'!$H$3:$H$44,$A32,'Loss time 08-10'!$G$3:$G$44,H$31) -> 0 | I32: =SUMIFS('Loss time 08-10'!$Q$3:$Q$44,'Loss time 08-10'!$H$3:$H$44,$A32,'Loss time 08-10'!$G$3:$G$44,I$31) -> 0 | J32: =SUM(C32:I32) -> 47
A33: P26 | B33: Recorder/ Supporter | C33: =SUMIFS('Loss time 08-10'!$Q$3:$Q$44,'Loss time 08-10'!$H$3:$H$44,$A33,'Loss time 08-10'!$G$3:$G$44,C$31) -> 12.5 | D33: =SUMIFS('Loss time 08-10'!$Q$3:$Q$44,'Loss time 08-10'!$H$3:$H$44,$A33,'Loss time 08-10'!$G$3:$G$44,D$31) -> 112.5 | E33: =SUMIFS('Loss time 08-10'!$Q$3:$Q$44,'Loss time 08-10'!$H$3:$H$44,$A33,'Loss time 08-10'!$G$3:$G$44,E$31) -> 75 | F33: =SUMIFS('Loss time 08-10'!$Q$3:$Q$44,'Loss time 08-10'!$H$3:$H$44,$A33,'Loss time 08-10'!$G$3:$G$44,F$31) -> 25 | G33: =SUMIFS('Loss time 08-10'!$Q$3:$Q$44,'Loss time 08-10'!$H$3:$H$44,$A33,'Loss time 08-10'!$G$3:$G$44,G$31) -> 0 | H33: =SUMIFS('Loss time 08-10'!$Q$3:$Q$44,'Loss time 08-10'!$H$3:$H$44,$A33,'Loss time 08-10'!$G$3:$G$44,H$31) -> 0 | I33: =SUMIFS('Loss time 08-10'!$Q$3:$Q$44,'Loss time 08-10'!$H$3:$H$44,$A33,'Loss time 08-10'!$G$3:$G$44,I$31) -> 0 | J33: =SUM(C33:I33) -> 225
A34: P22 | B34: HR Training New Workers | C34: =SUMIFS('Loss time 08-10'!$Q$3:$Q$44,'Loss time 08-10'!$H$3:$H$44,$A34,'Loss time 08-10'!$G$3:$G$44,C$31) -> 0 | D34: =SUMIFS('Loss time 08-10'!$Q$3:$Q$44,'Loss time 08-10'!$H$3:$H$44,$A34,'Loss time 08-10'!$G$3:$G$44,D$31) -> 0 | E34: =SUMIFS('Loss time 08-10'!$Q$3:$Q$44,'Loss time 08-10'!$H$3:$H$44,$A34,'Loss time 08-10'!$G$3:$G$44,E$31) -> 24 | F34: =SUMIFS('Loss time 08-10'!$Q$3:$Q$44,'Loss time 08-10'!$H$3:$H$44,$A34,'Loss time 08-10'!$G$3:$G$44,F$31) -> 0 | G34: =SUMIFS('Loss time 08-10'!$Q$3:$Q$44,'Loss time 08-10'!$H$3:$H$44,$A34,'Loss time 08-10'!$G$3:$G$44,G$31) -> 0 | H34: =SUMIFS('Loss time 08-10'!$Q$3:$Q$44,'Loss time 08-10'!$H$3:$H$44,$A34,'Loss time 08-10'!$G$3:$G$44,H$31) -> 8 | I34: =SUMIFS('Loss time 08-10'!$Q$3:$Q$44,'Loss time 08-10'!$H$3:$H$44,$A34,'Loss time 08-10'!$G$3:$G$44,I$31) -> 0 | J34: =SUM(C34:I34) -> 32
A35: A2 | B35: Training | C35: =SUMIFS('Loss time 08-10'!$Q$3:$Q$44,'Loss time 08-10'!$H$3:$H$44,$A35,'Loss time 08-10'!$G$3:$G$44,C$31) -> 0 | D35: =SUMIFS('Loss time 08-10'!$Q$3:$Q$44,'Loss time 08-10'!$H$3:$H$44,$A35,'Loss time 08-10'!$G$3:$G$44,D$31) -> 0 | E35: =SUMIFS('Loss time 08-10'!$Q$3:$Q$44,'Loss time 08-10'!$H$3:$H$44,$A35,'Loss time 08-10'!$G$3:$G$44,E$31) -> 58.5 | F35: =SUMIFS('Loss time 08-10'!$Q$3:$Q$44,'Loss time 08-10'!$H$3:$H$44,$A35,'Loss time 08-10'!$G$3:$G$44,F$31) -> 157.5 | G35: =SUMIFS('Loss time 08-10'!$Q$3:$Q$44,'Loss time 08-10'!$H$3:$H$44,$A35,'Loss time 08-10'!$G$3:$G$44,G$31) -> 22.5 | H35: =SUMIFS('Loss time 08-10'!$Q$3:$Q$44,'Loss time 08-10'!$H$3:$H$44,$A35,'Loss time 08-10'!$G$3:$G$44,H$31) -> 45 | I35: =SUMIFS('Loss time 08-10'!$Q$3:$Q$44,'Loss time 08-10'!$H$3:$H$44,$A35,'Loss time 08-10'!$G$3:$G$44,I$31) -> 0 | J35: =SUM(C35:I35) -> 283.5
A36: Tổng | C36: =SUM(C32:C35) -> 16 | D36: =SUM(D32:D35) -> 121.5 | E36: =SUM(E32:E35) -> 167 | F36: =SUM(F32:F35) -> 207.5 | G36: =SUM(G32:G35) -> 22.5 | H36: =SUM(H32:H35) -> 53 | I36: =SUM(I32:I35) -> 0 | J36: =SUM(J32:J35) -> 587.5
A39: Ngày 09/10/2026
A40: Code | B40: Tên | C40: RC - WOOD | D40: RC - PANEL | E40: Machining | F40: Assembly | G40: RC | H40: Raw Cutting Panel | I40: Chưa rõ khu vực | J40: Tổng
A41: P20 | B41: Dailly Cleaning | C41: =SUMIFS('Loss time 09-10'!$Q$3:$Q$46,'Loss time 09-10'!$H$3:$H$46,$A41,'Loss time 09-10'!$G$3:$G$46,C$40) -> 3.5 | D41: =SUMIFS('Loss time 09-10'!$Q$3:$Q$46,'Loss time 09-10'!$H$3:$H$46,$A41,'Loss time 09-10'!$G$3:$G$46,D$40) -> 9 | E41: =SUMIFS('Loss time 09-10'!$Q$3:$Q$46,'Loss time 09-10'!$H$3:$H$46,$A41,'Loss time 09-10'!$G$3:$G$46,E$40) -> 9.5 | F41: =SUMIFS('Loss time 09-10'!$Q$3:$Q$46,'Loss time 09-10'!$H$3:$H$46,$A41,'Loss time 09-10'!$G$3:$G$46,F$40) -> 25 | G41: =SUMIFS('Loss time 09-10'!$Q$3:$Q$46,'Loss time 09-10'!$H$3:$H$46,$A41,'Loss time 09-10'!$G$3:$G$46,G$40) -> 0 | H41: =SUMIFS('Loss time 09-10'!$Q$3:$Q$46,'Loss time 09-10'!$H$3:$H$46,$A41,'Loss time 09-10'!$G$3:$G$46,H$40) -> 0 | I41: =SUMIFS('Loss time 09-10'!$Q$3:$Q$46,'Loss time 09-10'!$H$3:$H$46,$A41,'Loss time 09-10'!$G$3:$G$46,I$40) -> 0 | J41: =SUM(C41:I41) -> 47
A42: P26 | B42: Recorder/ Supporter | C42: =SUMIFS('Loss time 09-10'!$Q$3:$Q$46,'Loss time 09-10'!$H$3:$H$46,$A42,'Loss time 09-10'!$G$3:$G$46,C$40) -> 12.5 | D42: =SUMIFS('Loss time 09-10'!$Q$3:$Q$46,'Loss time 09-10'!$H$3:$H$46,$A42,'Loss time 09-10'!$G$3:$G$46,D$40) -> 112.5 | E42: =SUMIFS('Loss time 09-10'!$Q$3:$Q$46,'Loss time 09-10'!$H$3:$H$46,$A42,'Loss time 09-10'!$G$3:$G$46,E$40) -> 75 | F42: =SUMIFS('Loss time 09-10'!$Q$3:$Q$46,'Loss time 09-10'!$H$3:$H$46,$A42,'Loss time 09-10'!$G$3:$G$46,F$40) -> 25 | G42: =SUMIFS('Loss time 09-10'!$Q$3:$Q$46,'Loss time 09-10'!$H$3:$H$46,$A42,'Loss time 09-10'!$G$3:$G$46,G$40) -> 0 | H42: =SUMIFS('Loss time 09-10'!$Q$3:$Q$46,'Loss time 09-10'!$H$3:$H$46,$A42,'Loss time 09-10'!$G$3:$G$46,H$40) -> 0 | I42: =SUMIFS('Loss time 09-10'!$Q$3:$Q$46,'Loss time 09-10'!$H$3:$H$46,$A42,'Loss time 09-10'!$G$3:$G$46,I$40) -> 0 | J42: =SUM(C42:I42) -> 225
A43: P22 | B43: HR Training New Workers | C43: =SUMIFS('Loss time 09-10'!$Q$3:$Q$46,'Loss time 09-10'!$H$3:$H$46,$A43,'Loss time 09-10'!$G$3:$G$46,C$40) -> 0 | D43: =SUMIFS('Loss time 09-10'!$Q$3:$Q$46,'Loss time 09-10'!$H$3:$H$46,$A43,'Loss time 09-10'!$G$3:$G$46,D$40) -> 0 | E43: =SUMIFS('Loss time 09-10'!$Q$3:$Q$46,'Loss time 09-10'!$H$3:$H$46,$A43,'Loss time 09-10'!$G$3:$G$46,E$40) -> 0 | F43: =SUMIFS('Loss time 09-10'!$Q$3:$Q$46,'Loss time 09-10'!$H$3:$H$46,$A43,'Loss time 09-10'!$G$3:$G$46,F$40) -> 48 | G43: =SUMIFS('Loss time 09-10'!$Q$3:$Q$46,'Loss time 09-10'!$H$3:$H$46,$A43,'Loss time 09-10'!$G$3:$G$46,G$40) -> 0 | H43: =SUMIFS('Loss time 09-10'!$Q$3:$Q$46,'Loss time 09-10'!$H$3:$H$46,$A43,'Loss time 09-10'!$G$3:$G$46,H$40) -> 16 | I43: =SUMIFS('Loss time 09-10'!$Q$3:$Q$46,'Loss time 09-10'!$H$3:$H$46,$A43,'Loss time 09-10'!$G$3:$G$46,I$40) -> 0 | J43: =SUM(C43:I43) -> 64
A44: A2 | B44: Training | C44: =SUMIFS('Loss time 09-10'!$Q$3:$Q$46,'Loss time 09-10'!$H$3:$H$46,$A44,'Loss time 09-10'!$G$3:$G$46,C$40) -> 0 | D44: =SUMIFS('Loss time 09-10'!$Q$3:$Q$46,'Loss time 09-10'!$H$3:$H$46,$A44,'Loss time 09-10'!$G$3:$G$46,D$40) -> 0 | E44: =SUMIFS('Loss time 09-10'!$Q$3:$Q$46,'Loss time 09-10'!$H$3:$H$46,$A44,'Loss time 09-10'!$G$3:$G$46,E$40) -> 72 | F44: =SUMIFS('Loss time 09-10'!$Q$3:$Q$46,'Loss time 09-10'!$H$3:$H$46,$A44,'Loss time 09-10'!$G$3:$G$46,F$40) -> 157.5 | G44: =SUMIFS('Loss time 09-10'!$Q$3:$Q$46,'Loss time 09-10'!$H$3:$H$46,$A44,'Loss time 09-10'!$G$3:$G$46,G$40) -> 22.5 | H44: =SUMIFS('Loss time 09-10'!$Q$3:$Q$46,'Loss time 09-10'!$H$3:$H$46,$A44,'Loss time 09-10'!$G$3:$G$46,H$40) -> 49.5 | I44: =SUMIFS('Loss time 09-10'!$Q$3:$Q$46,'Loss time 09-10'!$H$3:$H$46,$A44,'Loss time 09-10'!$G$3:$G$46,I$40) -> 0 | J44: =SUM(C44:I44) -> 301.5
A45: Tổng | C45: =SUM(C41:C44) -> 16 | D45: =SUM(D41:D44) -> 121.5 | E45: =SUM(E41:E44) -> 156.5 | F45: =SUM(F41:F44) -> 255.5 | G45: =SUM(G41:G44) -> 22.5 | H45: =SUM(H41:H44) -> 65.5 | I45: =SUM(I41:I44) -> 0 | J45: =SUM(J41:J44) -> 637.5
A48: Ngày 10/10/2026
A49: Code | B49: Tên | C49: RC - WOOD | D49: RC - PANEL | E49: Machining | F49: Assembly | G49: RC | H49: Raw Cutting Panel | I49: Chưa rõ khu vực | J49: Tổng
A50: P20 | B50: Dailly Cleaning | C50: =SUMIFS('Loss time 10-10'!$Q$3:$Q$46,'Loss time 10-10'!$H$3:$H$46,$A50,'Loss time 10-10'!$G$3:$G$46,C$49) -> 3.5 | D50: =SUMIFS('Loss time 10-10'!$Q$3:$Q$46,'Loss time 10-10'!$H$3:$H$46,$A50,'Loss time 10-10'!$G$3:$G$46,D$49) -> 9 | E50: =SUMIFS('Loss time 10-10'!$Q$3:$Q$46,'Loss time 10-10'!$H$3:$H$46,$A50,'Loss time 10-10'!$G$3:$G$46,E$49) -> 9.5 | F50: =SUMIFS('Loss time 10-10'!$Q$3:$Q$46,'Loss time 10-10'!$H$3:$H$46,$A50,'Loss time 10-10'!$G$3:$G$46,F$49) -> 16 | G50: =SUMIFS('Loss time 10-10'!$Q$3:$Q$46,'Loss time 10-10'!$H$3:$H$46,$A50,'Loss time 10-10'!$G$3:$G$46,G$49) -> 0 | H50: =SUMIFS('Loss time 10-10'!$Q$3:$Q$46,'Loss time 10-10'!$H$3:$H$46,$A50,'Loss time 10-10'!$G$3:$G$46,H$49) -> 0 | I50: =SUMIFS('Loss time 10-10'!$Q$3:$Q$46,'Loss time 10-10'!$H$3:$H$46,$A50,'Loss time 10-10'!$G$3:$G$46,I$49) -> 0 | J50: =SUM(C50:I50) -> 38
A51: P26 | B51: Recorder/ Supporter | C51: =SUMIFS('Loss time 10-10'!$Q$3:$Q$46,'Loss time 10-10'!$H$3:$H$46,$A51,'Loss time 10-10'!$G$3:$G$46,C$49) -> 8 | D51: =SUMIFS('Loss time 10-10'!$Q$3:$Q$46,'Loss time 10-10'!$H$3:$H$46,$A51,'Loss time 10-10'!$G$3:$G$46,D$49) -> 72 | E51: =SUMIFS('Loss time 10-10'!$Q$3:$Q$46,'Loss time 10-10'!$H$3:$H$46,$A51,'Loss time 10-10'!$G$3:$G$46,E$49) -> 48 | F51: =SUMIFS('Loss time 10-10'!$Q$3:$Q$46,'Loss time 10-10'!$H$3:$H$46,$A51,'Loss time 10-10'!$G$3:$G$46,F$49) -> 16 | G51: =SUMIFS('Loss time 10-10'!$Q$3:$Q$46,'Loss time 10-10'!$H$3:$H$46,$A51,'Loss time 10-10'!$G$3:$G$46,G$49) -> 0 | H51: =SUMIFS('Loss time 10-10'!$Q$3:$Q$46,'Loss time 10-10'!$H$3:$H$46,$A51,'Loss time 10-10'!$G$3:$G$46,H$49) -> 0 | I51: =SUMIFS('Loss time 10-10'!$Q$3:$Q$46,'Loss time 10-10'!$H$3:$H$46,$A51,'Loss time 10-10'!$G$3:$G$46,I$49) -> 0 | J51: =SUM(C51:I51) -> 144
A52: P22 | B52: HR Training New Workers | C52: =SUMIFS('Loss time 10-10'!$Q$3:$Q$46,'Loss time 10-10'!$H$3:$H$46,$A52,'Loss time 10-10'!$G$3:$G$46,C$49) -> 0 | D52: =SUMIFS('Loss time 10-10'!$Q$3:$Q$46,'Loss time 10-10'!$H$3:$H$46,$A52,'Loss time 10-10'!$G$3:$G$46,D$49) -> 0 | E52: =SUMIFS('Loss time 10-10'!$Q$3:$Q$46,'Loss time 10-10'!$H$3:$H$46,$A52,'Loss time 10-10'!$G$3:$G$46,E$49) -> 0 | F52: =SUMIFS('Loss time 10-10'!$Q$3:$Q$46,'Loss time 10-10'!$H$3:$H$46,$A52,'Loss time 10-10'!$G$3:$G$46,F$49) -> 0 | G52: =SUMIFS('Loss time 10-10'!$Q$3:$Q$46,'Loss time 10-10'!$H$3:$H$46,$A52,'Loss time 10-10'!$G$3:$G$46,G$49) -> 0 | H52: =SUMIFS('Loss time 10-10'!$Q$3:$Q$46,'Loss time 10-10'!$H$3:$H$46,$A52,'Loss time 10-10'!$G$3:$G$46,H$49) -> 0 | I52: =SUMIFS('Loss time 10-10'!$Q$3:$Q$46,'Loss time 10-10'!$H$3:$H$46,$A52,'Loss time 10-10'!$G$3:$G$46,I$49) -> 0 | J52: =SUM(C52:I52) -> 0
A53: A2 | B53: Training | C53: =SUMIFS('Loss time 10-10'!$Q$3:$Q$46,'Loss time 10-10'!$H$3:$H$46,$A53,'Loss time 10-10'!$G$3:$G$46,C$49) -> 0 | D53: =SUMIFS('Loss time 10-10'!$Q$3:$Q$46,'Loss time 10-10'!$H$3:$H$46,$A53,'Loss time 10-10'!$G$3:$G$46,D$49) -> 0 | E53: =SUMIFS('Loss time 10-10'!$Q$3:$Q$46,'Loss time 10-10'!$H$3:$H$46,$A53,'Loss time 10-10'!$G$3:$G$46,E$49) -> 72 | F53: =SUMIFS('Loss time 10-10'!$Q$3:$Q$46,'Loss time 10-10'!$H$3:$H$46,$A53,'Loss time 10-10'!$G$3:$G$46,F$49) -> 184.5 | G53: =SUMIFS('Loss time 10-10'!$Q$3:$Q$46,'Loss time 10-10'!$H$3:$H$46,$A53,'Loss time 10-10'!$G$3:$G$46,G$49) -> 22.5 | H53: =SUMIFS('Loss time 10-10'!$Q$3:$Q$46,'Loss time 10-10'!$H$3:$H$46,$A53,'Loss time 10-10'!$G$3:$G$46,H$49) -> 58.5 | I53: =SUMIFS('Loss time 10-10'!$Q$3:$Q$46,'Loss time 10-10'!$H$3:$H$46,$A53,'Loss time 10-10'!$G$3:$G$46,I$49) -> 0 | J53: =SUM(C53:I53) -> 337.5
A54: Tổng | C54: =SUM(C50:C53) -> 11.5 | D54: =SUM(D50:D53) -> 81 | E54: =SUM(E50:E53) -> 129.5 | F54: =SUM(F50:F53) -> 216.5 | G54: =SUM(G50:G53) -> 22.5 | H54: =SUM(H50:H53) -> 58.5 | I54: =SUM(I50:I53) -> 0 | J54: =SUM(J50:J53) -> 519.5
A57: Ngày 12/10/2026
A58: Code | B58: Tên | C58: RC - WOOD | D58: RC - PANEL | E58: Machining | F58: Assembly | G58: RC | H58: Raw Cutting Panel | I58: Chưa rõ khu vực | J58: Tổng
A59: P20 | B59: Dailly Cleaning | C59: =SUMIFS('Loss time 12-10'!$Q$3:$Q$48,'Loss time 12-10'!$H$3:$H$48,$A59,'Loss time 12-10'!$G$3:$G$48,C$58) -> 3.5 | D59: =SUMIFS('Loss time 12-10'!$Q$3:$Q$48,'Loss time 12-10'!$H$3:$H$48,$A59,'Loss time 12-10'!$G$3:$G$48,D$58) -> 9 | E59: =SUMIFS('Loss time 12-10'!$Q$3:$Q$48,'Loss time 12-10'!$H$3:$H$48,$A59,'Loss time 12-10'!$G$3:$G$48,E$58) -> 9.5 | F59: =SUMIFS('Loss time 12-10'!$Q$3:$Q$48,'Loss time 12-10'!$H$3:$H$48,$A59,'Loss time 12-10'!$G$3:$G$48,F$58) -> 25 | G59: =SUMIFS('Loss time 12-10'!$Q$3:$Q$48,'Loss time 12-10'!$H$3:$H$48,$A59,'Loss time 12-10'!$G$3:$G$48,G$58) -> 0 | H59: =SUMIFS('Loss time 12-10'!$Q$3:$Q$48,'Loss time 12-10'!$H$3:$H$48,$A59,'Loss time 12-10'!$G$3:$G$48,H$58) -> 0 | I59: =SUMIFS('Loss time 12-10'!$Q$3:$Q$48,'Loss time 12-10'!$H$3:$H$48,$A59,'Loss time 12-10'!$G$3:$G$48,I$58) -> 0 | J59: =SUM(C59:I59) -> 47
A60: P26 | B60: Recorder/ Supporter | C60: =SUMIFS('Loss time 12-10'!$Q$3:$Q$48,'Loss time 12-10'!$H$3:$H$48,$A60,'Loss time 12-10'!$G$3:$G$48,C$58) -> 12.5 | D60: =SUMIFS('Loss time 12-10'!$Q$3:$Q$48,'Loss time 12-10'!$H$3:$H$48,$A60,'Loss time 12-10'!$G$3:$G$48,D$58) -> 112.5 | E60: =SUMIFS('Loss time 12-10'!$Q$3:$Q$48,'Loss time 12-10'!$H$3:$H$48,$A60,'Loss time 12-10'!$G$3:$G$48,E$58) -> 75 | F60: =SUMIFS('Loss time 12-10'!$Q$3:$Q$48,'Loss time 12-10'!$H$3:$H$48,$A60,'Loss time 12-10'!$G$3:$G$48,F$58) -> 25 | G60: =SUMIFS('Loss time 12-10'!$Q$3:$Q$48,'Loss time 12-10'!$H$3:$H$48,$A60,'Loss time 12-10'!$G$3:$G$48,G$58) -> 0 | H60: =SUMIFS('Loss time 12-10'!$Q$3:$Q$48,'Loss time 12-10'!$H$3:$H$48,$A60,'Loss time 12-10'!$G$3:$G$48,H$58) -> 0 | I60: =SUMIFS('Loss time 12-10'!$Q$3:$Q$48,'Loss time 12-10'!$H$3:$H$48,$A60,'Loss time 12-10'!$G$3:$G$48,I$58) -> 0 | J60: =SUM(C60:I60) -> 225
A61: P22 | B61: HR Training New Workers | C61: =SUMIFS('Loss time 12-10'!$Q$3:$Q$48,'Loss time 12-10'!$H$3:$H$48,$A61,'Loss time 12-10'!$G$3:$G$48,C$58) -> 0 | D61: =SUMIFS('Loss time 12-10'!$Q$3:$Q$48,'Loss time 12-10'!$H$3:$H$48,$A61,'Loss time 12-10'!$G$3:$G$48,D$58) -> 0 | E61: =SUMIFS('Loss time 12-10'!$Q$3:$Q$48,'Loss time 12-10'!$H$3:$H$48,$A61,'Loss time 12-10'!$G$3:$G$48,E$58) -> 0 | F61: =SUMIFS('Loss time 12-10'!$Q$3:$Q$48,'Loss time 12-10'!$H$3:$H$48,$A61,'Loss time 12-10'!$G$3:$G$48,F$58) -> 16 | G61: =SUMIFS('Loss time 12-10'!$Q$3:$Q$48,'Loss time 12-10'!$H$3:$H$48,$A61,'Loss time 12-10'!$G$3:$G$48,G$58) -> 0 | H61: =SUMIFS('Loss time 12-10'!$Q$3:$Q$48,'Loss time 12-10'!$H$3:$H$48,$A61,'Loss time 12-10'!$G$3:$G$48,H$58) -> 8 | I61: =SUMIFS('Loss time 12-10'!$Q$3:$Q$48,'Loss time 12-10'!$H$3:$H$48,$A61,'Loss time 12-10'!$G$3:$G$48,I$58) -> 0 | J61: =SUM(C61:I61) -> 24
A62: A2 | B62: Training | C62: =SUMIFS('Loss time 12-10'!$Q$3:$Q$48,'Loss time 12-10'!$H$3:$H$48,$A62,'Loss time 12-10'!$G$3:$G$48,C$58) -> 0 | D62: =SUMIFS('Loss time 12-10'!$Q$3:$Q$48,'Loss time 12-10'!$H$3:$H$48,$A62,'Loss time 12-10'!$G$3:$G$48,D$58) -> 0 | E62: =SUMIFS('Loss time 12-10'!$Q$3:$Q$48,'Loss time 12-10'!$H$3:$H$48,$A62,'Loss time 12-10'!$G$3:$G$48,E$58) -> 72 | F62: =SUMIFS('Loss time 12-10'!$Q$3:$Q$48,'Loss time 12-10'!$H$3:$H$48,$A62,'Loss time 12-10'!$G$3:$G$48,F$58) -> 184.5 | G62: =SUMIFS('Loss time 12-10'!$Q$3:$Q$48,'Loss time 12-10'!$H$3:$H$48,$A62,'Loss time 12-10'!$G$3:$G$48,G$58) -> 22.5 | H62: =SUMIFS('Loss time 12-10'!$Q$3:$Q$48,'Loss time 12-10'!$H$3:$H$48,$A62,'Loss time 12-10'!$G$3:$G$48,H$58) -> 58.5 | I62: =SUMIFS('Loss time 12-10'!$Q$3:$Q$48,'Loss time 12-10'!$H$3:$H$48,$A62,'Loss time 12-10'!$G$3:$G$48,I$58) -> 0 | J62: =SUM(C62:I62) -> 337.5
A63: Tổng | C63: =SUM(C59:C62) -> 16 | D63: =SUM(D59:D62) -> 121.5 | E63: =SUM(E59:E62) -> 156.5 | F63: =SUM(F59:F62) -> 250.5 | G63: =SUM(G59:G62) -> 22.5 | H63: =SUM(H59:H62) -> 66.5 | I63: =SUM(I59:I62) -> 0 | J63: =SUM(J59:J62) -> 633.5
A66: Ngày 13/10/2026
A67: Code | B67: Tên | C67: RC - WOOD | D67: RC - PANEL | E67: Machining | F67: Assembly | G67: RC | H67: Raw Cutting Panel | I67: Chưa rõ khu vực | J67: Tổng
A68: P20 | B68: Dailly Cleaning | C68: =SUMIFS('Loss time 13-10'!$Q$3:$Q$50,'Loss time 13-10'!$H$3:$H$50,$A68,'Loss time 13-10'!$G$3:$G$50,C$67) -> 3.5 | D68: =SUMIFS('Loss time 13-10'!$Q$3:$Q$50,'Loss time 13-10'!$H$3:$H$50,$A68,'Loss time 13-10'!$G$3:$G$50,D$67) -> 9 | E68: =SUMIFS('Loss time 13-10'!$Q$3:$Q$50,'Loss time 13-10'!$H$3:$H$50,$A68,'Loss time 13-10'!$G$3:$G$50,E$67) -> 9.5 | F68: =SUMIFS('Loss time 13-10'!$Q$3:$Q$50,'Loss time 13-10'!$H$3:$H$50,$A68,'Loss time 13-10'!$G$3:$G$50,F$67) -> 25 | G68: =SUMIFS('Loss time 13-10'!$Q$3:$Q$50,'Loss time 13-10'!$H$3:$H$50,$A68,'Loss time 13-10'!$G$3:$G$50,G$67) -> 0 | H68: =SUMIFS('Loss time 13-10'!$Q$3:$Q$50,'Loss time 13-10'!$H$3:$H$50,$A68,'Loss time 13-10'!$G$3:$G$50,H$67) -> 0 | I68: =SUMIFS('Loss time 13-10'!$Q$3:$Q$50,'Loss time 13-10'!$H$3:$H$50,$A68,'Loss time 13-10'!$G$3:$G$50,I$67) -> 0 | J68: =SUM(C68:I68) -> 47
A69: P26 | B69: Recorder/ Supporter | C69: =SUMIFS('Loss time 13-10'!$Q$3:$Q$50,'Loss time 13-10'!$H$3:$H$50,$A69,'Loss time 13-10'!$G$3:$G$50,C$67) -> 12.5 | D69: =SUMIFS('Loss time 13-10'!$Q$3:$Q$50,'Loss time 13-10'!$H$3:$H$50,$A69,'Loss time 13-10'!$G$3:$G$50,D$67) -> 112.5 | E69: =SUMIFS('Loss time 13-10'!$Q$3:$Q$50,'Loss time 13-10'!$H$3:$H$50,$A69,'Loss time 13-10'!$G$3:$G$50,E$67) -> 75 | F69: =SUMIFS('Loss time 13-10'!$Q$3:$Q$50,'Loss time 13-10'!$H$3:$H$50,$A69,'Loss time 13-10'!$G$3:$G$50,F$67) -> 25 | G69: =SUMIFS('Loss time 13-10'!$Q$3:$Q$50,'Loss time 13-10'!$H$3:$H$50,$A69,'Loss time 13-10'!$G$3:$G$50,G$67) -> 0 | H69: =SUMIFS('Loss time 13-10'!$Q$3:$Q$50,'Loss time 13-10'!$H$3:$H$50,$A69,'Loss time 13-10'!$G$3:$G$50,H$67) -> 0 | I69: =SUMIFS('Loss time 13-10'!$Q$3:$Q$50,'Loss time 13-10'!$H$3:$H$50,$A69,'Loss time 13-10'!$G$3:$G$50,I$67) -> 0 | J69: =SUM(C69:I69) -> 225
A70: P22 | B70: HR Training New Workers | C70: =SUMIFS('Loss time 13-10'!$Q$3:$Q$50,'Loss time 13-10'!$H$3:$H$50,$A70,'Loss time 13-10'!$G$3:$G$50,C$67) -> 0 | D70: =SUMIFS('Loss time 13-10'!$Q$3:$Q$50,'Loss time 13-10'!$H$3:$H$50,$A70,'Loss time 13-10'!$G$3:$G$50,D$67) -> 0 | E70: =SUMIFS('Loss time 13-10'!$Q$3:$Q$50,'Loss time 13-10'!$H$3:$H$50,$A70,'Loss time 13-10'!$G$3:$G$50,E$67) -> 8 | F70: =SUMIFS('Loss time 13-10'!$Q$3:$Q$50,'Loss time 13-10'!$H$3:$H$50,$A70,'Loss time 13-10'!$G$3:$G$50,F$67) -> 16 | G70: =SUMIFS('Loss time 13-10'!$Q$3:$Q$50,'Loss time 13-10'!$H$3:$H$50,$A70,'Loss time 13-10'!$G$3:$G$50,G$67) -> 0 | H70: =SUMIFS('Loss time 13-10'!$Q$3:$Q$50,'Loss time 13-10'!$H$3:$H$50,$A70,'Loss time 13-10'!$G$3:$G$50,H$67) -> 32 | I70: =SUMIFS('Loss time 13-10'!$Q$3:$Q$50,'Loss time 13-10'!$H$3:$H$50,$A70,'Loss time 13-10'!$G$3:$G$50,I$67) -> 0 | J70: =SUM(C70:I70) -> 56
A71: A2 | B71: Training | C71: =SUMIFS('Loss time 13-10'!$Q$3:$Q$50,'Loss time 13-10'!$H$3:$H$50,$A71,'Loss time 13-10'!$G$3:$G$50,C$67) -> 0 | D71: =SUMIFS('Loss time 13-10'!$Q$3:$Q$50,'Loss time 13-10'!$H$3:$H$50,$A71,'Loss time 13-10'!$G$3:$G$50,D$67) -> 0 | E71: =SUMIFS('Loss time 13-10'!$Q$3:$Q$50,'Loss time 13-10'!$H$3:$H$50,$A71,'Loss time 13-10'!$G$3:$G$50,E$67) -> 72 | F71: =SUMIFS('Loss time 13-10'!$Q$3:$Q$50,'Loss time 13-10'!$H$3:$H$50,$A71,'Loss time 13-10'!$G$3:$G$50,F$67) -> 180 | G71: =SUMIFS('Loss time 13-10'!$Q$3:$Q$50,'Loss time 13-10'!$H$3:$H$50,$A71,'Loss time 13-10'!$G$3:$G$50,G$67) -> 22.5 | H71: =SUMIFS('Loss time 13-10'!$Q$3:$Q$50,'Loss time 13-10'!$H$3:$H$50,$A71,'Loss time 13-10'!$G$3:$G$50,H$67) -> 63 | I71: =SUMIFS('Loss time 13-10'!$Q$3:$Q$50,'Loss time 13-10'!$H$3:$H$50,$A71,'Loss time 13-10'!$G$3:$G$50,I$67) -> 0 | J71: =SUM(C71:I71) -> 337.5
A72: Tổng | C72: =SUM(C68:C71) -> 16 | D72: =SUM(D68:D71) -> 121.5 | E72: =SUM(E68:E71) -> 164.5 | F72: =SUM(F68:F71) -> 246 | G72: =SUM(G68:G71) -> 22.5 | H72: =SUM(H68:H71) -> 95 | I72: =SUM(I68:I71) -> 0 | J72: =SUM(J68:J71) -> 665.5
A75: Ngày 14/10/2026
A76: Code | B76: Tên | C76: RC - WOOD | D76: RC - PANEL | E76: Machining | F76: Assembly | G76: RC | H76: Raw Cutting Panel | I76: Chưa rõ khu vực | J76: Tổng
A77: P20 | B77: Dailly Cleaning | C77: =SUMIFS('Loss time 14-10'!$Q$3:$Q$40,'Loss time 14-10'!$H$3:$H$40,$A77,'Loss time 14-10'!$G$3:$G$40,C$76) -> 3.5 | D77: =SUMIFS('Loss time 14-10'!$Q$3:$Q$40,'Loss time 14-10'!$H$3:$H$40,$A77,'Loss time 14-10'!$G$3:$G$40,D$76) -> 9 | E77: =SUMIFS('Loss time 14-10'!$Q$3:$Q$40,'Loss time 14-10'!$H$3:$H$40,$A77,'Loss time 14-10'!$G$3:$G$40,E$76) -> 9.5 | F77: =SUMIFS('Loss time 14-10'!$Q$3:$Q$40,'Loss time 14-10'!$H$3:$H$40,$A77,'Loss time 14-10'!$G$3:$G$40,F$76) -> 25 | G77: =SUMIFS('Loss time 14-10'!$Q$3:$Q$40,'Loss time 14-10'!$H$3:$H$40,$A77,'Loss time 14-10'!$G$3:$G$40,G$76) -> 0 | H77: =SUMIFS('Loss time 14-10'!$Q$3:$Q$40,'Loss time 14-10'!$H$3:$H$40,$A77,'Loss time 14-10'!$G$3:$G$40,H$76) -> 0 | I77: =SUMIFS('Loss time 14-10'!$Q$3:$Q$40,'Loss time 14-10'!$H$3:$H$40,$A77,'Loss time 14-10'!$G$3:$G$40,I$76) -> 0 | J77: =SUM(C77:I77) -> 47
A78: P26 | B78: Recorder/ Supporter | C78: =SUMIFS('Loss time 14-10'!$Q$3:$Q$40,'Loss time 14-10'!$H$3:$H$40,$A78,'Loss time 14-10'!$G$3:$G$40,C$76) -> 12.5 | D78: =SUMIFS('Loss time 14-10'!$Q$3:$Q$40,'Loss time 14-10'!$H$3:$H$40,$A78,'Loss time 14-10'!$G$3:$G$40,D$76) -> 112.5 | E78: =SUMIFS('Loss time 14-10'!$Q$3:$Q$40,'Loss time 14-10'!$H$3:$H$40,$A78,'Loss time 14-10'!$G$3:$G$40,E$76) -> 75 | F78: =SUMIFS('Loss time 14-10'!$Q$3:$Q$40,'Loss time 14-10'!$H$3:$H$40,$A78,'Loss time 14-10'!$G$3:$G$40,F$76) -> 25 | G78: =SUMIFS('Loss time 14-10'!$Q$3:$Q$40,'Loss time 14-10'!$H$3:$H$40,$A78,'Loss time 14-10'!$G$3:$G$40,G$76) -> 0 | H78: =SUMIFS('Loss time 14-10'!$Q$3:$Q$40,'Loss time 14-10'!$H$3:$H$40,$A78,'Loss time 14-10'!$G$3:$G$40,H$76) -> 0 | I78: =SUMIFS('Loss time 14-10'!$Q$3:$Q$40,'Loss time 14-10'!$H$3:$H$40,$A78,'Loss time 14-10'!$G$3:$G$40,I$76) -> 0 | J78: =SUM(C78:I78) -> 225
A79: P22 | B79: HR Training New Workers | C79: =SUMIFS('Loss time 14-10'!$Q$3:$Q$40,'Loss time 14-10'!$H$3:$H$40,$A79,'Loss time 14-10'!$G$3:$G$40,C$76) -> 0 | D79: =SUMIFS('Loss time 14-10'!$Q$3:$Q$40,'Loss time 14-10'!$H$3:$H$40,$A79,'Loss time 14-10'!$G$3:$G$40,D$76) -> 0 | E79: =SUMIFS('Loss time 14-10'!$Q$3:$Q$40,'Loss time 14-10'!$H$3:$H$40,$A79,'Loss time 14-10'!$G$3:$G$40,E$76) -> 0 | F79: =SUMIFS('Loss time 14-10'!$Q$3:$Q$40,'Loss time 14-10'!$H$3:$H$40,$A79,'Loss time 14-10'!$G$3:$G$40,F$76) -> 8 | G79: =SUMIFS('Loss time 14-10'!$Q$3:$Q$40,'Loss time 14-10'!$H$3:$H$40,$A79,'Loss time 14-10'!$G$3:$G$40,G$76) -> 0 | H79: =SUMIFS('Loss time 14-10'!$Q$3:$Q$40,'Loss time 14-10'!$H$3:$H$40,$A79,'Loss time 14-10'!$G$3:$G$40,H$76) -> 0 | I79: =SUMIFS('Loss time 14-10'!$Q$3:$Q$40,'Loss time 14-10'!$H$3:$H$40,$A79,'Loss time 14-10'!$G$3:$G$40,I$76) -> 0 | J79: =SUM(C79:I79) -> 8
A80: A2 | B80: Training | C80: =SUMIFS('Loss time 14-10'!$Q$3:$Q$40,'Loss time 14-10'!$H$3:$H$40,$A80,'Loss time 14-10'!$G$3:$G$40,C$76) -> 0 | D80: =SUMIFS('Loss time 14-10'!$Q$3:$Q$40,'Loss time 14-10'!$H$3:$H$40,$A80,'Loss time 14-10'!$G$3:$G$40,D$76) -> 0 | E80: =SUMIFS('Loss time 14-10'!$Q$3:$Q$40,'Loss time 14-10'!$H$3:$H$40,$A80,'Loss time 14-10'!$G$3:$G$40,E$76) -> 31.5 | F80: =SUMIFS('Loss time 14-10'!$Q$3:$Q$40,'Loss time 14-10'!$H$3:$H$40,$A80,'Loss time 14-10'!$G$3:$G$40,F$76) -> 130.5 | G80: =SUMIFS('Loss time 14-10'!$Q$3:$Q$40,'Loss time 14-10'!$H$3:$H$40,$A80,'Loss time 14-10'!$G$3:$G$40,G$76) -> 0 | H80: =SUMIFS('Loss time 14-10'!$Q$3:$Q$40,'Loss time 14-10'!$H$3:$H$40,$A80,'Loss time 14-10'!$G$3:$G$40,H$76) -> 81 | I80: =SUMIFS('Loss time 14-10'!$Q$3:$Q$40,'Loss time 14-10'!$H$3:$H$40,$A80,'Loss time 14-10'!$G$3:$G$40,I$76) -> 0 | J80: =SUM(C80:I80) -> 243
A81: Tổng | C81: =SUM(C77:C80) -> 16 | D81: =SUM(D77:D80) -> 121.5 | E81: =SUM(E77:E80) -> 116 | F81: =SUM(F77:F80) -> 188.5 | G81: =SUM(G77:G80) -> 0 | H81: =SUM(H77:H80) -> 81 | I81: =SUM(I77:I80) -> 0 | J81: =SUM(J77:J80) -> 523
A84: Ngày 15/10/2026
A85: Code | B85: Tên | C85: RC - WOOD | D85: RC - PANEL | E85: Machining | F85: Assembly | G85: RC | H85: Raw Cutting Panel | I85: Chưa rõ khu vực | J85: Tổng
A86: P20 | B86: Dailly Cleaning | C86: =SUMIFS('Loss time 15-10'!$Q$3:$Q$39,'Loss time 15-10'!$H$3:$H$39,$A86,'Loss time 15-10'!$G$3:$G$39,C$85) -> 3.5 | D86: =SUMIFS('Loss time 15-10'!$Q$3:$Q$39,'Loss time 15-10'!$H$3:$H$39,$A86,'Loss time 15-10'!$G$3:$G$39,D$85) -> 9 | E86: =SUMIFS('Loss time 15-10'!$Q$3:$Q$39,'Loss time 15-10'!$H$3:$H$39,$A86,'Loss time 15-10'!$G$3:$G$39,E$85) -> 9.5 | F86: =SUMIFS('Loss time 15-10'!$Q$3:$Q$39,'Loss time 15-10'!$H$3:$H$39,$A86,'Loss time 15-10'!$G$3:$G$39,F$85) -> 25 | G86: =SUMIFS('Loss time 15-10'!$Q$3:$Q$39,'Loss time 15-10'!$H$3:$H$39,$A86,'Loss time 15-10'!$G$3:$G$39,G$85) -> 0 | H86: =SUMIFS('Loss time 15-10'!$Q$3:$Q$39,'Loss time 15-10'!$H$3:$H$39,$A86,'Loss time 15-10'!$G$3:$G$39,H$85) -> 0 | I86: =SUMIFS('Loss time 15-10'!$Q$3:$Q$39,'Loss time 15-10'!$H$3:$H$39,$A86,'Loss time 15-10'!$G$3:$G$39,I$85) -> 0 | J86: =SUM(C86:I86) -> 47
A87: P26 | B87: Recorder/ Supporter | C87: =SUMIFS('Loss time 15-10'!$Q$3:$Q$39,'Loss time 15-10'!$H$3:$H$39,$A87,'Loss time 15-10'!$G$3:$G$39,C$85) -> 12.5 | D87: =SUMIFS('Loss time 15-10'!$Q$3:$Q$39,'Loss time 15-10'!$H$3:$H$39,$A87,'Loss time 15-10'!$G$3:$G$39,D$85) -> 112.5 | E87: =SUMIFS('Loss time 15-10'!$Q$3:$Q$39,'Loss time 15-10'!$H$3:$H$39,$A87,'Loss time 15-10'!$G$3:$G$39,E$85) -> 75 | F87: =SUMIFS('Loss time 15-10'!$Q$3:$Q$39,'Loss time 15-10'!$H$3:$H$39,$A87,'Loss time 15-10'!$G$3:$G$39,F$85) -> 25 | G87: =SUMIFS('Loss time 15-10'!$Q$3:$Q$39,'Loss time 15-10'!$H$3:$H$39,$A87,'Loss time 15-10'!$G$3:$G$39,G$85) -> 0 | H87: =SUMIFS('Loss time 15-10'!$Q$3:$Q$39,'Loss time 15-10'!$H$3:$H$39,$A87,'Loss time 15-10'!$G$3:$G$39,H$85) -> 0 | I87: =SUMIFS('Loss time 15-10'!$Q$3:$Q$39,'Loss time 15-10'!$H$3:$H$39,$A87,'Loss time 15-10'!$G$3:$G$39,I$85) -> 0 | J87: =SUM(C87:I87) -> 225
A88: P22 | B88: HR Training New Workers | C88: =SUMIFS('Loss time 15-10'!$Q$3:$Q$39,'Loss time 15-10'!$H$3:$H$39,$A88,'Loss time 15-10'!$G$3:$G$39,C$85) -> 0 | D88: =SUMIFS('Loss time 15-10'!$Q$3:$Q$39,'Loss time 15-10'!$H$3:$H$39,$A88,'Loss time 15-10'!$G$3:$G$39,D$85) -> 0 | E88: =SUMIFS('Loss time 15-10'!$Q$3:$Q$39,'Loss time 15-10'!$H$3:$H$39,$A88,'Loss time 15-10'!$G$3:$G$39,E$85) -> 0 | F88: =SUMIFS('Loss time 15-10'!$Q$3:$Q$39,'Loss time 15-10'!$H$3:$H$39,$A88,'Loss time 15-10'!$G$3:$G$39,F$85) -> 32 | G88: =SUMIFS('Loss time 15-10'!$Q$3:$Q$39,'Loss time 15-10'!$H$3:$H$39,$A88,'Loss time 15-10'!$G$3:$G$39,G$85) -> 0 | H88: =SUMIFS('Loss time 15-10'!$Q$3:$Q$39,'Loss time 15-10'!$H$3:$H$39,$A88,'Loss time 15-10'!$G$3:$G$39,H$85) -> 0 | I88: =SUMIFS('Loss time 15-10'!$Q$3:$Q$39,'Loss time 15-10'!$H$3:$H$39,$A88,'Loss time 15-10'!$G$3:$G$39,I$85) -> 0 | J88: =SUM(C88:I88) -> 32
A89: A2 | B89: Training | C89: =SUMIFS('Loss time 15-10'!$Q$3:$Q$39,'Loss time 15-10'!$H$3:$H$39,$A89,'Loss time 15-10'!$G$3:$G$39,C$85) -> 0 | D89: =SUMIFS('Loss time 15-10'!$Q$3:$Q$39,'Loss time 15-10'!$H$3:$H$39,$A89,'Loss time 15-10'!$G$3:$G$39,D$85) -> 0 | E89: =SUMIFS('Loss time 15-10'!$Q$3:$Q$39,'Loss time 15-10'!$H$3:$H$39,$A89,'Loss time 15-10'!$G$3:$G$39,E$85) -> 31.5 | F89: =SUMIFS('Loss time 15-10'!$Q$3:$Q$39,'Loss time 15-10'!$H$3:$H$39,$A89,'Loss time 15-10'!$G$3:$G$39,F$85) -> 135 | G89: =SUMIFS('Loss time 15-10'!$Q$3:$Q$39,'Loss time 15-10'!$H$3:$H$39,$A89,'Loss time 15-10'!$G$3:$G$39,G$85) -> 0 | H89: =SUMIFS('Loss time 15-10'!$Q$3:$Q$39,'Loss time 15-10'!$H$3:$H$39,$A89,'Loss time 15-10'!$G$3:$G$39,H$85) -> 63 | I89: =SUMIFS('Loss time 15-10'!$Q$3:$Q$39,'Loss time 15-10'!$H$3:$H$39,$A89,'Loss time 15-10'!$G$3:$G$39,I$85) -> 0 | J89: =SUM(C89:I89) -> 229.5
A90: Tổng | C90: =SUM(C86:C89) -> 16 | D90: =SUM(D86:D89) -> 121.5 | E90: =SUM(E86:E89) -> 116 | F90: =SUM(F86:F89) -> 217 | G90: =SUM(G86:G89) -> 0 | H90: =SUM(H86:H89) -> 63 | I90: =SUM(I86:I89) -> 0 | J90: =SUM(J86:J89) -> 533.5
A93: Ngày 16/10/2026
A94: Code | B94: Tên | C94: RC - WOOD | D94: RC - PANEL | E94: Machining | F94: Assembly | G94: RC | H94: Raw Cutting Panel | I94: Chưa rõ khu vực | J94: Tổng
A95: P20 | B95: Dailly Cleaning | C95: =SUMIFS('Loss time 16-10'!$Q$3:$Q$40,'Loss time 16-10'!$H$3:$H$40,$A95,'Loss time 16-10'!$G$3:$G$40,C$94) -> 3.5 | D95: =SUMIFS('Loss time 16-10'!$Q$3:$Q$40,'Loss time 16-10'!$H$3:$H$40,$A95,'Loss time 16-10'!$G$3:$G$40,D$94) -> 9 | E95: =SUMIFS('Loss time 16-10'!$Q$3:$Q$40,'Loss time 16-10'!$H$3:$H$40,$A95,'Loss time 16-10'!$G$3:$G$40,E$94) -> 9.5 | F95: =SUMIFS('Loss time 16-10'!$Q$3:$Q$40,'Loss time 16-10'!$H$3:$H$40,$A95,'Loss time 16-10'!$G$3:$G$40,F$94) -> 25 | G95: =SUMIFS('Loss time 16-10'!$Q$3:$Q$40,'Loss time 16-10'!$H$3:$H$40,$A95,'Loss time 16-10'!$G$3:$G$40,G$94) -> 0 | H95: =SUMIFS('Loss time 16-10'!$Q$3:$Q$40,'Loss time 16-10'!$H$3:$H$40,$A95,'Loss time 16-10'!$G$3:$G$40,H$94) -> 0 | I95: =SUMIFS('Loss time 16-10'!$Q$3:$Q$40,'Loss time 16-10'!$H$3:$H$40,$A95,'Loss time 16-10'!$G$3:$G$40,I$94) -> 0 | J95: =SUM(C95:I95) -> 47
A96: P26 | B96: Recorder/ Supporter | C96: =SUMIFS('Loss time 16-10'!$Q$3:$Q$40,'Loss time 16-10'!$H$3:$H$40,$A96,'Loss time 16-10'!$G$3:$G$40,C$94) -> 12.5 | D96: =SUMIFS('Loss time 16-10'!$Q$3:$Q$40,'Loss time 16-10'!$H$3:$H$40,$A96,'Loss time 16-10'!$G$3:$G$40,D$94) -> 112.5 | E96: =SUMIFS('Loss time 16-10'!$Q$3:$Q$40,'Loss time 16-10'!$H$3:$H$40,$A96,'Loss time 16-10'!$G$3:$G$40,E$94) -> 75 | F96: =SUMIFS('Loss time 16-10'!$Q$3:$Q$40,'Loss time 16-10'!$H$3:$H$40,$A96,'Loss time 16-10'!$G$3:$G$40,F$94) -> 25 | G96: =SUMIFS('Loss time 16-10'!$Q$3:$Q$40,'Loss time 16-10'!$H$3:$H$40,$A96,'Loss time 16-10'!$G$3:$G$40,G$94) -> 0 | H96: =SUMIFS('Loss time 16-10'!$Q$3:$Q$40,'Loss time 16-10'!$H$3:$H$40,$A96,'Loss time 16-10'!$G$3:$G$40,H$94) -> 0 | I96: =SUMIFS('Loss time 16-10'!$Q$3:$Q$40,'Loss time 16-10'!$H$3:$H$40,$A96,'Loss time 16-10'!$G$3:$G$40,I$94) -> 0 | J96: =SUM(C96:I96) -> 225
A97: P22 | B97: HR Training New Workers | C97: =SUMIFS('Loss time 16-10'!$Q$3:$Q$40,'Loss time 16-10'!$H$3:$H$40,$A97,'Loss time 16-10'!$G$3:$G$40,C$94) -> 0 | D97: =SUMIFS('Loss time 16-10'!$Q$3:$Q$40,'Loss time 16-10'!$H$3:$H$40,$A97,'Loss time 16-10'!$G$3:$G$40,D$94) -> 0 | E97: =SUMIFS('Loss time 16-10'!$Q$3:$Q$40,'Loss time 16-10'!$H$3:$H$40,$A97,'Loss time 16-10'!$G$3:$G$40,E$94) -> 0 | F97: =SUMIFS('Loss time 16-10'!$Q$3:$Q$40,'Loss time 16-10'!$H$3:$H$40,$A97,'Loss time 16-10'!$G$3:$G$40,F$94) -> 8 | G97: =SUMIFS('Loss time 16-10'!$Q$3:$Q$40,'Loss time 16-10'!$H$3:$H$40,$A97,'Loss time 16-10'!$G$3:$G$40,G$94) -> 0 | H97: =SUMIFS('Loss time 16-10'!$Q$3:$Q$40,'Loss time 16-10'!$H$3:$H$40,$A97,'Loss time 16-10'!$G$3:$G$40,H$94) -> 0 | I97: =SUMIFS('Loss time 16-10'!$Q$3:$Q$40,'Loss time 16-10'!$H$3:$H$40,$A97,'Loss time 16-10'!$G$3:$G$40,I$94) -> 0 | J97: =SUM(C97:I97) -> 8
A98: A2 | B98: Training | C98: =SUMIFS('Loss time 16-10'!$Q$3:$Q$40,'Loss time 16-10'!$H$3:$H$40,$A98,'Loss time 16-10'!$G$3:$G$40,C$94) -> 0 | D98: =SUMIFS('Loss time 16-10'!$Q$3:$Q$40,'Loss time 16-10'!$H$3:$H$40,$A98,'Loss time 16-10'!$G$3:$G$40,D$94) -> 0 | E98: =SUMIFS('Loss time 16-10'!$Q$3:$Q$40,'Loss time 16-10'!$H$3:$H$40,$A98,'Loss time 16-10'!$G$3:$G$40,E$94) -> 31.5 | F98: =SUMIFS('Loss time 16-10'!$Q$3:$Q$40,'Loss time 16-10'!$H$3:$H$40,$A98,'Loss time 16-10'!$G$3:$G$40,F$94) -> 153 | G98: =SUMIFS('Loss time 16-10'!$Q$3:$Q$40,'Loss time 16-10'!$H$3:$H$40,$A98,'Loss time 16-10'!$G$3:$G$40,G$94) -> 0 | H98: =SUMIFS('Loss time 16-10'!$Q$3:$Q$40,'Loss time 16-10'!$H$3:$H$40,$A98,'Loss time 16-10'!$G$3:$G$40,H$94) -> 63 | I98: =SUMIFS('Loss time 16-10'!$Q$3:$Q$40,'Loss time 16-10'!$H$3:$H$40,$A98,'Loss time 16-10'!$G$3:$G$40,I$94) -> 0 | J98: =SUM(C98:I98) -> 247.5
A99: Tổng | C99: =SUM(C95:C98) -> 16 | D99: =SUM(D95:D98) -> 121.5 | E99: =SUM(E95:E98) -> 116 | F99: =SUM(F95:F98) -> 211 | G99: =SUM(G95:G98) -> 0 | H99: =SUM(H95:H98) -> 63 | I99: =SUM(I95:I98) -> 0 | J99: =SUM(J95:J98) -> 527.5
A102: Ngày 17/10/2026
A103: Code | B103: Tên | C103: RC - WOOD | D103: RC - PANEL | E103: Machining | F103: Assembly | G103: RC | H103: Raw Cutting Panel | I103: Chưa rõ khu vực | J103: Tổng
A104: P20 | B104: Dailly Cleaning | C104: =SUMIFS('Loss time 17-10'!$Q$3:$Q$40,'Loss time 17-10'!$H$3:$H$40,$A104,'Loss time 17-10'!$G$3:$G$40,C$103) -> 3.5 | D104: =SUMIFS('Loss time 17-10'!$Q$3:$Q$40,'Loss time 17-10'!$H$3:$H$40,$A104,'Loss time 17-10'!$G$3:$G$40,D$103) -> 9 | E104: =SUMIFS('Loss time 17-10'!$Q$3:$Q$40,'Loss time 17-10'!$H$3:$H$40,$A104,'Loss time 17-10'!$G$3:$G$40,E$103) -> 9.5 | F104: =SUMIFS('Loss time 17-10'!$Q$3:$Q$40,'Loss time 17-10'!$H$3:$H$40,$A104,'Loss time 17-10'!$G$3:$G$40,F$103) -> 16 | G104: =SUMIFS('Loss time 17-10'!$Q$3:$Q$40,'Loss time 17-10'!$H$3:$H$40,$A104,'Loss time 17-10'!$G$3:$G$40,G$103) -> 0 | H104: =SUMIFS('Loss time 17-10'!$Q$3:$Q$40,'Loss time 17-10'!$H$3:$H$40,$A104,'Loss time 17-10'!$G$3:$G$40,H$103) -> 0 | I104: =SUMIFS('Loss time 17-10'!$Q$3:$Q$40,'Loss time 17-10'!$H$3:$H$40,$A104,'Loss time 17-10'!$G$3:$G$40,I$103) -> 0 | J104: =SUM(C104:I104) -> 38
A105: P26 | B105: Recorder/ Supporter | C105: =SUMIFS('Loss time 17-10'!$Q$3:$Q$40,'Loss time 17-10'!$H$3:$H$40,$A105,'Loss time 17-10'!$G$3:$G$40,C$103) -> 8 | D105: =SUMIFS('Loss time 17-10'!$Q$3:$Q$40,'Loss time 17-10'!$H$3:$H$40,$A105,'Loss time 17-10'!$G$3:$G$40,D$103) -> 72 | E105: =SUMIFS('Loss time 17-10'!$Q$3:$Q$40,'Loss time 17-10'!$H$3:$H$40,$A105,'Loss time 17-10'!$G$3:$G$40,E$103) -> 48 | F105: =SUMIFS('Loss time 17-10'!$Q$3:$Q$40,'Loss time 17-10'!$H$3:$H$40,$A105,'Loss time 17-10'!$G$3:$G$40,F$103) -> 16 | G105: =SUMIFS('Loss time 17-10'!$Q$3:$Q$40,'Loss time 17-10'!$H$3:$H$40,$A105,'Loss time 17-10'!$G$3:$G$40,G$103) -> 0 | H105: =SUMIFS('Loss time 17-10'!$Q$3:$Q$40,'Loss time 17-10'!$H$3:$H$40,$A105,'Loss time 17-10'!$G$3:$G$40,H$103) -> 0 | I105: =SUMIFS('Loss time 17-10'!$Q$3:$Q$40,'Loss time 17-10'!$H$3:$H$40,$A105,'Loss time 17-10'!$G$3:$G$40,I$103) -> 0 | J105: =SUM(C105:I105) -> 144
A106: P22 | B106: HR Training New Workers | C106: =SUMIFS('Loss time 17-10'!$Q$3:$Q$40,'Loss time 17-10'!$H$3:$H$40,$A106,'Loss time 17-10'!$G$3:$G$40,C$103) -> 0 | D106: =SUMIFS('Loss time 17-10'!$Q$3:$Q$40,'Loss time 17-10'!$H$3:$H$40,$A106,'Loss time 17-10'!$G$3:$G$40,D$103) -> 0 | E106: =SUMIFS('Loss time 17-10'!$Q$3:$Q$40,'Loss time 17-10'!$H$3:$H$40,$A106,'Loss time 17-10'!$G$3:$G$40,E$103) -> 0 | F106: =SUMIFS('Loss time 17-10'!$Q$3:$Q$40,'Loss time 17-10'!$H$3:$H$40,$A106,'Loss time 17-10'!$G$3:$G$40,F$103) -> 0 | G106: =SUMIFS('Loss time 17-10'!$Q$3:$Q$40,'Loss time 17-10'!$H$3:$H$40,$A106,'Loss time 17-10'!$G$3:$G$40,G$103) -> 0 | H106: =SUMIFS('Loss time 17-10'!$Q$3:$Q$40,'Loss time 17-10'!$H$3:$H$40,$A106,'Loss time 17-10'!$G$3:$G$40,H$103) -> 0 | I106: =SUMIFS('Loss time 17-10'!$Q$3:$Q$40,'Loss time 17-10'!$H$3:$H$40,$A106,'Loss time 17-10'!$G$3:$G$40,I$103) -> 0 | J106: =SUM(C106:I106) -> 0
A107: A2 | B107: Training | C107: =SUMIFS('Loss time 17-10'!$Q$3:$Q$40,'Loss time 17-10'!$H$3:$H$40,$A107,'Loss time 17-10'!$G$3:$G$40,C$103) -> 0 | D107: =SUMIFS('Loss time 17-10'!$Q$3:$Q$40,'Loss time 17-10'!$H$3:$H$40,$A107,'Loss time 17-10'!$G$3:$G$40,D$103) -> 0 | E107: =SUMIFS('Loss time 17-10'!$Q$3:$Q$40,'Loss time 17-10'!$H$3:$H$40,$A107,'Loss time 17-10'!$G$3:$G$40,E$103) -> 31.5 | F107: =SUMIFS('Loss time 17-10'!$Q$3:$Q$40,'Loss time 17-10'!$H$3:$H$40,$A107,'Loss time 17-10'!$G$3:$G$40,F$103) -> 157.5 | G107: =SUMIFS('Loss time 17-10'!$Q$3:$Q$40,'Loss time 17-10'!$H$3:$H$40,$A107,'Loss time 17-10'!$G$3:$G$40,G$103) -> 0 | H107: =SUMIFS('Loss time 17-10'!$Q$3:$Q$40,'Loss time 17-10'!$H$3:$H$40,$A107,'Loss time 17-10'!$G$3:$G$40,H$103) -> 63 | I107: =SUMIFS('Loss time 17-10'!$Q$3:$Q$40,'Loss time 17-10'!$H$3:$H$40,$A107,'Loss time 17-10'!$G$3:$G$40,I$103) -> 0 | J107: =SUM(C107:I107) -> 252
A108: Tổng | C108: =SUM(C104:C107) -> 11.5 | D108: =SUM(D104:D107) -> 81 | E108: =SUM(E104:E107) -> 89 | F108: =SUM(F104:F107) -> 189.5 | G108: =SUM(G104:G107) -> 0 | H108: =SUM(H104:H107) -> 63 | I108: =SUM(I104:I107) -> 0 | J108: =SUM(J104:J107) -> 434
A111: Ngày 19/10/2026
A112: Code | B112: Tên | C112: RC - WOOD | D112: RC - PANEL | E112: Machining | F112: Assembly | G112: RC | H112: Raw Cutting Panel | I112: Chưa rõ khu vực | J112: Tổng
A113: P20 | B113: Dailly Cleaning | C113: =SUMIFS('Loss time 19-10'!$Q$3:$Q$42,'Loss time 19-10'!$H$3:$H$42,$A113,'Loss time 19-10'!$G$3:$G$42,C$112) -> 3.5 | D113: =SUMIFS('Loss time 19-10'!$Q$3:$Q$42,'Loss time 19-10'!$H$3:$H$42,$A113,'Loss time 19-10'!$G$3:$G$42,D$112) -> 9 | E113: =SUMIFS('Loss time 19-10'!$Q$3:$Q$42,'Loss time 19-10'!$H$3:$H$42,$A113,'Loss time 19-10'!$G$3:$G$42,E$112) -> 9.5 | F113: =SUMIFS('Loss time 19-10'!$Q$3:$Q$42,'Loss time 19-10'!$H$3:$H$42,$A113,'Loss time 19-10'!$G$3:$G$42,F$112) -> 25 | G113: =SUMIFS('Loss time 19-10'!$Q$3:$Q$42,'Loss time 19-10'!$H$3:$H$42,$A113,'Loss time 19-10'!$G$3:$G$42,G$112) -> 0 | H113: =SUMIFS('Loss time 19-10'!$Q$3:$Q$42,'Loss time 19-10'!$H$3:$H$42,$A113,'Loss time 19-10'!$G$3:$G$42,H$112) -> 0 | I113: =SUMIFS('Loss time 19-10'!$Q$3:$Q$42,'Loss time 19-10'!$H$3:$H$42,$A113,'Loss time 19-10'!$G$3:$G$42,I$112) -> 0 | J113: =SUM(C113:I113) -> 47
A114: P26 | B114: Recorder/ Supporter | C114: =SUMIFS('Loss time 19-10'!$Q$3:$Q$42,'Loss time 19-10'!$H$3:$H$42,$A114,'Loss time 19-10'!$G$3:$G$42,C$112) -> 12.5 | D114: =SUMIFS('Loss time 19-10'!$Q$3:$Q$42,'Loss time 19-10'!$H$3:$H$42,$A114,'Loss time 19-10'!$G$3:$G$42,D$112) -> 112.5 | E114: =SUMIFS('Loss time 19-10'!$Q$3:$Q$42,'Loss time 19-10'!$H$3:$H$42,$A114,'Loss time 19-10'!$G$3:$G$42,E$112) -> 75 | F114: =SUMIFS('Loss time 19-10'!$Q$3:$Q$42,'Loss time 19-10'!$H$3:$H$42,$A114,'Loss time 19-10'!$G$3:$G$42,F$112) -> 25 | G114: =SUMIFS('Loss time 19-10'!$Q$3:$Q$42,'Loss time 19-10'!$H$3:$H$42,$A114,'Loss time 19-10'!$G$3:$G$42,G$112) -> 0 | H114: =SUMIFS('Loss time 19-10'!$Q$3:$Q$42,'Loss time 19-10'!$H$3:$H$42,$A114,'Loss time 19-10'!$G$3:$G$42,H$112) -> 0 | I114: =SUMIFS('Loss time 19-10'!$Q$3:$Q$42,'Loss time 19-10'!$H$3:$H$42,$A114,'Loss time 19-10'!$G$3:$G$42,I$112) -> 0 | J114: =SUM(C114:I114) -> 225
A115: P22 | B115: HR Training New Workers | C115: =SUMIFS('Loss time 19-10'!$Q$3:$Q$42,'Loss time 19-10'!$H$3:$H$42,$A115,'Loss time 19-10'!$G$3:$G$42,C$112) -> 0 | D115: =SUMIFS('Loss time 19-10'!$Q$3:$Q$42,'Loss time 19-10'!$H$3:$H$42,$A115,'Loss time 19-10'!$G$3:$G$42,D$112) -> 0 | E115: =SUMIFS('Loss time 19-10'!$Q$3:$Q$42,'Loss time 19-10'!$H$3:$H$42,$A115,'Loss time 19-10'!$G$3:$G$42,E$112) -> 8 | F115: =SUMIFS('Loss time 19-10'!$Q$3:$Q$42,'Loss time 19-10'!$H$3:$H$42,$A115,'Loss time 19-10'!$G$3:$G$42,F$112) -> 16 | G115: =SUMIFS('Loss time 19-10'!$Q$3:$Q$42,'Loss time 19-10'!$H$3:$H$42,$A115,'Loss time 19-10'!$G$3:$G$42,G$112) -> 0 | H115: =SUMIFS('Loss time 19-10'!$Q$3:$Q$42,'Loss time 19-10'!$H$3:$H$42,$A115,'Loss time 19-10'!$G$3:$G$42,H$112) -> 0 | I115: =SUMIFS('Loss time 19-10'!$Q$3:$Q$42,'Loss time 19-10'!$H$3:$H$42,$A115,'Loss time 19-10'!$G$3:$G$42,I$112) -> 0 | J115: =SUM(C115:I115) -> 24
A116: A2 | B116: Training | C116: =SUMIFS('Loss time 19-10'!$Q$3:$Q$42,'Loss time 19-10'!$H$3:$H$42,$A116,'Loss time 19-10'!$G$3:$G$42,C$112) -> 0 | D116: =SUMIFS('Loss time 19-10'!$Q$3:$Q$42,'Loss time 19-10'!$H$3:$H$42,$A116,'Loss time 19-10'!$G$3:$G$42,D$112) -> 0 | E116: =SUMIFS('Loss time 19-10'!$Q$3:$Q$42,'Loss time 19-10'!$H$3:$H$42,$A116,'Loss time 19-10'!$G$3:$G$42,E$112) -> 31.5 | F116: =SUMIFS('Loss time 19-10'!$Q$3:$Q$42,'Loss time 19-10'!$H$3:$H$42,$A116,'Loss time 19-10'!$G$3:$G$42,F$112) -> 157.5 | G116: =SUMIFS('Loss time 19-10'!$Q$3:$Q$42,'Loss time 19-10'!$H$3:$H$42,$A116,'Loss time 19-10'!$G$3:$G$42,G$112) -> 0 | H116: =SUMIFS('Loss time 19-10'!$Q$3:$Q$42,'Loss time 19-10'!$H$3:$H$42,$A116,'Loss time 19-10'!$G$3:$G$42,H$112) -> 63 | I116: =SUMIFS('Loss time 19-10'!$Q$3:$Q$42,'Loss time 19-10'!$H$3:$H$42,$A116,'Loss time 19-10'!$G$3:$G$42,I$112) -> 0 | J116: =SUM(C116:I116) -> 252
A117: Tổng | C117: =SUM(C113:C116) -> 16 | D117: =SUM(D113:D116) -> 121.5 | E117: =SUM(E113:E116) -> 124 | F117: =SUM(F113:F116) -> 223.5 | G117: =SUM(G113:G116) -> 0 | H117: =SUM(H113:H116) -> 63 | I117: =SUM(I113:I116) -> 0 | J117: =SUM(J113:J116) -> 548
A120: Ngày 20/10/2026
A121: Code | B121: Tên | C121: RC - WOOD | D121: RC - PANEL | E121: Machining | F121: Assembly | G121: RC | H121: Raw Cutting Panel | I121: Chưa rõ khu vực | J121: Tổng
A122: P20 | B122: Dailly Cleaning | C122: =SUMIFS('Loss time 20-10'!$Q$3:$Q$43,'Loss time 20-10'!$H$3:$H$43,$A122,'Loss time 20-10'!$G$3:$G$43,C$121) -> 3.5 | D122: =SUMIFS('Loss time 20-10'!$Q$3:$Q$43,'Loss time 20-10'!$H$3:$H$43,$A122,'Loss time 20-10'!$G$3:$G$43,D$121) -> 9 | E122: =SUMIFS('Loss time 20-10'!$Q$3:$Q$43,'Loss time 20-10'!$H$3:$H$43,$A122,'Loss time 20-10'!$G$3:$G$43,E$121) -> 9.5 | F122: =SUMIFS('Loss time 20-10'!$Q$3:$Q$43,'Loss time 20-10'!$H$3:$H$43,$A122,'Loss time 20-10'!$G$3:$G$43,F$121) -> 25 | G122: =SUMIFS('Loss time 20-10'!$Q$3:$Q$43,'Loss time 20-10'!$H$3:$H$43,$A122,'Loss time 20-10'!$G$3:$G$43,G$121) -> 0 | H122: =SUMIFS('Loss time 20-10'!$Q$3:$Q$43,'Loss time 20-10'!$H$3:$H$43,$A122,'Loss time 20-10'!$G$3:$G$43,H$121) -> 0 | I122: =SUMIFS('Loss time 20-10'!$Q$3:$Q$43,'Loss time 20-10'!$H$3:$H$43,$A122,'Loss time 20-10'!$G$3:$G$43,I$121) -> 0 | J122: =SUM(C122:I122) -> 47
A123: P26 | B123: Recorder/ Supporter | C123: =SUMIFS('Loss time 20-10'!$Q$3:$Q$43,'Loss time 20-10'!$H$3:$H$43,$A123,'Loss time 20-10'!$G$3:$G$43,C$121) -> 12.5 | D123: =SUMIFS('Loss time 20-10'!$Q$3:$Q$43,'Loss time 20-10'!$H$3:$H$43,$A123,'Loss time 20-10'!$G$3:$G$43,D$121) -> 112.5 | E123: =SUMIFS('Loss time 20-10'!$Q$3:$Q$43,'Loss time 20-10'!$H$3:$H$43,$A123,'Loss time 20-10'!$G$3:$G$43,E$121) -> 75 | F123: =SUMIFS('Loss time 20-10'!$Q$3:$Q$43,'Loss time 20-10'!$H$3:$H$43,$A123,'Loss time 20-10'!$G$3:$G$43,F$121) -> 25 | G123: =SUMIFS('Loss time 20-10'!$Q$3:$Q$43,'Loss time 20-10'!$H$3:$H$43,$A123,'Loss time 20-10'!$G$3:$G$43,G$121) -> 0 | H123: =SUMIFS('Loss time 20-10'!$Q$3:$Q$43,'Loss time 20-10'!$H$3:$H$43,$A123,'Loss time 20-10'!$G$3:$G$43,H$121) -> 0 | I123: =SUMIFS('Loss time 20-10'!$Q$3:$Q$43,'Loss time 20-10'!$H$3:$H$43,$A123,'Loss time 20-10'!$G$3:$G$43,I$121) -> 0 | J123: =SUM(C123:I123) -> 225
A124: P22 | B124: HR Training New Workers | C124: =SUMIFS('Loss time 20-10'!$Q$3:$Q$43,'Loss time 20-10'!$H$3:$H$43,$A124,'Loss time 20-10'!$G$3:$G$43,C$121) -> 0 | D124: =SUMIFS('Loss time 20-10'!$Q$3:$Q$43,'Loss time 20-10'!$H$3:$H$43,$A124,'Loss time 20-10'!$G$3:$G$43,D$121) -> 0 | E124: =SUMIFS('Loss time 20-10'!$Q$3:$Q$43,'Loss time 20-10'!$H$3:$H$43,$A124,'Loss time 20-10'!$G$3:$G$43,E$121) -> 16 | F124: =SUMIFS('Loss time 20-10'!$Q$3:$Q$43,'Loss time 20-10'!$H$3:$H$43,$A124,'Loss time 20-10'!$G$3:$G$43,F$121) -> 32 | G124: =SUMIFS('Loss time 20-10'!$Q$3:$Q$43,'Loss time 20-10'!$H$3:$H$43,$A124,'Loss time 20-10'!$G$3:$G$43,G$121) -> 0 | H124: =SUMIFS('Loss time 20-10'!$Q$3:$Q$43,'Loss time 20-10'!$H$3:$H$43,$A124,'Loss time 20-10'!$G$3:$G$43,H$121) -> 0 | I124: =SUMIFS('Loss time 20-10'!$Q$3:$Q$43,'Loss time 20-10'!$H$3:$H$43,$A124,'Loss time 20-10'!$G$3:$G$43,I$121) -> 0 | J124: =SUM(C124:I124) -> 48
A125: A2 | B125: Training | C125: =SUMIFS('Loss time 20-10'!$Q$3:$Q$43,'Loss time 20-10'!$H$3:$H$43,$A125,'Loss time 20-10'!$G$3:$G$43,C$121) -> 0 | D125: =SUMIFS('Loss time 20-10'!$Q$3:$Q$43,'Loss time 20-10'!$H$3:$H$43,$A125,'Loss time 20-10'!$G$3:$G$43,D$121) -> 0 | E125: =SUMIFS('Loss time 20-10'!$Q$3:$Q$43,'Loss time 20-10'!$H$3:$H$43,$A125,'Loss time 20-10'!$G$3:$G$43,E$121) -> 36 | F125: =SUMIFS('Loss time 20-10'!$Q$3:$Q$43,'Loss time 20-10'!$H$3:$H$43,$A125,'Loss time 20-10'!$G$3:$G$43,F$121) -> 139.5 | G125: =SUMIFS('Loss time 20-10'!$Q$3:$Q$43,'Loss time 20-10'!$H$3:$H$43,$A125,'Loss time 20-10'!$G$3:$G$43,G$121) -> 0 | H125: =SUMIFS('Loss time 20-10'!$Q$3:$Q$43,'Loss time 20-10'!$H$3:$H$43,$A125,'Loss time 20-10'!$G$3:$G$43,H$121) -> 63 | I125: =SUMIFS('Loss time 20-10'!$Q$3:$Q$43,'Loss time 20-10'!$H$3:$H$43,$A125,'Loss time 20-10'!$G$3:$G$43,I$121) -> 0 | J125: =SUM(C125:I125) -> 238.5
A126: Tổng | C126: =SUM(C122:C125) -> 16 | D126: =SUM(D122:D125) -> 121.5 | E126: =SUM(E122:E125) -> 136.5 | F126: =SUM(F122:F125) -> 221.5 | G126: =SUM(G122:G125) -> 0 | H126: =SUM(H122:H125) -> 63 | I126: =SUM(I122:I125) -> 0 | J126: =SUM(J122:J125) -> 558.5
A129: Ngày 21/10/2026
...

Sheet Nhân viên mới - A2
A1: NHÂN VIÊN MỚI: P22 VÀ A2 THEO TỪNG NGÀY
A3: Nhóm (ngày vào làm) | B3: Khu vực | C3: HC | D3: Mã ngày 05/10 | E3: Mã ngày 06/10 | F3: Mã ngày 07/10 | G3: Mã ngày 08/10 | H3: Mã ngày 09/10 | I3: Mã ngày 10/10 | J3: Mã ngày 12/10 | K3: Mã ngày 13/10 | L3: Mã ngày 14/10 | M3: Mã ngày 15/10 | N3: Mã ngày 16/10 | O3: Mã ngày 17/10 | P3: Mã ngày 19/10 | Q3: Mã ngày 20/10 | R3: Mã ngày 21/10 | S3: Ngày cuối A2 (không tính CN)
A4: 21/10 | B4: Raw Cutting Panel | C4: 1 | D4: - | E4: - | F4: - | G4: - | H4: - | I4: - | J4: - | K4: - | L4: - | M4: - | N4: - | O4: - | P4: - | Q4: - | R4: P22 | S4: =WORKDAY.INTL(DATE(2026,10,21),12,11) -> 46330
A5: 21/10 | B5: Machining | C5: 2 | D5: - | E5: - | F5: - | G5: - | H5: - | I5: - | J5: - | K5: - | L5: - | M5: - | N5: - | O5: - | P5: - | Q5: - | R5: P22 | S5: =WORKDAY.INTL(DATE(2026,10,21),12,11) -> 46330
A6: 21/10 | B6: Assembly | C6: 2 | D6: - | E6: - | F6: - | G6: - | H6: - | I6: - | J6: - | K6: - | L6: - | M6: - | N6: - | O6: - | P6: - | Q6: - | R6: P22 | S6: =WORKDAY.INTL(DATE(2026,10,21),12,11) -> 46330
A7: 20/10 | B7: Assembly | C7: 4 | D7: - | E7: - | F7: - | G7: - | H7: - | I7: - | J7: - | K7: - | L7: - | M7: - | N7: - | O7: - | P7: - | Q7: P22 | R7: A2 ngày 1 | S7: =WORKDAY.INTL(DATE(2026,10,20),12,11) -> 46329
A8: 20/10 | B8: Machining | C8: 2 | D8: - | E8: - | F8: - | G8: - | H8: - | I8: - | J8: - | K8: - | L8: - | M8: - | N8: - | O8: - | P8: - | Q8: P22 | R8: A2 ngày 1 | S8: =WORKDAY.INTL(DATE(2026,10,20),12,11) -> 46329
A9: 19/10 | B9: Assembly | C9: 2 | D9: - | E9: - | F9: - | G9: - | H9: - | I9: - | J9: - | K9: - | L9: - | M9: - | N9: - | O9: - | P9: P22 | Q9: A2 ngày 1 | R9: A2 ngày 2 | S9: =WORKDAY.INTL(DATE(2026,10,19),12,11) -> 46328
A10: 19/10 | B10: Machining | C10: 1 | D10: - | E10: - | F10: - | G10: - | H10: - | I10: - | J10: - | K10: - | L10: - | M10: - | N10: - | O10: - | P10: P22 | Q10: A2 ngày 1 | R10: A2 ngày 2 | S10: =WORKDAY.INTL(DATE(2026,10,19),12,11) -> 46328
A11: 16/10 | B11: Assembly | C11: 1 | D11: - | E11: - | F11: - | G11: - | H11: - | I11: - | J11: - | K11: - | L11: - | M11: - | N11: P22 | O11: A2 ngày 1 | P11: A2 ngày 2 | Q11: A2 ngày 3 | R11: A2 ngày 4 | S11: =WORKDAY.INTL(DATE(2026,10,16),12,11) -> 46325
A12: 15/10 | B12: Assembly | C12: 4 | D12: - | E12: - | F12: - | G12: - | H12: - | I12: - | J12: - | K12: - | L12: - | M12: P22 | N12: A2 ngày 1 | O12: A2 ngày 2 | P12: A2 ngày 3 | Q12: A2 ngày 4 | R12: A2 ngày 5 | S12: =WORKDAY.INTL(DATE(2026,10,15),12,11) -> 46324
A13: 14/10 | B13: Assembly | C13: 1 | D13: - | E13: - | F13: - | G13: - | H13: - | I13: - | J13: - | K13: - | L13: P22 | M13: A2 ngày 1 | N13: A2 ngày 2 | O13: A2 ngày 3 | P13: A2 ngày 4 | Q13: A2 ngày 5 | R13: A2 ngày 6 | S13: =WORKDAY.INTL(DATE(2026,10,14),12,11) -> 46323
A14: 13/10 | B14: Assembly | C14: 2 | D14: - | E14: - | F14: - | G14: - | H14: - | I14: - | J14: - | K14: P22 | L14: A2 ngày 1 | M14: A2 ngày 2 | N14: A2 ngày 3 | O14: A2 ngày 4 | P14: A2 ngày 5 | Q14: A2 ngày 6 | R14: A2 ngày 7 | S14: =WORKDAY.INTL(DATE(2026,10,13),12,11) -> 46322
A15: 13/10 | B15: Raw Cutting Panel | C15: 4 | D15: - | E15: - | F15: - | G15: - | H15: - | I15: - | J15: - | K15: P22 | L15: A2 ngày 1 | M15: A2 ngày 2 | N15: A2 ngày 3 | O15: A2 ngày 4 | P15: A2 ngày 5 | Q15: A2 ngày 6 | R15: A2 ngày 7 | S15: =WORKDAY.INTL(DATE(2026,10,13),12,11) -> 46322
A16: 13/10 | B16: Machining | C16: 1 | D16: - | E16: - | F16: - | G16: - | H16: - | I16: - | J16: - | K16: P22 | L16: A2 ngày 1 | M16: A2 ngày 2 | N16: A2 ngày 3 | O16: A2 ngày 4 | P16: A2 ngày 5 | Q16: A2 ngày 6 | R16: A2 ngày 7 | S16: =WORKDAY.INTL(DATE(2026,10,13),12,11) -> 46322
A17: 12/10 | B17: Assembly | C17: 2 | D17: - | E17: - | F17: - | G17: - | H17: - | I17: - | J17: P22 | K17: A2 ngày 1 | L17: A2 ngày 2 | M17: A2 ngày 3 | N17: A2 ngày 4 | O17: A2 ngày 5 | P17: A2 ngày 6 | Q17: A2 ngày 7 | R17: A2 ngày 8 | S17: =WORKDAY.INTL(DATE(2026,10,12),12,11) -> 46321
A18: 12/10 | B18: Raw Cutting Panel | C18: 1 | D18: - | E18: - | F18: - | G18: - | H18: - | I18: - | J18: P22 | K18: A2 ngày 1 | L18: A2 ngày 2 | M18: A2 ngày 3 | N18: A2 ngày 4 | O18: A2 ngày 5 | P18: A2 ngày 6 | Q18: A2 ngày 7 | R18: A2 ngày 8 | S18: =WORKDAY.INTL(DATE(2026,10,12),12,11) -> 46321
A19: 09/10 | B19: Assembly | C19: 6 | D19: - | E19: - | F19: - | G19: - | H19: P22 | I19: A2 ngày 1 | J19: A2 ngày 2 | K19: A2 ngày 3 | L19: A2 ngày 4 | M19: A2 ngày 5 | N19: A2 ngày 6 | O19: A2 ngày 7 | P19: A2 ngày 8 | Q19: A2 ngày 9 | R19: A2 ngày 10 | S19: =WORKDAY.INTL(DATE(2026,10,9),12,11) -> 46318
A20: 09/10 | B20: Raw Cutting Panel | C20: 2 | D20: - | E20: - | F20: - | G20: - | H20: P22 | I20: A2 ngày 1 | J20: A2 ngày 2 | K20: A2 ngày 3 | L20: A2 ngày 4 | M20: A2 ngày 5 | N20: A2 ngày 6 | O20: A2 ngày 7 | P20: A2 ngày 8 | Q20: A2 ngày 9 | R20: A2 ngày 10 | S20: =WORKDAY.INTL(DATE(2026,10,9),12,11) -> 46318
A21: 08/10 | B21: Raw Cutting Panel | C21: 1 | D21: - | E21: - | F21: - | G21: P22 | H21: A2 ngày 1 | I21: A2 ngày 2 | J21: A2 ngày 3 | K21: A2 ngày 4 | L21: A2 ngày 5 | M21: A2 ngày 6 | N21: A2 ngày 7 | O21: A2 ngày 8 | P21: A2 ngày 9 | Q21: A2 ngày 10 | R21: A2 ngày 11 | S21: =WORKDAY.INTL(DATE(2026,10,8),12,11) -> 46317
A22: 08/10 | B22: Machining | C22: 3 | D22: - | E22: - | F22: - | G22: P22 | H22: A2 ngày 1 | I22: A2 ngày 2 | J22: A2 ngày 3 | K22: A2 ngày 4 | L22: A2 ngày 5 | M22: A2 ngày 6 | N22: A2 ngày 7 | O22: A2 ngày 8 | P22: A2 ngày 9 | Q22: A2 ngày 10 | R22: A2 ngày 11 | S22: =WORKDAY.INTL(DATE(2026,10,8),12,11) -> 46317
A23: 07/10 | B23: Assembly | C23: 6 | D23: - | E23: - | F23: P22 | G23: A2 ngày 1 | H23: A2 ngày 2 | I23: A2 ngày 3 | J23: A2 ngày 4 | K23: A2 ngày 5 | L23: A2 ngày 6 | M23: A2 ngày 7 | N23: A2 ngày 8 | O23: A2 ngày 9 | P23: A2 ngày 10 | Q23: A2 ngày 11 | R23: A2 ngày 12 | S23: =WORKDAY.INTL(DATE(2026,10,7),12,11) -> 46316
A24: 07/10 | B24: Raw Cutting Panel | C24: 2 | D24: - | E24: - | F24: P22 | G24: A2 ngày 1 | H24: A2 ngày 2 | I24: A2 ngày 3 | J24: A2 ngày 4 | K24: A2 ngày 5 | L24: A2 ngày 6 | M24: A2 ngày 7 | N24: A2 ngày 8 | O24: A2 ngày 9 | P24: A2 ngày 10 | Q24: A2 ngày 11 | R24: A2 ngày 12 | S24: =WORKDAY.INTL(DATE(2026,10,7),12,11) -> 46316
A25: 06/10 | B25: Assembly | C25: 7 | D25: - | E25: P22 | F25: A2 ngày 1 | G25: A2 ngày 2 | H25: A2 ngày 3 | I25: A2 ngày 4 | J25: A2 ngày 5 | K25: A2 ngày 6 | L25: A2 ngày 7 | M25: A2 ngày 8 | N25: A2 ngày 9 | O25: A2 ngày 10 | P25: A2 ngày 11 | Q25: A2 ngày 12 | R25: Đã xong | S25: =WORKDAY.INTL(DATE(2026,10,6),12,11) -> 46315
A26: 06/10 | B26: Raw Cutting Panel | C26: 4 | D26: - | E26: P22 | F26: A2 ngày 1 | G26: A2 ngày 2 | H26: A2 ngày 3 | I26: A2 ngày 4 | J26: A2 ngày 5 | K26: A2 ngày 6 | L26: A2 ngày 7 | M26: A2 ngày 8 | N26: A2 ngày 9 | O26: A2 ngày 10 | P26: A2 ngày 11 | Q26: A2 ngày 12 | R26: Đã xong | S26: =WORKDAY.INTL(DATE(2026,10,6),12,11) -> 46315
A27: 06/10 | B27: Machining | C27: 3 | D27: - | E27: P22 | F27: A2 ngày 1 | G27: A2 ngày 2 | H27: A2 ngày 3 | I27: A2 ngày 4 | J27: A2 ngày 5 | K27: A2 ngày 6 | L27: A2 ngày 7 | M27: A2 ngày 8 | N27: A2 ngày 9 | O27: A2 ngày 10 | P27: A2 ngày 11 | Q27: A2 ngày 12 | R27: Đã xong | S27: =WORKDAY.INTL(DATE(2026,10,6),12,11) -> 46315
A28: 05/10 | B28: Assembly | C28: 6 | D28: P22 | E28: A2 ngày 1 | F28: A2 ngày 2 | G28: A2 ngày 3 | H28: A2 ngày 4 | I28: A2 ngày 5 | J28: A2 ngày 6 | K28: A2 ngày 7 | L28: A2 ngày 8 | M28: A2 ngày 9 | N28: A2 ngày 10 | O28: A2 ngày 11 | P28: A2 ngày 12 | Q28: Đã xong | R28: Đã xong | S28: =WORKDAY.INTL(DATE(2026,10,5),12,11) -> 46314
A29: 18/9 | B29: Assembly | C29: 7 | D29: A2 ngày 5 | E29: A2 ngày 6 | F29: A2 ngày 7 | G29: A2 ngày 8 | H29: A2 ngày 9 | I29: A2 ngày 10 | J29: A2 ngày 11 | K29: A2 ngày 12 | L29: Đã xong | M29: Đã xong | N29: Đã xong | O29: Đã xong | P29: Đã xong | Q29: Đã xong | R29: Đã xong | S29: =WORKDAY.INTL(DATE(2026,10,5),7,11) -> 46308
A30: 23/9 | B30: Assembly | C30: 3 | D30: A2 ngày 10 | E30: A2 ngày 11 | F30: A2 ngày 12 | G30: Đã xong | H30: Đã xong | I30: Đã xong | J30: Đã xong | K30: Đã xong | L30: Đã xong | M30: Đã xong | N30: Đã xong | O30: Đã xong | P30: Đã xong | Q30: Đã xong | R30: Đã xong | S30: =WORKDAY.INTL(DATE(2026,10,5),2,11) -> 46302
A31: 24/9 | B31: Assembly | C31: 5 | D31: A2 ngày 5 | E31: A2 ngày 6 | F31: A2 ngày 7 | G31: A2 ngày 8 | H31: A2 ngày 9 | I31: A2 ngày 10 | J31: A2 ngày 11 | K31: A2 ngày 12 | L31: Đã xong | M31: Đã xong | N31: Đã xong | O31: Đã xong | P31: Đã xong | Q31: Đã xong | R31: Đã xong | S31: =WORKDAY.INTL(DATE(2026,10,5),7,11) -> 46308
A32: 25/9 | B32: Assembly | C32: 1 | D32: A2 ngày 5 | E32: A2 ngày 6 | F32: A2 ngày 7 | G32: A2 ngày 8 | H32: A2 ngày 9 | I32: A2 ngày 10 | J32: A2 ngày 11 | K32: A2 ngày 12 | L32: Đã xong | M32: Đã xong | N32: Đã xong | O32: Đã xong | P32: Đã xong | Q32: Đã xong | R32: Đã xong | S32: =WORKDAY.INTL(DATE(2026,10,5),7,11) -> 46308
A33: 28/9 | B33: Assembly | C33: 3 | D33: A2 ngày 6 | E33: A2 ngày 7 | F33: A2 ngày 8 | G33: A2 ngày 9 | H33: A2 ngày 10 | I33: A2 ngày 11 | J33: A2 ngày 12 | K33: Đã xong | L33: Đã xong | M33: Đã xong | N33: Đã xong | O33: Đã xong | P33: Đã xong | Q33: Đã xong | R33: Đã xong | S33: =WORKDAY.INTL(DATE(2026,10,5),6,11) -> 46307
A34: 21/9 | B34: Machining | C34: 2 | D34: A2 ngày 5 | E34: A2 ngày 6 | F34: A2 ngày 7 | G34: A2 ngày 8 | H34: A2 ngày 9 | I34: A2 ngày 10 | J34: A2 ngày 11 | K34: A2 ngày 12 | L34: Đã xong | M34: Đã xong | N34: Đã xong | O34: Đã xong | P34: Đã xong | Q34: Đã xong | R34: Đã xong | S34: =WORKDAY.INTL(DATE(2026,10,5),7,11) -> 46308
A35: 22/9 | B35: Machining | C35: 4 | D35: A2 ngày 5 | E35: A2 ngày 6 | F35: A2 ngày 7 | G35: A2 ngày 8 | H35: A2 ngày 9 | I35: A2 ngày 10 | J35: A2 ngày 11 | K35: A2 ngày 12 | L35: Đã xong | M35: Đã xong | N35: Đã xong | O35: Đã xong | P35: Đã xong | Q35: Đã xong | R35: Đã xong | S35: =WORKDAY.INTL(DATE(2026,10,5),7,11) -> 46308
A36: 23/9 | B36: Machining | C36: 9 | D36: A2 ngày 10 | E36: A2 ngày 11 | F36: A2 ngày 12 | G36: Đã xong | H36: Đã xong | I36: Đã xong | J36: Đã xong | K36: Đã xong | L36: Đã xong | M36: Đã xong | N36: Đã xong | O36: Đã xong | P36: Đã xong | Q36: Đã xong | R36: Đã xong | S36: =WORKDAY.INTL(DATE(2026,10,5),2,11) -> 46302
A37: 24/9 | B37: Machining | C37: 3 | D37: A2 ngày 5 | E37: A2 ngày 6 | F37: A2 ngày 7 | G37: A2 ngày 8 | H37: A2 ngày 9 | I37: A2 ngày 10 | J37: A2 ngày 11 | K37: A2 ngày 12 | L37: Đã xong | M37: Đã xong | N37: Đã xong | O37: Đã xong | P37: Đã xong | Q37: Đã xong | R37: Đã xong | S37: =WORKDAY.INTL(DATE(2026,10,5),7,11) -> 46308
A38: 25/9 | B38: Machining | C38: 1 | D38: A2 ngày 5 | E38: A2 ngày 6 | F38: A2 ngày 7 | G38: A2 ngày 8 | H38: A2 ngày 9 | I38: A2 ngày 10 | J38: A2 ngày 11 | K38: A2 ngày 12 | L38: Đã xong | M38: Đã xong | N38: Đã xong | O38: Đã xong | P38: Đã xong | Q38: Đã xong | R38: Đã xong | S38: =WORKDAY.INTL(DATE(2026,10,5),7,11) -> 46308
A39: 22/9 | B39: RC | C39: 1 | D39: A2 ngày 5 | E39: A2 ngày 6 | F39: A2 ngày 7 | G39: A2 ngày 8 | H39: A2 ngày 9 | I39: A2 ngày 10 | J39: A2 ngày 11 | K39: A2 ngày 12 | L39: Đã xong | M39: Đã xong | N39: Đã xong | O39: Đã xong | P39: Đã xong | Q39: Đã xong | R39: Đã xong | S39: =WORKDAY.INTL(DATE(2026,10,5),7,11) -> 46308
A40: 23/9 | B40: RC | C40: 1 | D40: A2 ngày 5 | E40: A2 ngày 6 | F40: A2 ngày 7 | G40: A2 ngày 8 | H40: A2 ngày 9 | I40: A2 ngày 10 | J40: A2 ngày 11 | K40: A2 ngày 12 | L40: Đã xong | M40: Đã xong | N40: Đã xong | O40: Đã xong | P40: Đã xong | Q40: Đã xong | R40: Đã xong | S40: =WORKDAY.INTL(DATE(2026,10,5),7,11) -> 46308
A41: 24/9 | B41: RC | C41: 2 | D41: A2 ngày 5 | E41: A2 ngày 6 | F41: A2 ngày 7 | G41: A2 ngày 8 | H41: A2 ngày 9 | I41: A2 ngày 10 | J41: A2 ngày 11 | K41: A2 ngày 12 | L41: Đã xong | M41: Đã xong | N41: Đã xong | O41: Đã xong | P41: Đã xong | Q41: Đã xong | R41: Đã xong | S41: =WORKDAY.INTL(DATE(2026,10,5),7,11) -> 46308
A42: 26/9 | B42: RC | C42: 1 | D42: A2 ngày 5 | E42: A2 ngày 6 | F42: A2 ngày 7 | G42: A2 ngày 8 | H42: A2 ngày 9 | I42: A2 ngày 10 | J42: A2 ngày 11 | K42: A2 ngày 12 | L42: Đã xong | M42: Đã xong | N42: Đã xong | O42: Đã xong | P42: Đã xong | Q42: Đã xong | R42: Đã xong | S42: =WORKDAY.INTL(DATE(2026,10,5),7,11) -> 46308
A43: 23/9 | B43: Raw Cutting Panel | C43: 3 | D43: A2 ngày 4 | E43: A2 ngày 5 | F43: A2 ngày 6 | G43: A2 ngày 7 | H43: A2 ngày 8 | I43: A2 ngày 9 | J43: A2 ngày 10 | K43: A2 ngày 11 | L43: A2 ngày 12 | M43: Đã xong | N43: Đã xong | O43: Đã xong | P43: Đã xong | Q43: Đã xong | R43: Đã xong | S43: =WORKDAY.INTL(DATE(2026,10,5),8,11) -> 46309
A44: 25/9 | B44: Raw Cutting Panel | C44: 1 | D44: A2 ngày 4 | E44: A2 ngày 5 | F44: A2 ngày 6 | G44: A2 ngày 7 | H44: A2 ngày 8 | I44: A2 ngày 9 | J44: A2 ngày 10 | K44: A2 ngày 11 | L44: A2 ngày 12 | M44: Đã xong | N44: Đã xong | O44: Đã xong | P44: Đã xong | Q44: Đã xong | R44: Đã xong | S44: =WORKDAY.INTL(DATE(2026,10,5),8,11) -> 46309
A46: Quy ước: P22 ngày đầu (8:00-16:00); A2 các ngày sau (12 ngày làm việc, bỏ Chủ nhật), giờ A2 gần nhất trong file là 7:30-12:00.
A47: Số ngày A2 đã ghi của các nhóm cũ được đếm theo số ngày thực tế có dòng A2 trong file Loss time (đến 03/10); HC lấy theo ngày ghi gần nhất.
A48: Nhóm 18/9 Assembly: dòng A2 cuối là 02/10, không có 03/10. Nếu 03/10 bị bỏ sót thì số ngày A2 của nhóm này lớn hơn 1 ngày.
A49: Nhóm 19/9 Assembly (13 ngày) và 19/9 Machining (12 ngày) đã đủ A2 trước 05/10 nên không ghi. Nếu quy định là 13 ngày thì Machining 19/9 (8 người) còn 1 ngày.
A50: Người ghi "0" ở cột CT/TV vẫn tính vào HC (05/10: 1 người; 06/10: 3 người; 13/10: 3 người Raw Cutting Panel). Danh sách 07/10 không có cột CT/TV nên tính đủ 8 người; 08/10 có 4 người, đều NCU.
A51: Ngày 09/10 có 8 nhân viên mới (Assembly 6, Raw Cutting Panel 2; lấy theo P22 đã nhập trên hệ thống), A2 bắt đầu từ 10/10. Ngày 10/10 chưa thấy có nhân viên mới (chờ xác nhận).
A52: Chủ nhật 11/10 không làm nên không tính vào số ngày A2. Ngày 12/10 có 3 nhân viên mới (Assembly 2, Raw Cutting Panel 1), A2 bắt đầu từ 13/10. Ngày 13/10 có 7 nhân viên mới (Assembly 2, Raw Cutting Panel 4, Machining 1), ngày 14/10 có 1 (Assembly), ngày 15/10 có 4 (Assembly), ngày 16/10 có 1 nhân viên mới (Assembly, theo dòng P22 đã nhập trên hệ thống), ngày 17/10 không có nhân viên mới. Ngày 19/10 có 3 nhân viên mới (Assembly 2, Machining 1; người ghi "0" ở cột CT/TV vẫn tính vào HC), ngày 20/10 có 6 (Assembly 4, gồm 2 người dưới Mr.Dũng-Inlay; Machining 2). Thứ Bảy 17/10 không tăng ca (P26 và P20 Assembly 7:30-15:30). Ngày 21/10 có 5 nhân viên mới (Raw Cutting Panel 1, Machining 2, Assembly 2 gồm 1 người dưới Mr.Dũng-Inlay). Thứ Hai 19/10, Thứ Ba 20/10 và Thứ Tư 21/10 ghi theo mẫu ngày thường có tăng ca đến 20:00 (cần xác nhận). Tài xế xe nâng (Machining 12/10, nhóm IDL-Forklift) không tính theo yêu cầu.
A53: Thứ Bảy 10/10 không tăng ca: P26 và P20 Assembly ghi 7:30-15:30 (sớm 30 phút so với ca ngày thường 7:30-16:00); 4 dòng P20 ngắn ghi 7:00-7:30 theo mặc định, chờ xác nhận.

Sheet Lịch A2 nhân viên mới
A1: LỊCH A2 CỦA TỪNG NHÓM NHÂN VIÊN MỚI (12 ngày làm việc, bỏ Chủ nhật)
A3: Nhóm (ngày vào làm) | B3: Khu vực | C3: HC | D3: Ngày P22 | E3: A2 ngày 1 | F3: A2 ngày 2 | G3: A2 ngày 3 | H3: A2 ngày 4 | I3: A2 ngày 5 | J3: A2 ngày 6 | K3: A2 ngày 7 | L3: A2 ngày 8 | M3: A2 ngày 9 | N3: A2 ngày 10 | O3: A2 ngày 11 | P3: A2 ngày 12
A4: 05/10 | B4: Assembly | C4: 6 | D4: =DATE(2026,10,5) -> 46300 | E4: =WORKDAY.INTL(D4,1,11) -> 46301 | F4: =WORKDAY.INTL(E4,1,11) -> 46302 | G4: =WORKDAY.INTL(F4,1,11) -> 46303 | H4: =WORKDAY.INTL(G4,1,11) -> 46304 | I4: =WORKDAY.INTL(H4,1,11) -> 46305 | J4: =WORKDAY.INTL(I4,1,11) -> 46307 | K4: =WORKDAY.INTL(J4,1,11) -> 46308 | L4: =WORKDAY.INTL(K4,1,11) -> 46309 | ... P4: =WORKDAY.INTL(O4,1,11) -> 46314
A5: 06/10 | B5: Assembly | C5: 7 | D5: =DATE(2026,10,6) -> 46301 | E5: =WORKDAY.INTL(D5,1,11) -> 46302 | F5: =WORKDAY.INTL(E5,1,11) -> 46303 | G5: =WORKDAY.INTL(F5,1,11) -> 46304 | H5: =WORKDAY.INTL(G5,1,11) -> 46305 | I5: =WORKDAY.INTL(H5,1,11) -> 46307 | J5: =WORKDAY.INTL(I5,1,11) -> 46308 | K5: =WORKDAY.INTL(J5,1,11) -> 46309 | L5: =WORKDAY.INTL(K5,1,11) -> 46310 | ... P5: =WORKDAY.INTL(O5,1,11) -> 46315
A6: 06/10 | B6: Raw Cutting Panel | C6: 4 | D6: =DATE(2026,10,6) -> 46301 | E6: =WORKDAY.INTL(D6,1,11) -> 46302 | F6: =WORKDAY.INTL(E6,1,11) -> 46303 | G6: =WORKDAY.INTL(F6,1,11) -> 46304 | H6: =WORKDAY.INTL(G6,1,11) -> 46305 | I6: =WORKDAY.INTL(H6,1,11) -> 46307 | J6: =WORKDAY.INTL(I6,1,11) -> 46308 | K6: =WORKDAY.INTL(J6,1,11) -> 46309 | L6: =WORKDAY.INTL(K6,1,11) -> 46310 | ... P6: =WORKDAY.INTL(O6,1,11) -> 46315
A7: 06/10 | B7: Machining | C7: 3 | D7: =DATE(2026,10,6) -> 46301 | E7: =WORKDAY.INTL(D7,1,11) -> 46302 | F7: =WORKDAY.INTL(E7,1,11) -> 46303 | G7: =WORKDAY.INTL(F7,1,11) -> 46304 | H7: =WORKDAY.INTL(G7,1,11) -> 46305 | I7: =WORKDAY.INTL(H7,1,11) -> 46307 | J7: =WORKDAY.INTL(I7,1,11) -> 46308 | K7: =WORKDAY.INTL(J7,1,11) -> 46309 | L7: =WORKDAY.INTL(K7,1,11) -> 46310 | ... P7: =WORKDAY.INTL(O7,1,11) -> 46315
