Workbook

Sheet Loss time 05-10
A1: LOSS TIME WHITE WOOD - 05/10/2026
A2: Week | B2: Date (Ngày) | C2: Item's Mã hàng | D2: Code Máy Hư | E2: Q'ty | F2: Số NCR/ME | G2: Khu vực phát sinh/bộ phận hỗ trợ | H2: Code | I2: Name code | J2: Chart / bộ phận chịu trách nhiệm | K2: Lí Do | L2: Ghi chú | M2: From | N2: To | O2: LossTime (Hr) | P2: HC | Q2: Loss time labor (Hrs)
A3: ="W"&WEEKNUM(B3,21) -> W41 | B3: 46300 | G3: RC - WOOD | H3: P20 | I3: Dailly Cleaning | J3: RC WOOD | K3: Vệ sinh khu vực máy móc RC WOOD | M3: 0.29166667 | N3: 0.3125 | O3: =(N3-M3)*24 -> 0.5 | P3: 7 | Q3: =P3*O3 -> 3.5
A4: ="W"&WEEKNUM(B4,21) -> W41 | B4: 46300 | G4: RC - PANEL | H4: P20 | I4: Dailly Cleaning | J4: RC - PANEL | K4: Vệ sinh khu vực máy móc RC PANEL | M4: 0.29166667 | N4: 0.3125 | O4: =(N4-M4)*24 -> 0.5 | P4: 18 | Q4: =P4*O4 -> 9
A5: ="W"&WEEKNUM(B5,21) -> W41 | B5: 46300 | G5: Machining | H5: P20 | I5: Dailly Cleaning | J5: Machining | K5: Vệ sinh khu vực máy móc MAC FINAL | M5: 0.29166667 | N5: 0.3125 | O5: =(N5-M5)*24 -> 0.5 | P5: 7 | Q5: =P5*O5 -> 3.5
A6: ="W"&WEEKNUM(B6,21) -> W41 | B6: 46300 | G6: Machining | H6: P20 | I6: Dailly Cleaning | J6: Machining | K6: Vệ sinh khu vực máy móc PRE MAC | M6: 0.29166667 | N6: 0.3125 | O6: =(N6-M6)*24 -> 0.5 | P6: 12 | Q6: =P6*O6 -> 6
A7: ="W"&WEEKNUM(B7,21) -> W41 | B7: 46300 | G7: Assembly | H7: P20 | I7: Dailly Cleaning | J7: Assembly | K7: Quét nhà toàn xưởng khu vực ASSY | M7: 0.3125 | N7: 0.83333333 | O7: =(N7-M7)*24 -> 12.5 | P7: 2 | Q7: =P7*O7 -> 25
A8: ="W"&WEEKNUM(B8,21) -> W41 | B8: 46300 | G8: RC - PANEL | H8: P26 | I8: Recorder/ Supporter | J8: RC - PANEL | K8: Shop Floor data RC PANEL | L8: Recorder | M8: 0.3125 | N8: 0.83333333 | O8: =(N8-M8)*24 -> 12.5 | P8: 4 | Q8: =P8*O8 -> 50
A9: ="W"&WEEKNUM(B9,21) -> W41 | B9: 46300 | G9: Machining | H9: P26 | I9: Recorder/ Supporter | J9: Machining | K9: Shop Floor data- STOCK ROOM | L9: Recorder | M9: 0.3125 | N9: 0.83333333 | O9: =(N9-M9)*24 -> 12.5 | P9: 1 | Q9: =P9*O9 -> 12.5
A10: ="W"&WEEKNUM(B10,21) -> W41 | B10: 46300 | G10: Machining | H10: P26 | I10: Recorder/ Supporter | J10: Machining | K10: Shop Floor data MAC FINAL | L10: Recorder | M10: 0.3125 | N10: 0.83333333 | O10: =(N10-M10)*24 -> 12.5 | P10: 1 | Q10: =P10*O10 -> 12.5
A11: ="W"&WEEKNUM(B11,21) -> W41 | B11: 46300 | G11: RC - PANEL | H11: P26 | I11: Recorder/ Supporter | J11: RC - PANEL | K11: Theo dõi Hàng venner làm xong | L11: Recorder | M11: 0.3125 | N11: 0.83333333 | O11: =(N11-M11)*24 -> 12.5 | P11: 1 | Q11: =P11*O11 -> 12.5
A12: ="W"&WEEKNUM(B12,21) -> W41 | B12: 46300 | G12: RC - PANEL | H12: P26 | I12: Recorder/ Supporter | J12: RC - PANEL | K12: Nhận venner cho ép nóng | L12: Supporter | M12: 0.3125 | N12: 0.83333333 | O12: =(N12-M12)*24 -> 12.5 | P12: 1 | Q12: =P12*O12 -> 12.5
A13: ="W"&WEEKNUM(B13,21) -> W41 | B13: 46300 | G13: RC - WOOD | H13: P26 | I13: Recorder/ Supporter | J13: RC WOOD | K13: Lựa hàng tinh giao mac- gỗ đẹp xấu | L13: Supporter | M13: 0.3125 | N13: 0.83333333 | O13: =(N13-M13)*24 -> 12.5 | P13: 1 | Q13: =P13*O13 -> 12.5
A14: ="W"&WEEKNUM(B14,21) -> W41 | B14: 46300 | G14: RC - PANEL | H14: P26 | I14: Recorder/ Supporter | J14: RC - PANEL | K14: Ghi nhận hàng giao kho | L14: Recorder | M14: 0.3125 | N14: 0.83333333 | O14: =(N14-M14)*24 -> 12.5 | P14: 1 | Q14: =P14*O14 -> 12.5
A15: ="W"&WEEKNUM(B15,21) -> W41 | B15: 46300 | G15: RC - PANEL | H15: P26 | I15: Recorder/ Supporter | J15: RC - PANEL | K15: Kiểm hàng chất lượng vào kho | L15: Supporter | M15: 0.3125 | N15: 0.83333333 | O15: =(N15-M15)*24 -> 12.5 | P15: 1 | Q15: =P15*O15 -> 12.5
A16: ="W"&WEEKNUM(B16,21) -> W41 | B16: 46300 | G16: RC - PANEL | H16: P26 | I16: Recorder/ Supporter | J16: Machining | K16: Nhận hàng gỗ đầu vào từ RC | L16: Supporter | M16: 0.3125 | N16: 0.83333333 | O16: =(N16-M16)*24 -> 12.5 | P16: 1 | Q16: =P16*O16 -> 12.5
A17: ="W"&WEEKNUM(B17,21) -> W41 | B17: 46300 | G17: Machining | H17: P26 | I17: Recorder/ Supporter | J17: Machining | K17: Ghi nhận hàng giao kho | L17: Recorder | M17: 0.3125 | N17: 0.83333333 | O17: =(N17-M17)*24 -> 12.5 | P17: 1 | Q17: =P17*O17 -> 12.5
A18: ="W"&WEEKNUM(B18,21) -> W41 | B18: 46300 | G18: Machining | H18: P26 | I18: Recorder/ Supporter | J18: Machining | K18: quét nhà toàn xưởng khu vực ASSY | L18: Supporter | M18: 0.3125 | N18: 0.83333333 | O18: =(N18-M18)*24 -> 12.5 | P18: 1 | Q18: =P18*O18 -> 12.5
A19: ="W"&WEEKNUM(B19,21) -> W41 | B19: 46300 | G19: Machining | H19: P26 | I19: Recorder/ Supporter | J19: Machining | K19: Theo hàng pilot -hàng test-spo-subcon-NCR | L19: Recorder | M19: 0.3125 | N19: 0.83333333 | O19: =(N19-M19)*24 -> 12.5 | P19: 1 | Q19: =P19*O19 -> 12.5
... A22: ="W"&WEEKNUM(B22,21) -> W41 | B22: 46300 | G22: Assembly | H22: P26 | I22: Recorder/ Supporter | J22: Assembly | K22: Giao nhận HW- phát HW cho Line sx | L22: Supporter | M22: 0.3125 | N22: 0.83333333 | O22: =(N22-M22)*24 -> 12.5 | P22: 1 | Q22: =P22*O22 -> 12.5
A23: ="W"&WEEKNUM(B23,21) -> W41 | B23: 46300 | G23: Assembly | H23: P22 | I23: HR Training New Workers | J23: HR/HSE | K23: Đào tạo công nhân mới | M23: 0.33333333 | N23: 0.66666667 | O23: =(N23-M23)*24 -> 8 | P23: 6 | Q23: =P23*O23 -> 48
A24: ="W"&WEEKNUM(B24,21) -> W41 | B24: 46300 | G24: Assembly | H24: A2 | I24: Training | J24: HR/HSE | K24: HC mới- 50% hiệu suất- 2 tuần-18/9 | L24: A2 ngày 5/12 - nhóm 18/9 | M24: 0.3125 | N24: 0.5 | O24: =(N24-M24)*24 -> 4.5 | P24: 7 | Q24: =P24*O24 -> 31.5
A25: ="W"&WEEKNUM(B25,21) -> W41 | B25: 46300 | G25: Assembly | H25: A2 | I25: Training | J25: HR/HSE | K25: HC mới- 50% hiệu suất- 2 tuần-23/9 | L25: A2 ngày 10/12 - nhóm 23/9 | M25: 0.3125 | N25: 0.5 | O25: =(N25-M25)*24 -> 4.5 | P25: 3 | Q25: =P25*O25 -> 13.5
A26: ="W"&WEEKNUM(B26,21) -> W41 | B26: 46300 | G26: Assembly | H26: A2 | I26: Training | J26: HR/HSE | K26: HC mới- 50% hiệu suất- 2 tuần-24/9 | L26: A2 ngày 5/12 - nhóm 24/9 | M26: 0.3125 | N26: 0.5 | O26: =(N26-M26)*24 -> 4.5 | P26: 5 | Q26: =P26*O26 -> 22.5
A27: ="W"&WEEKNUM(B27,21) -> W41 | B27: 46300 | G27: Assembly | H27: A2 | I27: Training | J27: HR/HSE | K27: HC mới- 50% hiệu suất- 2 tuần-25/9 | L27: A2 ngày 5/12 - nhóm 25/9 | M27: 0.3125 | N27: 0.5 | O27: =(N27-M27)*24 -> 4.5 | P27: 1 | Q27: =P27*O27 -> 4.5
A28: ="W"&WEEKNUM(B28,21) -> W41 | B28: 46300 | G28: Assembly | H28: A2 | I28: Training | J28: HR/HSE | K28: HC mới- 50% hiệu suất- 2 tuần-28/9 | L28: A2 ngày 6/12 - nhóm 28/9 | M28: 0.3125 | N28: 0.5 | O28: =(N28-M28)*24 -> 4.5 | P28: 3 | Q28: =P28*O28 -> 13.5
A29: ="W"&WEEKNUM(B29,21) -> W41 | B29: 46300 | G29: Machining | H29: A2 | I29: Training | J29: HR/HSE | K29: HC mới- 50% hiệu suất- 2 tuần-21/9 | L29: A2 ngày 5/12 - nhóm 21/9 | M29: 0.3125 | N29: 0.5 | O29: =(N29-M29)*24 -> 4.5 | P29: 2 | Q29: =P29*O29 -> 9
A30: ="W"&WEEKNUM(B30,21) -> W41 | B30: 46300 | G30: Machining | H30: A2 | I30: Training | J30: HR/HSE | K30: HC mới- 50% hiệu suất- 2 tuần-22/9 | L30: A2 ngày 5/12 - nhóm 22/9 | M30: 0.3125 | N30: 0.5 | O30: =(N30-M30)*24 -> 4.5 | P30: 4 | Q30: =P30*O30 -> 18
A31: ="W"&WEEKNUM(B31,21) -> W41 | B31: 46300 | G31: Machining | H31: A2 | I31: Training | J31: HR/HSE | K31: HC mới- 50% hiệu suất- 2 tuần-23/9 | L31: A2 ngày 10/12 - nhóm 23/9 | M31: 0.3125 | N31: 0.5 | O31: =(N31-M31)*24 -> 4.5 | P31: 9 | Q31: =P31*O31 -> 40.5
A32: ="W"&WEEKNUM(B32,21) -> W41 | B32: 46300 | G32: Machining | H32: A2 | I32: Training | J32: HR/HSE | K32: HC mới- 50% hiệu suất- 2 tuần-24/9 | L32: A2 ngày 5/12 - nhóm 24/9 | M32: 0.3125 | N32: 0.5 | O32: =(N32-M32)*24 -> 4.5 | P32: 3 | Q32: =P32*O32 -> 13.5
A33: ="W"&WEEKNUM(B33,21) -> W41 | B33: 46300 | G33: Machining | H33: A2 | I33: Training | J33: HR/HSE | K33: HC mới- 50% hiệu suất- 2 tuần-25/9 | L33: A2 ngày 5/12 - nhóm 25/9 | M33: 0.3125 | N33: 0.5 | O33: =(N33-M33)*24 -> 4.5 | P33: 1 | Q33: =P33*O33 -> 4.5
A34: ="W"&WEEKNUM(B34,21) -> W41 | B34: 46300 | G34: RC | H34: A2 | I34: Training | J34: HR/HSE | K34: HC mới- 50% hiệu suất- 2 tuần-22/9 | L34: A2 ngày 5/12 - nhóm 22/9 | M34: 0.3125 | N34: 0.5 | O34: =(N34-M34)*24 -> 4.5 | P34: 1 | Q34: =P34*O34 -> 4.5
A35: ="W"&WEEKNUM(B35,21) -> W41 | B35: 46300 | G35: RC | H35: A2 | I35: Training | J35: HR/HSE | K35: HC mới- 50% hiệu suất- 2 tuần-23/9 | L35: A2 ngày 5/12 - nhóm 23/9 | M35: 0.3125 | N35: 0.5 | O35: =(N35-M35)*24 -> 4.5 | P35: 1 | Q35: =P35*O35 -> 4.5
... A39: ="W"&WEEKNUM(B39,21) -> W41 | B39: 46300 | G39: Raw Cutting Panel | H39: A2 | I39: Training | J39: HR/HSE | K39: HC mới- 50% hiệu suất- 2 tuần-25/9 | L39: A2 ngày 4/12 - nhóm 25/9 | M39: 0.3125 | N39: 0.5 | O39: =(N39-M39)*24 -> 4.5 | P39: 1 | Q39: =P39*O39 -> 4.5
P40: Tổng | Q40: =SUM(Q3:Q39) -> 531.5
A42: Vàng = nhân viên mới ngày đầu (P22). Xanh = nhân viên đang ghi A2 (cột Ghi chú cho biết ngày thứ mấy trong 12 ngày).

Sheet Loss time 06-10
A1: LOSS TIME WHITE WOOD - 06/10/2026
A2: Week | B2: Date (Ngày) | C2: Item's Mã hàng | D2: Code Máy Hư | E2: Q'ty | F2: Số NCR/ME | G2: Khu vực phát sinh/bộ phận hỗ trợ | H2: Code | I2: Name code | J2: Chart / bộ phận chịu trách nhiệm | K2: Lí Do | L2: Ghi chú | M2: From | N2: To | O2: LossTime (Hr) | P2: HC | Q2: Loss time labor (Hrs)
A3: ="W"&WEEKNUM(B3,21) -> W41 | B3: 46301 | G3: RC - WOOD | H3: P20 | I3: Dailly Cleaning | J3: RC WOOD | K3: Vệ sinh khu vực máy móc RC WOOD | M3: 0.29166667 | N3: 0.3125 | O3: =(N3-M3)*24 -> 0.5 | P3: 7 | Q3: =P3*O3 -> 3.5
A4: ="W"&WEEKNUM(B4,21) -> W41 | B4: 46301 | G4: RC - PANEL | H4: P20 | I4: Dailly Cleaning | J4: RC - PANEL | K4: Vệ sinh khu vực máy móc RC PANEL | M4: 0.29166667 | N4: 0.3125 | O4: =(N4-M4)*24 -> 0.5 | P4: 18 | Q4: =P4*O4 -> 9
A5: ="W"&WEEKNUM(B5,21) -> W41 | B5: 46301 | G5: Machining | H5: P20 | I5: Dailly Cleaning | J5: Machining | K5: Vệ sinh khu vực máy móc MAC FINAL | M5: 0.29166667 | N5: 0.3125 | O5: =(N5-M5)*24 -> 0.5 | P5: 7 | Q5: =P5*O5 -> 3.5
A6: ="W"&WEEKNUM(B6,21) -> W41 | B6: 46301 | G6: Machining | H6: P20 | I6: Dailly Cleaning | J6: Machining | K6: Vệ sinh khu vực máy móc PRE MAC | M6: 0.29166667 | N6: 0.3125 | O6: =(N6-M6)*24 -> 0.5 | P6: 12 | Q6: =P6*O6 -> 6
A7: ="W"&WEEKNUM(B7,21) -> W41 | B7: 46301 | G7: Assembly | H7: P20 | I7: Dailly Cleaning | J7: Assembly | K7: Quét nhà toàn xưởng khu vực ASSY | M7: 0.3125 | N7: 0.83333333 | O7: =(N7-M7)*24 -> 12.5 | P7: 2 | Q7: =P7*O7 -> 25
A8: ="W"&WEEKNUM(B8,21) -> W41 | B8: 46301 | G8: RC - PANEL | H8: P26 | I8: Recorder/ Supporter | J8: RC - PANEL | K8: Shop Floor data RC PANEL | L8: Recorder | M8: 0.3125 | N8: 0.83333333 | O8: =(N8-M8)*24 -> 12.5 | P8: 4 | Q8: =P8*O8 -> 50
A9: ="W"&WEEKNUM(B9,21) -> W41 | B9: 46301 | G9: Machining | H9: P26 | I9: Recorder/ Supporter | J9: Machining | K9: Shop Floor data- STOCK ROOM | L9: Recorder | M9: 0.3125 | N9: 0.83333333 | O9: =(N9-M9)*24 -> 12.5 | P9: 1 | Q9: =P9*O9 -> 12.5
A10: ="W"&WEEKNUM(B10,21) -> W41 | B10: 46301 | G10: Machining | H10: P26 | I10: Recorder/ Supporter | J10: Machining | K10: Shop Floor data MAC FINAL | L10: Recorder | M10: 0.3125 | N10: 0.83333333 | O10: =(N10-M10)*24 -> 12.5 | P10: 1 | Q10: =P10*O10 -> 12.5
A11: ="W"&WEEKNUM(B11,21) -> W41 | B11: 46301 | G11: RC - PANEL | H11: P26 | I11: Recorder/ Supporter | J11: RC - PANEL | K11: Theo dõi Hàng venner làm xong | L11: Recorder | M11: 0.3125 | N11: 0.83333333 | O11: =(N11-M11)*24 -> 12.5 | P11: 1 | Q11: =P11*O11 -> 12.5
A12: ="W"&WEEKNUM(B12,21) -> W41 | B12: 46301 | G12: RC - PANEL | H12: P26 | I12: Recorder/ Supporter | J12: RC - PANEL | K12: Nhận venner cho ép nóng | L12: Supporter | M12: 0.3125 | N12: 0.83333333 | O12: =(N12-M12)*24 -> 12.5 | P12: 1 | Q12: =P12*O12 -> 12.5
A13: ="W"&WEEKNUM(B13,21) -> W41 | B13: 46301 | G13: RC - WOOD | H13: P26 | I13: Recorder/ Supporter | J13: RC WOOD | K13: Lựa hàng tinh giao mac- gỗ đẹp xấu | L13: Supporter | M13: 0.3125 | N13: 0.83333333 | O13: =(N13-M13)*24 -> 12.5 | P13: 1 | Q13: =P13*O13 -> 12.5
A14: ="W"&WEEKNUM(B14,21) -> W41 | B14: 46301 | G14: RC - PANEL | H14: P26 | I14: Recorder/ Supporter | J14: RC - PANEL | K14: Ghi nhận hàng giao kho | L14: Recorder | M14: 0.3125 | N14: 0.83333333 | O14: =(N14-M14)*24 -> 12.5 | P14: 1 | Q14: =P14*O14 -> 12.5
A15: ="W"&WEEKNUM(B15,21) -> W41 | B15: 46301 | G15: RC - PANEL | H15: P26 | I15: Recorder/ Supporter | J15: RC - PANEL | K15: Kiểm hàng chất lượng vào kho | L15: Supporter | M15: 0.3125 | N15: 0.83333333 | O15: =(N15-M15)*24 -> 12.5 | P15: 1 | Q15: =P15*O15 -> 12.5
A16: ="W"&WEEKNUM(B16,21) -> W41 | B16: 46301 | G16: RC - PANEL | H16: P26 | I16: Recorder/ Supporter | J16: Machining | K16: Nhận hàng gỗ đầu vào từ RC | L16: Supporter | M16: 0.3125 | N16: 0.83333333 | O16: =(N16-M16)*24 -> 12.5 | P16: 1 | Q16: =P16*O16 -> 12.5
A17: ="W"&WEEKNUM(B17,21) -> W41 | B17: 46301 | G17: Machining | H17: P26 | I17: Recorder/ Supporter | J17: Machining | K17: Ghi nhận hàng giao kho | L17: Recorder | M17: 0.3125 | N17: 0.83333333 | O17: =(N17-M17)*24 -> 12.5 | P17: 1 | Q17: =P17*O17 -> 12.5
A18: ="W"&WEEKNUM(B18,21) -> W41 | B18: 46301 | G18: Machining | H18: P26 | I18: Recorder/ Supporter | J18: Machining | K18: quét nhà toàn xưởng khu vực ASSY | L18: Supporter | M18: 0.3125 | N18: 0.83333333 | O18: =(N18-M18)*24 -> 12.5 | P18: 1 | Q18: =P18*O18 -> 12.5
A19: ="W"&WEEKNUM(B19,21) -> W41 | B19: 46301 | G19: Machining | H19: P26 | I19: Recorder/ Supporter | J19: Machining | K19: Theo hàng pilot -hàng test-spo-subcon-NCR | L19: Recorder | M19: 0.3125 | N19: 0.83333333 | O19: =(N19-M19)*24 -> 12.5 | P19: 1 | Q19: =P19*O19 -> 12.5
... A22: ="W"&WEEKNUM(B22,21) -> W41 | B22: 46301 | G22: Assembly | H22: P26 | I22: Recorder/ Supporter | J22: Assembly | K22: Giao nhận HW- phát HW cho Line sx | L22: Supporter | M22: 0.3125 | N22: 0.83333333 | O22: =(N22-M22)*24 -> 12.5 | P22: 1 | Q22: =P22*O22 -> 12.5
A23: ="W"&WEEKNUM(B23,21) -> W41 | B23: 46301 | G23: Assembly | H23: P22 | I23: HR Training New Workers | J23: HR/HSE | K23: Đào tạo công nhân mới | M23: 0.33333333 | N23: 0.66666667 | O23: =(N23-M23)*24 -> 8 | P23: 7 | Q23: =P23*O23 -> 56
A24: ="W"&WEEKNUM(B24,21) -> W41 | B24: 46301 | G24: Raw Cutting Panel | H24: P22 | I24: HR Training New Workers | J24: HR/HSE | K24: Đào tạo công nhân mới | M24: 0.33333333 | N24: 0.66666667 | O24: =(N24-M24)*24 -> 8 | P24: 4 | Q24: =P24*O24 -> 32
A25: ="W"&WEEKNUM(B25,21) -> W41 | B25: 46301 | G25: Machining | H25: P22 | I25: HR Training New Workers | J25: HR/HSE | K25: Đào tạo công nhân mới | M25: 0.33333333 | N25: 0.66666667 | O25: =(N25-M25)*24 -> 8 | P25: 3 | Q25: =P25*O25 -> 24
A26: ="W"&WEEKNUM(B26,21) -> W41 | B26: 46301 | G26: Assembly | H26: A2 | I26: Training | J26: HR/HSE | K26: HC mới- 50% hiệu suất- 2 tuần-18/9 | L26: A2 ngày 6/12 - nhóm 18/9 | M26: 0.3125 | N26: 0.5 | O26: =(N26-M26)*24 -> 4.5 | P26: 7 | Q26: =P26*O26 -> 31.5
A27: ="W"&WEEKNUM(B27,21) -> W41 | B27: 46301 | G27: Assembly | H27: A2 | I27: Training | J27: HR/HSE | K27: HC mới- 50% hiệu suất- 2 tuần-23/9 | L27: A2 ngày 11/12 - nhóm 23/9 | M27: 0.3125 | N27: 0.5 | O27: =(N27-M27)*24 -> 4.5 | P27: 3 | Q27: =P27*O27 -> 13.5
A28: ="W"&WEEKNUM(B28,21) -> W41 | B28: 46301 | G28: Assembly | H28: A2 | I28: Training | J28: HR/HSE | K28: HC mới- 50% hiệu suất- 2 tuần-24/9 | L28: A2 ngày 6/12 - nhóm 24/9 | M28: 0.3125 | N28: 0.5 | O28: =(N28-M28)*24 -> 4.5 | P28: 5 | Q28: =P28*O28 -> 22.5
A29: ="W"&WEEKNUM(B29,21) -> W41 | B29: 46301 | G29: Assembly | H29: A2 | I29: Training | J29: HR/HSE | K29: HC mới- 50% hiệu suất- 2 tuần-25/9 | L29: A2 ngày 6/12 - nhóm 25/9 | M29: 0.3125 | N29: 0.5 | O29: =(N29-M29)*24 -> 4.5 | P29: 1 | Q29: =P29*O29 -> 4.5
A30: ="W"&WEEKNUM(B30,21) -> W41 | B30: 46301 | G30: Assembly | H30: A2 | I30: Training | J30: HR/HSE | K30: HC mới- 50% hiệu suất- 2 tuần-28/9 | L30: A2 ngày 7/12 - nhóm 28/9 | M30: 0.3125 | N30: 0.5 | O30: =(N30-M30)*24 -> 4.5 | P30: 3 | Q30: =P30*O30 -> 13.5
A31: ="W"&WEEKNUM(B31,21) -> W41 | B31: 46301 | G31: Machining | H31: A2 | I31: Training | J31: HR/HSE | K31: HC mới- 50% hiệu suất- 2 tuần-21/9 | L31: A2 ngày 6/12 - nhóm 21/9 | M31: 0.3125 | N31: 0.5 | O31: =(N31-M31)*24 -> 4.5 | P31: 2 | Q31: =P31*O31 -> 9
A32: ="W"&WEEKNUM(B32,21) -> W41 | B32: 46301 | G32: Machining | H32: A2 | I32: Training | J32: HR/HSE | K32: HC mới- 50% hiệu suất- 2 tuần-22/9 | L32: A2 ngày 6/12 - nhóm 22/9 | M32: 0.3125 | N32: 0.5 | O32: =(N32-M32)*24 -> 4.5 | P32: 4 | Q32: =P32*O32 -> 18
A33: ="W"&WEEKNUM(B33,21) -> W41 | B33: 46301 | G33: Machining | H33: A2 | I33: Training | J33: HR/HSE | K33: HC mới- 50% hiệu suất- 2 tuần-23/9 | L33: A2 ngày 11/12 - nhóm 23/9 | M33: 0.3125 | N33: 0.5 | O33: =(N33-M33)*24 -> 4.5 | P33: 9 | Q33: =P33*O33 -> 40.5
A34: ="W"&WEEKNUM(B34,21) -> W41 | B34: 46301 | G34: Machining | H34: A2 | I34: Training | J34: HR/HSE | K34: HC mới- 50% hiệu suất- 2 tuần-24/9 | L34: A2 ngày 6/12 - nhóm 24/9 | M34: 0.3125 | N34: 0.5 | O34: =(N34-M34)*24 -> 4.5 | P34: 3 | Q34: =P34*O34 -> 13.5
A35: ="W"&WEEKNUM(B35,21) -> W41 | B35: 46301 | G35: Machining | H35: A2 | I35: Training | J35: HR/HSE | K35: HC mới- 50% hiệu suất- 2 tuần-25/9 | L35: A2 ngày 6/12 - nhóm 25/9 | M35: 0.3125 | N35: 0.5 | O35: =(N35-M35)*24 -> 4.5 | P35: 1 | Q35: =P35*O35 -> 4.5
A36: ="W"&WEEKNUM(B36,21) -> W41 | B36: 46301 | G36: RC | H36: A2 | I36: Training | J36: HR/HSE | K36: HC mới- 50% hiệu suất- 2 tuần-22/9 | L36: A2 ngày 6/12 - nhóm 22/9 | M36: 0.3125 | N36: 0.5 | O36: =(N36-M36)*24 -> 4.5 | P36: 1 | Q36: =P36*O36 -> 4.5
A37: ="W"&WEEKNUM(B37,21) -> W41 | B37: 46301 | G37: RC | H37: A2 | I37: Training | J37: HR/HSE | K37: HC mới- 50% hiệu suất- 2 tuần-23/9 | L37: A2 ngày 6/12 - nhóm 23/9 | M37: 0.3125 | N37: 0.5 | O37: =(N37-M37)*24 -> 4.5 | P37: 1 | Q37: =P37*O37 -> 4.5
... A42: ="W"&WEEKNUM(B42,21) -> W41 | B42: 46301 | G42: Assembly | H42: A2 | I42: Training | J42: HR/HSE | K42: HC mới- 50% hiệu suất- 2 tuần-05/10 | L42: A2 ngày 1/12 - nhóm 05/10 | M42: 0.3125 | N42: 0.5 | O42: =(N42-M42)*24 -> 4.5 | P42: 6 | Q42: =P42*O42 -> 27
P43: Tổng | Q43: =SUM(Q3:Q42) -> 622.5
A45: Vàng = nhân viên mới ngày đầu (P22). Xanh = nhân viên đang ghi A2 (cột Ghi chú cho biết ngày thứ mấy trong 12 ngày).

Sheet Loss time 07-10
A1: LOSS TIME WHITE WOOD - 07/10/2026
A2: Week | B2: Date (Ngày) | C2: Item's Mã hàng | D2: Code Máy Hư | E2: Q'ty | F2: Số NCR/ME | G2: Khu vực phát sinh/bộ phận hỗ trợ | H2: Code | I2: Name code | J2: Chart / bộ phận chịu trách nhiệm | K2: Lí Do | L2: Ghi chú | M2: From | N2: To | O2: LossTime (Hr) | P2: HC | Q2: Loss time labor (Hrs)
A3: ="W"&WEEKNUM(B3,21) -> W41 | B3: 46302 | G3: RC - WOOD | H3: P20 | I3: Dailly Cleaning | J3: RC WOOD | K3: Vệ sinh khu vực máy móc RC WOOD | M3: 0.29166667 | N3: 0.3125 | O3: =(N3-M3)*24 -> 0.5 | P3: 7 | Q3: =P3*O3 -> 3.5
A4: ="W"&WEEKNUM(B4,21) -> W41 | B4: 46302 | G4: RC - PANEL | H4: P20 | I4: Dailly Cleaning | J4: RC - PANEL | K4: Vệ sinh khu vực máy móc RC PANEL | M4: 0.29166667 | N4: 0.3125 | O4: =(N4-M4)*24 -> 0.5 | P4: 18 | Q4: =P4*O4 -> 9
A5: ="W"&WEEKNUM(B5,21) -> W41 | B5: 46302 | G5: Machining | H5: P20 | I5: Dailly Cleaning | J5: Machining | K5: Vệ sinh khu vực máy móc MAC FINAL | M5: 0.29166667 | N5: 0.3125 | O5: =(N5-M5)*24 -> 0.5 | P5: 7 | Q5: =P5*O5 -> 3.5
A6: ="W"&WEEKNUM(B6,21) -> W41 | B6: 46302 | G6: Machining | H6: P20 | I6: Dailly Cleaning | J6: Machining | K6: Vệ sinh khu vực máy móc PRE MAC | M6: 0.29166667 | N6: 0.3125 | O6: =(N6-M6)*24 -> 0.5 | P6: 12 | Q6: =P6*O6 -> 6
A7: ="W"&WEEKNUM(B7,21) -> W41 | B7: 46302 | G7: Assembly | H7: P20 | I7: Dailly Cleaning | J7: Assembly | K7: Quét nhà toàn xưởng khu vực ASSY | M7: 0.3125 | N7: 0.83333333 | O7: =(N7-M7)*24 -> 12.5 | P7: 2 | Q7: =P7*O7 -> 25
A8: ="W"&WEEKNUM(B8,21) -> W41 | B8: 46302 | G8: RC - PANEL | H8: P26 | I8: Recorder/ Supporter | J8: RC - PANEL | K8: Shop Floor data RC PANEL | L8: Recorder | M8: 0.3125 | N8: 0.83333333 | O8: =(N8-M8)*24 -> 12.5 | P8: 4 | Q8: =P8*O8 -> 50
A9: ="W"&WEEKNUM(B9,21) -> W41 | B9: 46302 | G9: Machining | H9: P26 | I9: Recorder/ Supporter | J9: Machining | K9: Shop Floor data- STOCK ROOM | L9: Recorder | M9: 0.3125 | N9: 0.83333333 | O9: =(N9-M9)*24 -> 12.5 | P9: 1 | Q9: =P9*O9 -> 12.5
A10: ="W"&WEEKNUM(B10,21) -> W41 | B10: 46302 | G10: Machining | H10: P26 | I10: Recorder/ Supporter | J10: Machining | K10: Shop Floor data MAC FINAL | L10: Recorder | M10: 0.3125 | N10: 0.83333333 | O10: =(N10-M10)*24 -> 12.5 | P10: 1 | Q10: =P10*O10 -> 12.5
A11: ="W"&WEEKNUM(B11,21) -> W41 | B11: 46302 | G11: RC - PANEL | H11: P26 | I11: Recorder/ Supporter | J11: RC - PANEL | K11: Theo dõi Hàng venner làm xong | L11: Recorder | M11: 0.3125 | N11: 0.83333333 | O11: =(N11-M11)*24 -> 12.5 | P11: 1 | Q11: =P11*O11 -> 12.5
A12: ="W"&WEEKNUM(B12,21) -> W41 | B12: 46302 | G12: RC - PANEL | H12: P26 | I12: Recorder/ Supporter | J12: RC - PANEL | K12: Nhận venner cho ép nóng | L12: Supporter | M12: 0.3125 | N12: 0.83333333 | O12: =(N12-M12)*24 -> 12.5 | P12: 1 | Q12: =P12*O12 -> 12.5
A13: ="W"&WEEKNUM(B13,21) -> W41 | B13: 46302 | G13: RC - WOOD | H13: P26 | I13: Recorder/ Supporter | J13: RC WOOD | K13: Lựa hàng tinh giao mac- gỗ đẹp xấu | L13: Supporter | M13: 0.3125 | N13: 0.83333333 | O13: =(N13-M13)*24 -> 12.5 | P13: 1 | Q13: =P13*O13 -> 12.5
A14: ="W"&WEEKNUM(B14,21) -> W41 | B14: 46302 | G14: RC - PANEL | H14: P26 | I14: Recorder/ Supporter | J14: RC - PANEL | K14: Ghi nhận hàng giao kho | L14: Recorder | M14: 0.3125 | N14: 0.83333333 | O14: =(N14-M14)*24 -> 12.5 | P14: 1 | Q14: =P14*O14 -> 12.5
A15: ="W"&WEEKNUM(B15,21) -> W41 | B15: 46302 | G15: RC - PANEL | H15: P26 | I15: Recorder/ Supporter | J15: RC - PANEL | K15: Kiểm hàng chất lượng vào kho | L15: Supporter | M15: 0.3125 | N15: 0.83333333 | O15: =(N15-M15)*24 -> 12.5 | P15: 1 | Q15: =P15*O15 -> 12.5
A16: ="W"&WEEKNUM(B16,21) -> W41 | B16: 46302 | G16: RC - PANEL | H16: P26 | I16: Recorder/ Supporter | J16: Machining | K16: Nhận hàng gỗ đầu vào từ RC | L16: Supporter | M16: 0.3125 | N16: 0.83333333 | O16: =(N16-M16)*24 -> 12.5 | P16: 1 | Q16: =P16*O16 -> 12.5
A17: ="W"&WEEKNUM(B17,21) -> W41 | B17: 46302 | G17: Machining | H17: P26 | I17: Recorder/ Supporter | J17: Machining | K17: Ghi nhận hàng giao kho | L17: Recorder | M17: 0.3125 | N17: 0.83333333 | O17: =(N17-M17)*24 -> 12.5 | P17: 1 | Q17: =P17*O17 -> 12.5
A18: ="W"&WEEKNUM(B18,21) -> W41 | B18: 46302 | G18: Machining | H18: P26 | I18: Recorder/ Supporter | J18: Machining | K18: quét nhà toàn xưởng khu vực ASSY | L18: Supporter | M18: 0.3125 | N18: 0.83333333 | O18: =(N18-M18)*24 -> 12.5 | P18: 1 | Q18: =P18*O18 -> 12.5
A19: ="W"&WEEKNUM(B19,21) -> W41 | B19: 46302 | G19: Machining | H19: P26 | I19: Recorder/ Supporter | J19: Machining | K19: Theo hàng pilot -hàng test-spo-subcon-NCR | L19: Recorder | M19: 0.3125 | N19: 0.83333333 | O19: =(N19-M19)*24 -> 12.5 | P19: 1 | Q19: =P19*O19 -> 12.5
... A22: ="W"&WEEKNUM(B22,21) -> W41 | B22: 46302 | G22: Assembly | H22: P26 | I22: Recorder/ Supporter | J22: Assembly | K22: Giao nhận HW- phát HW cho Line sx | L22: Supporter | M22: 0.3125 | N22: 0.83333333 | O22: =(N22-M22)*24 -> 12.5 | P22: 1 | Q22: =P22*O22 -> 12.5
A23: ="W"&WEEKNUM(B23,21) -> W41 | B23: 46302 | G23: Assembly | H23: P22 | I23: HR Training New Workers | J23: HR/HSE | K23: Đào tạo công nhân mới | M23: 0.33333333 | N23: 0.66666667 | O23: =(N23-M23)*24 -> 8 | P23: 6 | Q23: =P23*O23 -> 48
A24: ="W"&WEEKNUM(B24,21) -> W41 | B24: 46302 | G24: Raw Cutting Panel | H24: P22 | I24: HR Training New Workers | J24: HR/HSE | K24: Đào tạo công nhân mới | M24: 0.33333333 | N24: 0.66666667 | O24: =(N24-M24)*24 -> 8 | P24: 2 | Q24: =P24*O24 -> 16
A25: ="W"&WEEKNUM(B25,21) -> W41 | B25: 46302 | G25: Assembly | H25: A2 | I25: Training | J25: HR/HSE | K25: HC mới- 50% hiệu suất- 2 tuần-18/9 | L25: A2 ngày 7/12 - nhóm 18/9 | M25: 0.3125 | N25: 0.5 | O25: =(N25-M25)*24 -> 4.5 | P25: 7 | Q25: =P25*O25 -> 31.5
A26: ="W"&WEEKNUM(B26,21) -> W41 | B26: 46302 | G26: Assembly | H26: A2 | I26: Training | J26: HR/HSE | K26: HC mới- 50% hiệu suất- 2 tuần-23/9 | L26: A2 ngày 12/12 - nhóm 23/9 | M26: 0.3125 | N26: 0.5 | O26: =(N26-M26)*24 -> 4.5 | P26: 3 | Q26: =P26*O26 -> 13.5
A27: ="W"&WEEKNUM(B27,21) -> W41 | B27: 46302 | G27: Assembly | H27: A2 | I27: Training | J27: HR/HSE | K27: HC mới- 50% hiệu suất- 2 tuần-24/9 | L27: A2 ngày 7/12 - nhóm 24/9 | M27: 0.3125 | N27: 0.5 | O27: =(N27-M27)*24 -> 4.5 | P27: 5 | Q27: =P27*O27 -> 22.5
A28: ="W"&WEEKNUM(B28,21) -> W41 | B28: 46302 | G28: Assembly | H28: A2 | I28: Training | J28: HR/HSE | K28: HC mới- 50% hiệu suất- 2 tuần-25/9 | L28: A2 ngày 7/12 - nhóm 25/9 | M28: 0.3125 | N28: 0.5 | O28: =(N28-M28)*24 -> 4.5 | P28: 1 | Q28: =P28*O28 -> 4.5
A29: ="W"&WEEKNUM(B29,21) -> W41 | B29: 46302 | G29: Assembly | H29: A2 | I29: Training | J29: HR/HSE | K29: HC mới- 50% hiệu suất- 2 tuần-28/9 | L29: A2 ngày 8/12 - nhóm 28/9 | M29: 0.3125 | N29: 0.5 | O29: =(N29-M29)*24 -> 4.5 | P29: 3 | Q29: =P29*O29 -> 13.5
A30: ="W"&WEEKNUM(B30,21) -> W41 | B30: 46302 | G30: Machining | H30: A2 | I30: Training | J30: HR/HSE | K30: HC mới- 50% hiệu suất- 2 tuần-21/9 | L30: A2 ngày 7/12 - nhóm 21/9 | M30: 0.3125 | N30: 0.5 | O30: =(N30-M30)*24 -> 4.5 | P30: 2 | Q30: =P30*O30 -> 9
A31: ="W"&WEEKNUM(B31,21) -> W41 | B31: 46302 | G31: Machining | H31: A2 | I31: Training | J31: HR/HSE | K31: HC mới- 50% hiệu suất- 2 tuần-22/9 | L31: A2 ngày 7/12 - nhóm 22/9 | M31: 0.3125 | N31: 0.5 | O31: =(N31-M31)*24 -> 4.5 | P31: 4 | Q31: =P31*O31 -> 18
A32: ="W"&WEEKNUM(B32,21) -> W41 | B32: 46302 | G32: Machining | H32: A2 | I32: Training | J32: HR/HSE | K32: HC mới- 50% hiệu suất- 2 tuần-23/9 | L32: A2 ngày 12/12 - nhóm 23/9 | M32: 0.3125 | N32: 0.5 | O32: =(N32-M32)*24 -> 4.5 | P32: 9 | Q32: =P32*O32 -> 40.5
A33: ="W"&WEEKNUM(B33,21) -> W41 | B33: 46302 | G33: Machining | H33: A2 | I33: Training | J33: HR/HSE | K33: HC mới- 50% hiệu suất- 2 tuần-24/9 | L33: A2 ngày 7/12 - nhóm 24/9 | M33: 0.3125 | N33: 0.5 | O33: =(N33-M33)*24 -> 4.5 | P33: 3 | Q33: =P33*O33 -> 13.5
A34: ="W"&WEEKNUM(B34,21) -> W41 | B34: 46302 | G34: Machining | H34: A2 | I34: Training | J34: HR/HSE | K34: HC mới- 50% hiệu suất- 2 tuần-25/9 | L34: A2 ngày 7/12 - nhóm 25/9 | M34: 0.3125 | N34: 0.5 | O34: =(N34-M34)*24 -> 4.5 | P34: 1 | Q34: =P34*O34 -> 4.5
A35: ="W"&WEEKNUM(B35,21) -> W41 | B35: 46302 | G35: RC | H35: A2 | I35: Training | J35: HR/HSE | K35: HC mới- 50% hiệu suất- 2 tuần-22/9 | L35: A2 ngày 7/12 - nhóm 22/9 | M35: 0.3125 | N35: 0.5 | O35: =(N35-M35)*24 -> 4.5 | P35: 1 | Q35: =P35*O35 -> 4.5
A36: ="W"&WEEKNUM(B36,21) -> W41 | B36: 46302 | G36: RC | H36: A2 | I36: Training | J36: HR/HSE | K36: HC mới- 50% hiệu suất- 2 tuần-23/9 | L36: A2 ngày 7/12 - nhóm 23/9 | M36: 0.3125 | N36: 0.5 | O36: =(N36-M36)*24 -> 4.5 | P36: 1 | Q36: =P36*O36 -> 4.5
... A44: ="W"&WEEKNUM(B44,21) -> W41 | B44: 46302 | G44: Machining | H44: A2 | I44: Training | J44: HR/HSE | K44: HC mới- 50% hiệu suất- 2 tuần-06/10 | L44: A2 ngày 1/12 - nhóm 06/10 | M44: 0.3125 | N44: 0.5 | O44: =(N44-M44)*24 -> 4.5 | P44: 3 | Q44: =P44*O44 -> 13.5
P45: Tổng | Q45: =SUM(Q3:Q44) -> 637.5
A47: Vàng = nhân viên mới ngày đầu (P22). Xanh = nhân viên đang ghi A2 (cột Ghi chú cho biết ngày thứ mấy trong 12 ngày).

Sheet Loss time 08-10
A1: LOSS TIME WHITE WOOD - 08/10/2026
A2: Week | B2: Date (Ngày) | C2: Item's Mã hàng | D2: Code Máy Hư | E2: Q'ty | F2: Số NCR/ME | G2: Khu vực phát sinh/bộ phận hỗ trợ | H2: Code | I2: Name code | J2: Chart / bộ phận chịu trách nhiệm | K2: Lí Do | L2: Ghi chú | M2: From | N2: To | O2: LossTime (Hr) | P2: HC | Q2: Loss time labor (Hrs)
A3: ="W"&WEEKNUM(B3,21) -> W41 | B3: 46303 | G3: RC - WOOD | H3: P20 | I3: Dailly Cleaning | J3: RC WOOD | K3: Vệ sinh khu vực máy móc RC WOOD | M3: 0.29166667 | N3: 0.3125 | O3: =(N3-M3)*24 -> 0.5 | P3: 7 | Q3: =P3*O3 -> 3.5
A4: ="W"&WEEKNUM(B4,21) -> W41 | B4: 46303 | G4: RC - PANEL | H4: P20 | I4: Dailly Cleaning | J4: RC - PANEL | K4: Vệ sinh khu vực máy móc RC PANEL | M4: 0.29166667 | N4: 0.3125 | O4: =(N4-M4)*24 -> 0.5 | P4: 18 | Q4: =P4*O4 -> 9
A5: ="W"&WEEKNUM(B5,21) -> W41 | B5: 46303 | G5: Machining | H5: P20 | I5: Dailly Cleaning | J5: Machining | K5: Vệ sinh khu vực máy móc MAC FINAL | M5: 0.29166667 | N5: 0.3125 | O5: =(N5-M5)*24 -> 0.5 | P5: 7 | Q5: =P5*O5 -> 3.5
A6: ="W"&WEEKNUM(B6,21) -> W41 | B6: 46303 | G6: Machining | H6: P20 | I6: Dailly Cleaning | J6: Machining | K6: Vệ sinh khu vực máy móc PRE MAC | M6: 0.29166667 | N6: 0.3125 | O6: =(N6-M6)*24 -> 0.5 | P6: 12 | Q6: =P6*O6 -> 6
A7: ="W"&WEEKNUM(B7,21) -> W41 | B7: 46303 | G7: Assembly | H7: P20 | I7: Dailly Cleaning | J7: Assembly | K7: Quét nhà toàn xưởng khu vực ASSY | M7: 0.3125 | N7: 0.83333333 | O7: =(N7-M7)*24 -> 12.5 | P7: 2 | Q7: =P7*O7 -> 25
A8: ="W"&WEEKNUM(B8,21) -> W41 | B8: 46303 | G8: RC - PANEL | H8: P26 | I8: Recorder/ Supporter | J8: RC - PANEL | K8: Shop Floor data RC PANEL | L8: Recorder | M8: 0.3125 | N8: 0.83333333 | O8: =(N8-M8)*24 -> 12.5 | P8: 4 | Q8: =P8*O8 -> 50
A9: ="W"&WEEKNUM(B9,21) -> W41 | B9: 46303 | G9: Machining | H9: P26 | I9: Recorder/ Supporter | J9: Machining | K9: Shop Floor data- STOCK ROOM | L9: Recorder | M9: 0.3125 | N9: 0.83333333 | O9: =(N9-M9)*24 -> 12.5 | P9: 1 | Q9: =P9*O9 -> 12.5
A10: ="W"&WEEKNUM(B10,21) -> W41 | B10: 46303 | G10: Machining | H10: P26 | I10: Recorder/ Supporter | J10: Machining | K10: Shop Floor data MAC FINAL | L10: Recorder | M10: 0.3125 | N10: 0.83333333 | O10: =(N10-M10)*24 -> 12.5 | P10: 1 | Q10: =P10*O10 -> 12.5
A11: ="W"&WEEKNUM(B11,21) -> W41 | B11: 46303 | G11: RC - PANEL | H11: P26 | I11: Recorder/ Supporter | J11: RC - PANEL | K11: Theo dõi Hàng venner làm xong | L11: Recorder | M11: 0.3125 | N11: 0.83333333 | O11: =(N11-M11)*24 -> 12.5 | P11: 1 | Q11: =P11*O11 -> 12.5
A12: ="W"&WEEKNUM(B12,21) -> W41 | B12: 46303 | G12: RC - PANEL | H12: P26 | I12: Recorder/ Supporter | J12: RC - PANEL | K12: Nhận venner cho ép nóng | L12: Supporter | M12: 0.3125 | N12: 0.83333333 | O12: =(N12-M12)*24 -> 12.5 | P12: 1 | Q12: =P12*O12 -> 12.5
A13: ="W"&WEEKNUM(B13,21) -> W41 | B13: 46303 | G13: RC - WOOD | H13: P26 | I13: Recorder/ Supporter | J13: RC WOOD | K13: Lựa hàng tinh giao mac- gỗ đẹp xấu | L13: Supporter | M13: 0.3125 | N13: 0.83333333 | O13: =(N13-M13)*24 -> 12.5 | P13: 1 | Q13: =P13*O13 -> 12.5
A14: ="W"&WEEKNUM(B14,21) -> W41 | B14: 46303 | G14: RC - PANEL | H14: P26 | I14: Recorder/ Supporter | J14: RC - PANEL | K14: Ghi nhận hàng giao kho | L14: Recorder | M14: 0.3125 | N14: 0.83333333 | O14: =(N14-M14)*24 -> 12.5 | P14: 1 | Q14: =P14*O14 -> 12.5
A15: ="W"&WEEKNUM(B15,21) -> W41 | B15: 46303 | G15: RC - PANEL | H15: P26 | I15: Recorder/ Supporter | J15: RC - PANEL | K15: Kiểm hàng chất lượng vào kho | L15: Supporter | M15: 0.3125 | N15: 0.83333333 | O15: =(N15-M15)*24 -> 12.5 | P15: 1 | Q15: =P15*O15 -> 12.5
A16: ="W"&WEEKNUM(B16,21) -> W41 | B16: 46303 | G16: RC - PANEL | H16: P26 | I16: Recorder/ Supporter | J16: Machining | K16: Nhận hàng gỗ đầu vào từ RC | L16: Supporter | M16: 0.3125 | N16: 0.83333333 | O16: =(N16-M16)*24 -> 12.5 | P16: 1 | Q16: =P16*O16 -> 12.5
A17: ="W"&WEEKNUM(B17,21) -> W41 | B17: 46303 | G17: Machining | H17: P26 | I17: Recorder/ Supporter | J17: Machining | K17: Ghi nhận hàng giao kho | L17: Recorder | M17: 0.3125 | N17: 0.83333333 | O17: =(N17-M17)*24 -> 12.5 | P17: 1 | Q17: =P17*O17 -> 12.5
A18: ="W"&WEEKNUM(B18,21) -> W41 | B18: 46303 | G18: Machining | H18: P26 | I18: Recorder/ Supporter | J18: Machining | K18: quét nhà toàn xưởng khu vực ASSY | L18: Supporter | M18: 0.3125 | N18: 0.83333333 | O18: =(N18-M18)*24 -> 12.5 | P18: 1 | Q18: =P18*O18 -> 12.5
A19: ="W"&WEEKNUM(B19,21) -> W41 | B19: 46303 | G19: Machining | H19: P26 | I19: Recorder/ Supporter | J19: Machining | K19: Theo hàng pilot -hàng test-spo-subcon-NCR | L19: Recorder | M19: 0.3125 | N19: 0.83333333 | O19: =(N19-M19)*24 -> 12.5 | P19: 1 | Q19: =P19*O19 -> 12.5
... A22: ="W"&WEEKNUM(B22,21) -> W41 | B22: 46303 | G22: Assembly | H22: P26 | I22: Recorder/ Supporter | J22: Assembly | K22: Giao nhận HW- phát HW cho Line sx | L22: Supporter | M22: 0.3125 | N22: 0.83333333 | O22: =(N22-M22)*24 -> 12.5 | P22: 1 | Q22: =P22*O22 -> 12.5
A23: ="W"&WEEKNUM(B23,21) -> W41 | B23: 46303 | G23: Raw Cutting Panel | H23: P22 | I23: HR Training New Workers | J23: HR/HSE | K23: Đào tạo công nhân mới | M23: 0.33333333 | N23: 0.66666667 | O23: =(N23-M23)*24 -> 8 | P23: 1 | Q23: =P23*O23 -> 8
A24: ="W"&WEEKNUM(B24,21) -> W41 | B24: 46303 | G24: Machining | H24: P22 | I24: HR Training New Workers | J24: HR/HSE | K24: Đào tạo công nhân mới | M24: 0.33333333 | N24: 0.66666667 | O24: =(N24-M24)*24 -> 8 | P24: 3 | Q24: =P24*O24 -> 24
A25: ="W"&WEEKNUM(B25,21) -> W41 | B25: 46303 | G25: Assembly | H25: A2 | I25: Training | J25: HR/HSE | K25: HC mới- 50% hiệu suất- 2 tuần-18/9 | L25: A2 ngày 8/12 - nhóm 18/9 | M25: 0.3125 | N25: 0.5 | O25: =(N25-M25)*24 -> 4.5 | P25: 7 | Q25: =P25*O25 -> 31.5
A26: ="W"&WEEKNUM(B26,21) -> W41 | B26: 46303 | G26: Assembly | H26: A2 | I26: Training | J26: HR/HSE | K26: HC mới- 50% hiệu suất- 2 tuần-24/9 | L26: A2 ngày 8/12 - nhóm 24/9 | M26: 0.3125 | N26: 0.5 | O26: =(N26-M26)*24 -> 4.5 | P26: 5 | Q26: =P26*O26 -> 22.5
A27: ="W"&WEEKNUM(B27,21) -> W41 | B27: 46303 | G27: Assembly | H27: A2 | I27: Training | J27: HR/HSE | K27: HC mới- 50% hiệu suất- 2 tuần-25/9 | L27: A2 ngày 8/12 - nhóm 25/9 | M27: 0.3125 | N27: 0.5 | O27: =(N27-M27)*24 -> 4.5 | P27: 1 | Q27: =P27*O27 -> 4.5
A28: ="W"&WEEKNUM(B28,21) -> W41 | B28: 46303 | G28: Assembly | H28: A2 | I28: Training | J28: HR/HSE | K28: HC mới- 50% hiệu suất- 2 tuần-28/9 | L28: A2 ngày 9/12 - nhóm 28/9 | M28: 0.3125 | N28: 0.5 | O28: =(N28-M28)*24 -> 4.5 | P28: 3 | Q28: =P28*O28 -> 13.5
A29: ="W"&WEEKNUM(B29,21) -> W41 | B29: 46303 | G29: Machining | H29: A2 | I29: Training | J29: HR/HSE | K29: HC mới- 50% hiệu suất- 2 tuần-21/9 | L29: A2 ngày 8/12 - nhóm 21/9 | M29: 0.3125 | N29: 0.5 | O29: =(N29-M29)*24 -> 4.5 | P29: 2 | Q29: =P29*O29 -> 9
A30: ="W"&WEEKNUM(B30,21) -> W41 | B30: 46303 | G30: Machining | H30: A2 | I30: Training | J30: HR/HSE | K30: HC mới- 50% hiệu suất- 2 tuần-22/9 | L30: A2 ngày 8/12 - nhóm 22/9 | M30: 0.3125 | N30: 0.5 | O30: =(N30-M30)*24 -> 4.5 | P30: 4 | Q30: =P30*O30 -> 18
A31: ="W"&WEEKNUM(B31,21) -> W41 | B31: 46303 | G31: Machining | H31: A2 | I31: Training | J31: HR/HSE | K31: HC mới- 50% hiệu suất- 2 tuần-24/9 | L31: A2 ngày 8/12 - nhóm 24/9 | M31: 0.3125 | N31: 0.5 | O31: =(N31-M31)*24 -> 4.5 | P31: 3 | Q31: =P31*O31 -> 13.5
A32: ="W"&WEEKNUM(B32,21) -> W41 | B32: 46303 | G32: Machining | H32: A2 | I32: Training | J32: HR/HSE | K32: HC mới- 50% hiệu suất- 2 tuần-25/9 | L32: A2 ngày 8/12 - nhóm 25/9 | M32: 0.3125 | N32: 0.5 | O32: =(N32-M32)*24 -> 4.5 | P32: 1 | Q32: =P32*O32 -> 4.5
A33: ="W"&WEEKNUM(B33,21) -> W41 | B33: 46303 | G33: RC | H33: A2 | I33: Training | J33: HR/HSE | K33: HC mới- 50% hiệu suất- 2 tuần-22/9 | L33: A2 ngày 8/12 - nhóm 22/9 | M33: 0.3125 | N33: 0.5 | O33: =(N33-M33)*24 -> 4.5 | P33: 1 | Q33: =P33*O33 -> 4.5
A34: ="W"&WEEKNUM(B34,21) -> W41 | B34: 46303 | G34: RC | H34: A2 | I34: Training | J34: HR/HSE | K34: HC mới- 50% hiệu suất- 2 tuần-23/9 | L34: A2 ngày 8/12 - nhóm 23/9 | M34: 0.3125 | N34: 0.5 | O34: =(N34-M34)*24 -> 4.5 | P34: 1 | Q34: =P34*O34 -> 4.5
A35: ="W"&WEEKNUM(B35,21) -> W41 | B35: 46303 | G35: RC | H35: A2 | I35: Training | J35: HR/HSE | K35: HC mới- 50% hiệu suất- 2 tuần-24/9 | L35: A2 ngày 8/12 - nhóm 24/9 | M35: 0.3125 | N35: 0.5 | O35: =(N35-M35)*24 -> 4.5 | P35: 2 | Q35: =P35*O35 -> 9
A36: ="W"&WEEKNUM(B36,21) -> W41 | B36: 46303 | G36: RC | H36: A2 | I36: Training | J36: HR/HSE | K36: HC mới- 50% hiệu suất- 2 tuần-26/9 | L36: A2 ngày 8/12 - nhóm 26/9 | M36: 0.3125 | N36: 0.5 | O36: =(N36-M36)*24 -> 4.5 | P36: 1 | Q36: =P36*O36 -> 4.5
... A44: ="W"&WEEKNUM(B44,21) -> W41 | B44: 46303 | G44: Raw Cutting Panel | H44: A2 | I44: Training | J44: HR/HSE | K44: HC mới- 50% hiệu suất- 2 tuần-07/10 | L44: A2 ngày 1/12 - nhóm 07/10 | M44: 0.3125 | N44: 0.5 | O44: =(N44-M44)*24 -> 4.5 | P44: 2 | Q44: =P44*O44 -> 9
P45: Tổng | Q45: =SUM(Q3:Q44) -> 587.5
A47: Vàng = nhân viên mới ngày đầu (P22). Xanh = nhân viên đang ghi A2 (cột Ghi chú cho biết ngày thứ mấy trong 12 ngày).

Sheet Loss time 09-10
A1: LOSS TIME WHITE WOOD - 09/10/2026
A2: Week | B2: Date (Ngày) | C2: Item's Mã hàng | D2: Code Máy Hư | E2: Q'ty | F2: Số NCR/ME | G2: Khu vực phát sinh/bộ phận hỗ trợ | H2: Code | I2: Name code | J2: Chart / bộ phận chịu trách nhiệm | K2: Lí Do | L2: Ghi chú | M2: From | N2: To | O2: LossTime (Hr) | P2: HC | Q2: Loss time labor (Hrs)
A3: ="W"&WEEKNUM(B3,21) -> W41 | B3: 46304 | G3: RC - WOOD | H3: P20 | I3: Dailly Cleaning | J3: RC WOOD | K3: Vệ sinh khu vực máy móc RC WOOD | M3: 0.29166667 | N3: 0.3125 | O3: =(N3-M3)*24 -> 0.5 | P3: 7 | Q3: =P3*O3 -> 3.5
A4: ="W"&WEEKNUM(B4,21) -> W41 | B4: 46304 | G4: RC - PANEL | H4: P20 | I4: Dailly Cleaning | J4: RC - PANEL | K4: Vệ sinh khu vực máy móc RC PANEL | M4: 0.29166667 | N4: 0.3125 | O4: =(N4-M4)*24 -> 0.5 | P4: 18 | Q4: =P4*O4 -> 9
A5: ="W"&WEEKNUM(B5,21) -> W41 | B5: 46304 | G5: Machining | H5: P20 | I5: Dailly Cleaning | J5: Machining | K5: Vệ sinh khu vực máy móc MAC FINAL | M5: 0.29166667 | N5: 0.3125 | O5: =(N5-M5)*24 -> 0.5 | P5: 7 | Q5: =P5*O5 -> 3.5
A6: ="W"&WEEKNUM(B6,21) -> W41 | B6: 46304 | G6: Machining | H6: P20 | I6: Dailly Cleaning | J6: Machining | K6: Vệ sinh khu vực máy móc PRE MAC | M6: 0.29166667 | N6: 0.3125 | O6: =(N6-M6)*24 -> 0.5 | P6: 12 | Q6: =P6*O6 -> 6
A7: ="W"&WEEKNUM(B7,21) -> W41 | B7: 46304 | G7: Assembly | H7: P20 | I7: Dailly Cleaning | J7: Assembly | K7: Quét nhà toàn xưởng khu vực ASSY | M7: 0.3125 | N7: 0.83333333 | O7: =(N7-M7)*24 -> 12.5 | P7: 2 | Q7: =P7*O7 -> 25
A8: ="W"&WEEKNUM(B8,21) -> W41 | B8: 46304 | G8: RC - PANEL | H8: P26 | I8: Recorder/ Supporter | J8: RC - PANEL | K8: Shop Floor data RC PANEL | L8: Recorder | M8: 0.3125 | N8: 0.83333333 | O8: =(N8-M8)*24 -> 12.5 | P8: 4 | Q8: =P8*O8 -> 50
A9: ="W"&WEEKNUM(B9,21) -> W41 | B9: 46304 | G9: Machining | H9: P26 | I9: Recorder/ Supporter | J9: Machining | K9: Shop Floor data- STOCK ROOM | L9: Recorder | M9: 0.3125 | N9: 0.83333333 | O9: =(N9-M9)*24 -> 12.5 | P9: 1 | Q9: =P9*O9 -> 12.5
A10: ="W"&WEEKNUM(B10,21) -> W41 | B10: 46304 | G10: Machining | H10: P26 | I10: Recorder/ Supporter | J10: Machining | K10: Shop Floor data MAC FINAL | L10: Recorder | M10: 0.3125 | N10: 0.83333333 | O10: =(N10-M10)*24 -> 12.5 | P10: 1 | Q10: =P10*O10 -> 12.5
A11: ="W"&WEEKNUM(B11,21) -> W41 | B11: 46304 | G11: RC - PANEL | H11: P26 | I11: Recorder/ Supporter | J11: RC - PANEL | K11: Theo dõi Hàng venner làm xong | L11: Recorder | M11: 0.3125 | N11: 0.83333333 | O11: =(N11-M11)*24 -> 12.5 | P11: 1 | Q11: =P11*O11 -> 12.5
A12: ="W"&WEEKNUM(B12,21) -> W41 | B12: 46304 | G12: RC - PANEL | H12: P26 | I12: Recorder/ Supporter | J12: RC - PANEL | K12: Nhận venner cho ép nóng | L12: Supporter | M12: 0.3125 | N12: 0.83333333 | O12: =(N12-M12)*24 -> 12.5 | P12: 1 | Q12: =P12*O12 -> 12.5
A13: ="W"&WEEKNUM(B13,21) -> W41 | B13: 46304 | G13: RC - WOOD | H13: P26 | I13: Recorder/ Supporter | J13: RC WOOD | K13: Lựa hàng tinh giao mac- gỗ đẹp xấu | L13: Supporter | M13: 0.3125 | N13: 0.83333333 | O13: =(N13-M13)*24 -> 12.5 | P13: 1 | Q13: =P13*O13 -> 12.5
A14: ="W"&WEEKNUM(B14,21) -> W41 | B14: 46304 | G14: RC - PANEL | H14: P26 | I14: Recorder/ Supporter | J14: RC - PANEL | K14: Ghi nhận hàng giao kho | L14: Recorder | M14: 0.3125 | N14: 0.83333333 | O14: =(N14-M14)*24 -> 12.5 | P14: 1 | Q14: =P14*O14 -> 12.5
A15: ="W"&WEEKNUM(B15,21) -> W41 | B15: 46304 | G15: RC - PANEL | H15: P26 | I15: Recorder/ Supporter | J15: RC - PANEL | K15: Kiểm hàng chất lượng vào kho | L15: Supporter | M15: 0.3125 | N15: 0.83333333 | O15: =(N15-M15)*24 -> 12.5 | P15: 1 | Q15: =P15*O15 -> 12.5
A16: ="W"&WEEKNUM(B16,21) -> W41 | B16: 46304 | G16: RC - PANEL | H16: P26 | I16: Recorder/ Supporter | J16: Machining | K16: Nhận hàng gỗ đầu vào từ RC | L16: Supporter | M16: 0.3125 | N16: 0.83333333 | O16: =(N16-M16)*24 -> 12.5 | P16: 1 | Q16: =P16*O16 -> 12.5
A17: ="W"&WEEKNUM(B17,21) -> W41 | B17: 46304 | G17: Machining | H17: P26 | I17: Recorder/ Supporter | J17: Machining | K17: Ghi nhận hàng giao kho | L17: Recorder | M17: 0.3125 | N17: 0.83333333 | O17: =(N17-M17)*24 -> 12.5 | P17: 1 | Q17: =P17*O17 -> 12.5
A18: ="W"&WEEKNUM(B18,21) -> W41 | B18: 46304 | G18: Machining | H18: P26 | I18: Recorder/ Supporter | J18: Machining | K18: quét nhà toàn xưởng khu vực ASSY | L18: Supporter | M18: 0.3125 | N18: 0.83333333 | O18: =(N18-M18)*24 -> 12.5 | P18: 1 | Q18: =P18*O18 -> 12.5
A19: ="W"&WEEKNUM(B19,21) -> W41 | B19: 46304 | G19: Machining | H19: P26 | I19: Recorder/ Supporter | J19: Machining | K19: Theo hàng pilot -hàng test-spo-subcon-NCR | L19: Recorder | M19: 0.3125 | N19: 0.83333333 | O19: =(N19-M19)*24 -> 12.5 | P19: 1 | Q19: =P19*O19 -> 12.5
... A22: ="W"&WEEKNUM(B22,21) -> W41 | B22: 46304 | G22: Assembly | H22: P26 | I22: Recorder/ Supporter | J22: Assembly | K22: Giao nhận HW- phát HW cho Line sx | L22: Supporter | M22: 0.3125 | N22: 0.83333333 | O22: =(N22-M22)*24 -> 12.5 | P22: 1 | Q22: =P22*O22 -> 12.5
A23: ="W"&WEEKNUM(B23,21) -> W41 | B23: 46304 | G23: Assembly | H23: P22 | I23: HR Training New Workers | J23: HR/HSE | K23: Đào tạo công nhân mới | M23: 0.33333333 | N23: 0.66666667 | O23: =(N23-M23)*24 -> 8 | P23: 6 | Q23: =P23*O23 -> 48
A24: ="W"&WEEKNUM(B24,21) -> W41 | B24: 46304 | G24: Raw Cutting Panel | H24: P22 | I24: HR Training New Workers | J24: HR/HSE | K24: Đào tạo công nhân mới | M24: 0.33333333 | N24: 0.66666667 | O24: =(N24-M24)*24 -> 8 | P24: 2 | Q24: =P24*O24 -> 16
A25: ="W"&WEEKNUM(B25,21) -> W41 | B25: 46304 | G25: Assembly | H25: A2 | I25: Training | J25: HR/HSE | K25: HC mới- 50% hiệu suất- 2 tuần-18/9 | L25: A2 ngày 9/12 - nhóm 18/9 | M25: 0.3125 | N25: 0.5 | O25: =(N25-M25)*24 -> 4.5 | P25: 7 | Q25: =P25*O25 -> 31.5
A26: ="W"&WEEKNUM(B26,21) -> W41 | B26: 46304 | G26: Assembly | H26: A2 | I26: Training | J26: HR/HSE | K26: HC mới- 50% hiệu suất- 2 tuần-24/9 | L26: A2 ngày 9/12 - nhóm 24/9 | M26: 0.3125 | N26: 0.5 | O26: =(N26-M26)*24 -> 4.5 | P26: 5 | Q26: =P26*O26 -> 22.5
A27: ="W"&WEEKNUM(B27,21) -> W41 | B27: 46304 | G27: Assembly | H27: A2 | I27: Training | J27: HR/HSE | K27: HC mới- 50% hiệu suất- 2 tuần-25/9 | L27: A2 ngày 9/12 - nhóm 25/9 | M27: 0.3125 | N27: 0.5 | O27: =(N27-M27)*24 -> 4.5 | P27: 1 | Q27: =P27*O27 -> 4.5
A28: ="W"&WEEKNUM(B28,21) -> W41 | B28: 46304 | G28: Assembly | H28: A2 | I28: Training | J28: HR/HSE | K28: HC mới- 50% hiệu suất- 2 tuần-28/9 | L28: A2 ngày 10/12 - nhóm 28/9 | M28: 0.3125 | N28: 0.5 | O28: =(N28-M28)*24 -> 4.5 | P28: 3 | Q28: =P28*O28 -> 13.5
A29: ="W"&WEEKNUM(B29,21) -> W41 | B29: 46304 | G29: Machining | H29: A2 | I29: Training | J29: HR/HSE | K29: HC mới- 50% hiệu suất- 2 tuần-21/9 | L29: A2 ngày 9/12 - nhóm 21/9 | M29: 0.3125 | N29: 0.5 | O29: =(N29-M29)*24 -> 4.5 | P29: 2 | Q29: =P29*O29 -> 9
A30: ="W"&WEEKNUM(B30,21) -> W41 | B30: 46304 | G30: Machining | H30: A2 | I30: Training | J30: HR/HSE | K30: HC mới- 50% hiệu suất- 2 tuần-22/9 | L30: A2 ngày 9/12 - nhóm 22/9 | M30: 0.3125 | N30: 0.5 | O30: =(N30-M30)*24 -> 4.5 | P30: 4 | Q30: =P30*O30 -> 18
A31: ="W"&WEEKNUM(B31,21) -> W41 | B31: 46304 | G31: Machining | H31: A2 | I31: Training | J31: HR/HSE | K31: HC mới- 50% hiệu suất- 2 tuần-24/9 | L31: A2 ngày 9/12 - nhóm 24/9 | M31: 0.3125 | N31: 0.5 | O31: =(N31-M31)*24 -> 4.5 | P31: 3 | Q31: =P31*O31 -> 13.5
A32: ="W"&WEEKNUM(B32,21) -> W41 | B32: 46304 | G32: Machining | H32: A2 | I32: Training | J32: HR/HSE | K32: HC mới- 50% hiệu suất- 2 tuần-25/9 | L32: A2 ngày 9/12 - nhóm 25/9 | M32: 0.3125 | N32: 0.5 | O32: =(N32-M32)*24 -> 4.5 | P32: 1 | Q32: =P32*O32 -> 4.5
A33: ="W"&WEEKNUM(B33,21) -> W41 | B33: 46304 | G33: RC | H33: A2 | I33: Training | J33: HR/HSE | K33: HC mới- 50% hiệu suất- 2 tuần-22/9 | L33: A2 ngày 9/12 - nhóm 22/9 | M33: 0.3125 | N33: 0.5 | O33: =(N33-M33)*24 -> 4.5 | P33: 1 | Q33: =P33*O33 -> 4.5
A34: ="W"&WEEKNUM(B34,21) -> W41 | B34: 46304 | G34: RC | H34: A2 | I34: Training | J34: HR/HSE | K34: HC mới- 50% hiệu suất- 2 tuần-23/9 | L34: A2 ngày 9/12 - nhóm 23/9 | M34: 0.3125 | N34: 0.5 | O34: =(N34-M34)*24 -> 4.5 | P34: 1 | Q34: =P34*O34 -> 4.5
A35: ="W"&WEEKNUM(B35,21) -> W41 | B35: 46304 | G35: RC | H35: A2 | I35: Training | J35: HR/HSE | K35: HC mới- 50% hiệu suất- 2 tuần-24/9 | L35: A2 ngày 9/12 - nhóm 24/9 | M35: 0.3125 | N35: 0.5 | O35: =(N35-M35)*24 -> 4.5 | P35: 2 | Q35: =P35*O35 -> 9
A36: ="W"&WEEKNUM(B36,21) -> W41 | B36: 46304 | G36: RC | H36: A2 | I36: Training | J36: HR/HSE | K36: HC mới- 50% hiệu suất- 2 tuần-26/9 | L36: A2 ngày 9/12 - nhóm 26/9 | M36: 0.3125 | N36: 0.5 | O36: =(N36-M36)*24 -> 4.5 | P36: 1 | Q36: =P36*O36 -> 4.5
... A46: ="W"&WEEKNUM(B46,21) -> W41 | B46: 46304 | G46: Machining | H46: A2 | I46: Training | J46: HR/HSE | K46: HC mới- 50% hiệu suất- 2 tuần-08/10 | L46: A2 ngày 1/12 - nhóm 08/10 | M46: 0.3125 | N46: 0.5 | O46: =(N46-M46)*24 -> 4.5 | P46: 3 | Q46: =P46*O46 -> 13.5
P47: Tổng | Q47: =SUM(Q3:Q46) -> 637.5
A49: Vàng = nhân viên mới ngày đầu (P22). Xanh = nhân viên đang ghi A2 (cột Ghi chú cho biết ngày thứ mấy trong 12 ngày).

Sheet Loss time 10-10
A1: LOSS TIME WHITE WOOD - 10/10/2026
A2: Week | B2: Date (Ngày) | C2: Item's Mã hàng | D2: Code Máy Hư | E2: Q'ty | F2: Số NCR/ME | G2: Khu vực phát sinh/bộ phận hỗ trợ | H2: Code | I2: Name code | J2: Chart / bộ phận chịu trách nhiệm | K2: Lí Do | L2: Ghi chú | M2: From | N2: To | O2: LossTime (Hr) | P2: HC | Q2: Loss time labor (Hrs)
A3: ="W"&WEEKNUM(B3,21) -> W41 | B3: 46305 | G3: RC - WOOD | H3: P20 | I3: Dailly Cleaning | J3: RC WOOD | K3: Vệ sinh khu vực máy móc RC WOOD | M3: 0.29166667 | N3: 0.3125 | O3: =(N3-M3)*24 -> 0.5 | P3: 7 | Q3: =P3*O3 -> 3.5
A4: ="W"&WEEKNUM(B4,21) -> W41 | B4: 46305 | G4: RC - PANEL | H4: P20 | I4: Dailly Cleaning | J4: RC - PANEL | K4: Vệ sinh khu vực máy móc RC PANEL | M4: 0.29166667 | N4: 0.3125 | O4: =(N4-M4)*24 -> 0.5 | P4: 18 | Q4: =P4*O4 -> 9
A5: ="W"&WEEKNUM(B5,21) -> W41 | B5: 46305 | G5: Machining | H5: P20 | I5: Dailly Cleaning | J5: Machining | K5: Vệ sinh khu vực máy móc MAC FINAL | M5: 0.29166667 | N5: 0.3125 | O5: =(N5-M5)*24 -> 0.5 | P5: 7 | Q5: =P5*O5 -> 3.5
A6: ="W"&WEEKNUM(B6,21) -> W41 | B6: 46305 | G6: Machining | H6: P20 | I6: Dailly Cleaning | J6: Machining | K6: Vệ sinh khu vực máy móc PRE MAC | M6: 0.29166667 | N6: 0.3125 | O6: =(N6-M6)*24 -> 0.5 | P6: 12 | Q6: =P6*O6 -> 6
A7: ="W"&WEEKNUM(B7,21) -> W41 | B7: 46305 | G7: Assembly | H7: P20 | I7: Dailly Cleaning | J7: Assembly | K7: Quét nhà toàn xưởng khu vực ASSY | M7: 0.3125 | N7: 0.64583333 | O7: =(N7-M7)*24 -> 8 | P7: 2 | Q7: =P7*O7 -> 16
A8: ="W"&WEEKNUM(B8,21) -> W41 | B8: 46305 | G8: RC - PANEL | H8: P26 | I8: Recorder/ Supporter | J8: RC - PANEL | K8: Shop Floor data RC PANEL | L8: Recorder | M8: 0.3125 | N8: 0.64583333 | O8: =(N8-M8)*24 -> 8 | P8: 4 | Q8: =P8*O8 -> 32
A9: ="W"&WEEKNUM(B9,21) -> W41 | B9: 46305 | G9: Machining | H9: P26 | I9: Recorder/ Supporter | J9: Machining | K9: Shop Floor data- STOCK ROOM | L9: Recorder | M9: 0.3125 | N9: 0.64583333 | O9: =(N9-M9)*24 -> 8 | P9: 1 | Q9: =P9*O9 -> 8
A10: ="W"&WEEKNUM(B10,21) -> W41 | B10: 46305 | G10: Machining | H10: P26 | I10: Recorder/ Supporter | J10: Machining | K10: Shop Floor data MAC FINAL | L10: Recorder | M10: 0.3125 | N10: 0.64583333 | O10: =(N10-M10)*24 -> 8 | P10: 1 | Q10: =P10*O10 -> 8
A11: ="W"&WEEKNUM(B11,21) -> W41 | B11: 46305 | G11: RC - PANEL | H11: P26 | I11: Recorder/ Supporter | J11: RC - PANEL | K11: Theo dõi Hàng venner làm xong | L11: Recorder | M11: 0.3125 | N11: 0.64583333 | O11: =(N11-M11)*24 -> 8 | P11: 1 | Q11: =P11*O11 -> 8
A12: ="W"&WEEKNUM(B12,21) -> W41 | B12: 46305 | G12: RC - PANEL | H12: P26 | I12: Recorder/ Supporter | J12: RC - PANEL | K12: Nhận venner cho ép nóng | L12: Supporter | M12: 0.3125 | N12: 0.64583333 | O12: =(N12-M12)*24 -> 8 | P12: 1 | Q12: =P12*O12 -> 8
A13: ="W"&WEEKNUM(B13,21) -> W41 | B13: 46305 | G13: RC - WOOD | H13: P26 | I13: Recorder/ Supporter | J13: RC WOOD | K13: Lựa hàng tinh giao mac- gỗ đẹp xấu | L13: Supporter | M13: 0.3125 | N13: 0.64583333 | O13: =(N13-M13)*24 -> 8 | P13: 1 | Q13: =P13*O13 -> 8
A14: ="W"&WEEKNUM(B14,21) -> W41 | B14: 46305 | G14: RC - PANEL | H14: P26 | I14: Recorder/ Supporter | J14: RC - PANEL | K14: Ghi nhận hàng giao kho | L14: Recorder | M14: 0.3125 | N14: 0.64583333 | O14: =(N14-M14)*24 -> 8 | P14: 1 | Q14: =P14*O14 -> 8
A15: ="W"&WEEKNUM(B15,21) -> W41 | B15: 46305 | G15: RC - PANEL | H15: P26 | I15: Recorder/ Supporter | J15: RC - PANEL | K15: Kiểm hàng chất lượng vào kho | L15: Supporter | M15: 0.3125 | N15: 0.64583333 | O15: =(N15-M15)*24 -> 8 | P15: 1 | Q15: =P15*O15 -> 8
A16: ="W"&WEEKNUM(B16,21) -> W41 | B16: 46305 | G16: RC - PANEL | H16: P26 | I16: Recorder/ Supporter | J16: Machining | K16: Nhận hàng gỗ đầu vào từ RC | L16: Supporter | M16: 0.3125 | N16: 0.64583333 | O16: =(N16-M16)*24 -> 8 | P16: 1 | Q16: =P16*O16 -> 8
A17: ="W"&WEEKNUM(B17,21) -> W41 | B17: 46305 | G17: Machining | H17: P26 | I17: Recorder/ Supporter | J17: Machining | K17: Ghi nhận hàng giao kho | L17: Recorder | M17: 0.3125 | N17: 0.64583333 | O17: =(N17-M17)*24 -> 8 | P17: 1 | Q17: =P17*O17 -> 8
A18: ="W"&WEEKNUM(B18,21) -> W41 | B18: 46305 | G18: Machining | H18: P26 | I18: Recorder/ Supporter | J18: Machining | K18: quét nhà toàn xưởng khu vực ASSY | L18: Supporter | M18: 0.3125 | N18: 0.64583333 | O18: =(N18-M18)*24 -> 8 | P18: 1 | Q18: =P18*O18 -> 8
A19: ="W"&WEEKNUM(B19,21) -> W41 | B19: 46305 | G19: Machining | H19: P26 | I19: Recorder/ Supporter | J19: Machining | K19: Theo hàng pilot -hàng test-spo-subcon-NCR | L19: Recorder | M19: 0.3125 | N19: 0.64583333 | O19: =(N19-M19)*24 -> 8 | P19: 1 | Q19: =P19*O19 -> 8
... A46: ="W"&WEEKNUM(B46,21) -> W41 | B46: 46305 | G46: Raw Cutting Panel | H46: A2 | I46: Training | J46: HR/HSE | K46: HC mới- 50% hiệu suất- 2 tuần-09/10 | L46: A2 ngày 1/12 - nhóm 09/10 | M46: 0.3125 | N46: 0.5 | O46: =(N46-M46)*24 -> 4.5 | P46: 2 | Q46: =P46*O46 -> 9
P47: Tổng | Q47: =SUM(Q3:Q46) -> 519.5
A49: Vàng = nhân viên mới ngày đầu (P22). Xanh = nhân viên đang ghi A2 (cột Ghi chú cho biết ngày thứ mấy trong 12 ngày).

Sheet Loss time 12-10
A1: LOSS TIME WHITE WOOD - 12/10/2026
A2: Week | B2: Date (Ngày) | C2: Item's Mã hàng | D2: Code Máy Hư | E2: Q'ty | F2: Số NCR/ME | G2: Khu vực phát sinh/bộ phận hỗ trợ | H2: Code | I2: Name code | J2: Chart / bộ phận chịu trách nhiệm | K2: Lí Do | L2: Ghi chú | M2: From | N2: To | O2: LossTime (Hr) | P2: HC | Q2: Loss time labor (Hrs)
A3: ="W"&WEEKNUM(B3,21) -> W42 | B3: 46307 | G3: RC - WOOD | H3: P20 | I3: Dailly Cleaning | J3: RC WOOD | K3: Vệ sinh khu vực máy móc RC WOOD | M3: 0.29166667 | N3: 0.3125 | O3: =(N3-M3)*24 -> 0.5 | P3: 7 | Q3: =P3*O3 -> 3.5
A4: ="W"&WEEKNUM(B4,21) -> W42 | B4: 46307 | G4: RC - PANEL | H4: P20 | I4: Dailly Cleaning | J4: RC - PANEL | K4: Vệ sinh khu vực máy móc RC PANEL | M4: 0.29166667 | N4: 0.3125 | O4: =(N4-M4)*24 -> 0.5 | P4: 18 | Q4: =P4*O4 -> 9
A5: ="W"&WEEKNUM(B5,21) -> W42 | B5: 46307 | G5: Machining | H5: P20 | I5: Dailly Cleaning | J5: Machining | K5: Vệ sinh khu vực máy móc MAC FINAL | M5: 0.29166667 | N5: 0.3125 | O5: =(N5-M5)*24 -> 0.5 | P5: 7 | Q5: =P5*O5 -> 3.5
A6: ="W"&WEEKNUM(B6,21) -> W42 | B6: 46307 | G6: Machining | H6: P20 | I6: Dailly Cleaning | J6: Machining | K6: Vệ sinh khu vực máy móc PRE MAC | M6: 0.29166667 | N6: 0.3125 | O6: =(N6-M6)*24 -> 0.5 | P6: 12 | Q6: =P6*O6 -> 6
A7: ="W"&WEEKNUM(B7,21) -> W42 | B7: 46307 | G7: Assembly | H7: P20 | I7: Dailly Cleaning | J7: Assembly | K7: Quét nhà toàn xưởng khu vực ASSY | M7: 0.3125 | N7: 0.83333333 | O7: =(N7-M7)*24 -> 12.5 | P7: 2 | Q7: =P7*O7 -> 25
A8: ="W"&WEEKNUM(B8,21) -> W42 | B8: 46307 | G8: RC - PANEL | H8: P26 | I8: Recorder/ Supporter | J8: RC - PANEL | K8: Shop Floor data RC PANEL | L8: Recorder | M8: 0.3125 | N8: 0.83333333 | O8: =(N8-M8)*24 -> 12.5 | P8: 4 | Q8: =P8*O8 -> 50
A9: ="W"&WEEKNUM(B9,21) -> W42 | B9: 46307 | G9: Machining | H9: P26 | I9: Recorder/ Supporter | J9: Machining | K9: Shop Floor data- STOCK ROOM | L9: Recorder | M9: 0.3125 | N9: 0.83333333 | O9: =(N9-M9)*24 -> 12.5 | P9: 1 | Q9: =P9*O9 -> 12.5
A10: ="W"&WEEKNUM(B10,21) -> W42 | B10: 46307 | G10: Machining | H10: P26 | I10: Recorder/ Supporter | J10: Machining | K10: Shop Floor data MAC FINAL | L10: Recorder | M10: 0.3125 | N10: 0.83333333 | O10: =(N10-M10)*24 -> 12.5 | P10: 1 | Q10: =P10*O10 -> 12.5
A11: ="W"&WEEKNUM(B11,21) -> W42 | B11: 46307 | G11: RC - PANEL | H11: P26 | I11: Recorder/ Supporter | J11: RC - PANEL | K11: Theo dõi Hàng venner làm xong | L11: Recorder | M11: 0.3125 | N11: 0.83333333 | O11: =(N11-M11)*24 -> 12.5 | P11: 1 | Q11: =P11*O11 -> 12.5
A12: ="W"&WEEKNUM(B12,21) -> W42 | B12: 46307 | G12: RC - PANEL | H12: P26 | I12: Recorder/ Supporter | J12: RC - PANEL | K12: Nhận venner cho ép nóng | L12: Supporter | M12: 0.3125 | N12: 0.83333333 | O12: =(N12-M12)*24 -> 12.5 | P12: 1 | Q12: =P12*O12 -> 12.5
A13: ="W"&WEEKNUM(B13,21) -> W42 | B13: 46307 | G13: RC - WOOD | H13: P26 | I13: Recorder/ Supporter | J13: RC WOOD | K13: Lựa hàng tinh giao mac- gỗ đẹp xấu | L13: Supporter | M13: 0.3125 | N13: 0.83333333 | O13: =(N13-M13)*24 -> 12.5 | P13: 1 | Q13: =P13*O13 -> 12.5
A14: ="W"&WEEKNUM(B14,21) -> W42 | B14: 46307 | G14: RC - PANEL | H14: P26 | I14: Recorder/ Supporter | J14: RC - PANEL | K14: Ghi nhận hàng giao kho | L14: Recorder | M14: 0.3125 | N14: 0.83333333 | O14: =(N14-M14)*24 -> 12.5 | P14: 1 | Q14: =P14*O14 -> 12.5
A15: ="W"&WEEKNUM(B15,21) -> W42 | B15: 46307 | G15: RC - PANEL | H15: P26 | I15: Recorder/ Supporter | J15: RC - PANEL | K15: Kiểm hàng chất lượng vào kho | L15: Supporter | M15: 0.3125 | N15: 0.83333333 | O15: =(N15-M15)*24 -> 12.5 | P15: 1 | Q15: =P15*O15 -> 12.5
A16: ="W"&WEEKNUM(B16,21) -> W42 | B16: 46307 | G16: RC - PANEL | H16: P26 | I16: Recorder/ Supporter | J16: Machining | K16: Nhận hàng gỗ đầu vào từ RC | L16: Supporter | M16: 0.3125 | N16: 0.83333333 | O16: =(N16-M16)*24 -> 12.5 | P16: 1 | Q16: =P16*O16 -> 12.5
A17: ="W"&WEEKNUM(B17,21) -> W42 | B17: 46307 | G17: Machining | H17: P26 | I17: Recorder/ Supporter | J17: Machining | K17: Ghi nhận hàng giao kho | L17: Recorder | M17: 0.3125 | N17: 0.83333333 | O17: =(N17-M17)*24 -> 12.5 | P17: 1 | Q17: =P17*O17 -> 12.5
A18: ="W"&WEEKNUM(B18,21) -> W42 | B18: 46307 | G18: Machining | H18: P26 | I18: Recorder/ Supporter | J18: Machining | K18: quét nhà toàn xưởng khu vực ASSY | L18: Supporter | M18: 0.3125 | N18: 0.83333333 | O18: =(N18-M18)*24 -> 12.5 | P18: 1 | Q18: =P18*O18 -> 12.5
A19: ="W"&WEEKNUM(B19,21) -> W42 | B19: 46307 | G19: Machining | H19: P26 | I19: Recorder/ Supporter | J19: Machining | K19: Theo hàng pilot -hàng test-spo-subcon-NCR | L19: Recorder | M19: 0.3125 | N19: 0.83333333 | O19: =(N19-M19)*24 -> 12.5 | P19: 1 | Q19: =P19*O19 -> 12.5
... A22: ="W"&WEEKNUM(B22,21) -> W42 | B22: 46307 | G22: Assembly | H22: P26 | I22: Recorder/ Supporter | J22: Assembly | K22: Giao nhận HW- phát HW cho Line sx | L22: Supporter | M22: 0.3125 | N22: 0.83333333 | O22: =(N22-M22)*24 -> 12.5 | P22: 1 | Q22: =P22*O22 -> 12.5
A23: ="W"&WEEKNUM(B23,21) -> W42 | B23: 46307 | G23: Assembly | H23: P22 | I23: HR Training New Workers | J23: HR/HSE | K23: Đào tạo công nhân mới | M23: 0.33333333 | N23: 0.66666667 | O23: =(N23-M23)*24 -> 8 | P23: 2 | Q23: =P23*O23 -> 16
A24: ="W"&WEEKNUM(B24,21) -> W42 | B24: 46307 | G24: Raw Cutting Panel | H24: P22 | I24: HR Training New Workers | J24: HR/HSE | K24: Đào tạo công nhân mới | M24: 0.33333333 | N24: 0.66666667 | O24: =(N24-M24)*24 -> 8 | P24: 1 | Q24: =P24*O24 -> 8
A25: ="W"&WEEKNUM(B25,21) -> W42 | B25: 46307 | G25: Assembly | H25: A2 | I25: Training | J25: HR/HSE | K25: HC mới- 50% hiệu suất- 2 tuần-18/9 | L25: A2 ngày 11/12 - nhóm 18/9 | M25: 0.3125 | N25: 0.5 | O25: =(N25-M25)*24 -> 4.5 | P25: 7 | Q25: =P25*O25 -> 31.5
A26: ="W"&WEEKNUM(B26,21) -> W42 | B26: 46307 | G26: Assembly | H26: A2 | I26: Training | J26: HR/HSE | K26: HC mới- 50% hiệu suất- 2 tuần-24/9 | L26: A2 ngày 11/12 - nhóm 24/9 | M26: 0.3125 | N26: 0.5 | O26: =(N26-M26)*24 -> 4.5 | P26: 5 | Q26: =P26*O26 -> 22.5
A27: ="W"&WEEKNUM(B27,21) -> W42 | B27: 46307 | G27: Assembly | H27: A2 | I27: Training | J27: HR/HSE | K27: HC mới- 50% hiệu suất- 2 tuần-25/9 | L27: A2 ngày 11/12 - nhóm 25/9 | M27: 0.3125 | N27: 0.5 | O27: =(N27-M27)*24 -> 4.5 | P27: 1 | Q27: =P27*O27 -> 4.5
A28: ="W"&WEEKNUM(B28,21) -> W42 | B28: 46307 | G28: Assembly | H28: A2 | I28: Training | J28: HR/HSE | K28: HC mới- 50% hiệu suất- 2 tuần-28/9 | L28: A2 ngày 12/12 - nhóm 28/9 | M28: 0.3125 | N28: 0.5 | O28: =(N28-M28)*24 -> 4.5 | P28: 3 | Q28: =P28*O28 -> 13.5
A29: ="W"&WEEKNUM(B29,21) -> W42 | B29: 46307 | G29: Machining | H29: A2 | I29: Training | J29: HR/HSE | K29: HC mới- 50% hiệu suất- 2 tuần-21/9 | L29: A2 ngày 11/12 - nhóm 21/9 | M29: 0.3125 | N29: 0.5 | O29: =(N29-M29)*24 -> 4.5 | P29: 2 | Q29: =P29*O29 -> 9
A30: ="W"&WEEKNUM(B30,21) -> W42 | B30: 46307 | G30: Machining | H30: A2 | I30: Training | J30: HR/HSE | K30: HC mới- 50% hiệu suất- 2 tuần-22/9 | L30: A2 ngày 11/12 - nhóm 22/9 | M30: 0.3125 | N30: 0.5 | O30: =(N30-M30)*24 -> 4.5 | P30: 4 | Q30: =P30*O30 -> 18
A31: ="W"&WEEKNUM(B31,21) -> W42 | B31: 46307 | G31: Machining | H31: A2 | I31: Training | J31: HR/HSE | K31: HC mới- 50% hiệu suất- 2 tuần-24/9 | L31: A2 ngày 11/12 - nhóm 24/9 | M31: 0.3125 | N31: 0.5 | O31: =(N31-M31)*24 -> 4.5 | P31: 3 | Q31: =P31*O31 -> 13.5
A32: ="W"&WEEKNUM(B32,21) -> W42 | B32: 46307 | G32: Machining | H32: A2 | I32: Training | J32: HR/HSE | K32: HC mới- 50% hiệu suất- 2 tuần-25/9 | L32: A2 ngày 11/12 - nhóm 25/9 | M32: 0.3125 | N32: 0.5 | O32: =(N32-M32)*24 -> 4.5 | P32: 1 | Q32: =P32*O32 -> 4.5
A33: ="W"&WEEKNUM(B33,21) -> W42 | B33: 46307 | G33: RC | H33: A2 | I33: Training | J33: HR/HSE | K33: HC mới- 50% hiệu suất- 2 tuần-22/9 | L33: A2 ngày 11/12 - nhóm 22/9 | M33: 0.3125 | N33: 0.5 | O33: =(N33-M33)*24 -> 4.5 | P33: 1 | Q33: =P33*O33 -> 4.5
A34: ="W"&WEEKNUM(B34,21) -> W42 | B34: 46307 | G34: RC | H34: A2 | I34: Training | J34: HR/HSE | K34: HC mới- 50% hiệu suất- 2 tuần-23/9 | L34: A2 ngày 11/12 - nhóm 23/9 | M34: 0.3125 | N34: 0.5 | O34: =(N34-M34)*24 -> 4.5 | P34: 1 | Q34: =P34*O34 -> 4.5
A35: ="W"&WEEKNUM(B35,21) -> W42 | B35: 46307 | G35: RC | H35: A2 | I35: Training | J35: HR/HSE | K35: HC mới- 50% hiệu suất- 2 tuần-24/9 | L35: A2 ngày 11/12 - nhóm 24/9 | M35: 0.3125 | N35: 0.5 | O35: =(N35-M35)*24 -> 4.5 | P35: 2 | Q35: =P35*O35 -> 9
A36: ="W"&WEEKNUM(B36,21) -> W42 | B36: 46307 | G36: RC | H36: A2 | I36: Training | J36: HR/HSE | K36: HC mới- 50% hiệu suất- 2 tuần-26/9 | L36: A2 ngày 11/12 - nhóm 26/9 | M36: 0.3125 | N36: 0.5 | O36: =(N36-M36)*24 -> 4.5 | P36: 1 | Q36: =P36*O36 -> 4.5
... A48: ="W"&WEEKNUM(B48,21) -> W42 | B48: 46307 | G48: Raw Cutting Panel | H48: A2 | I48: Training | J48: HR/HSE | K48: HC mới- 50% hiệu suất- 2 tuần-09/10 | L48: A2 ngày 2/12 - nhóm 09/10 | M48: 0.3125 | N48: 0.5 | O48: =(N48-M48)*24 -> 4.5 | P48: 2 | Q48: =P48*O48 -> 9
P49: Tổng | Q49: =SUM(Q3:Q48) -> 633.5
A51: Vàng = nhân viên mới ngày đầu (P22). Xanh = nhân viên đang ghi A2 (cột Ghi chú cho biết ngày thứ mấy trong 12 ngày).

Sheet Loss time 13-10
A1: LOSS TIME WHITE WOOD - 13/10/2026
A2: Week | B2: Date (Ngày) | C2: Item's Mã hàng | D2: Code Máy Hư | E2: Q'ty | F2: Số NCR/ME | G2: Khu vực phát sinh/bộ phận hỗ trợ | H2: Code | I2: Name code | J2: Chart / bộ phận chịu trách nhiệm | K2: Lí Do | L2: Ghi chú | M2: From | N2: To | O2: LossTime (Hr) | P2: HC | Q2: Loss time labor (Hrs)
A3: ="W"&WEEKNUM(B3,21) -> W42 | B3: 46308 | G3: RC - WOOD | H3: P20 | I3: Dailly Cleaning | J3: RC WOOD | K3: Vệ sinh khu vực máy móc RC WOOD | M3: 0.29166667 | N3: 0.3125 | O3: =(N3-M3)*24 -> 0.5 | P3: 7 | Q3: =P3*O3 -> 3.5
A4: ="W"&WEEKNUM(B4,21) -> W42 | B4: 46308 | G4: RC - PANEL | H4: P20 | I4: Dailly Cleaning | J4: RC - PANEL | K4: Vệ sinh khu vực máy móc RC PANEL | M4: 0.29166667 | N4: 0.3125 | O4: =(N4-M4)*24 -> 0.5 | P4: 18 | Q4: =P4*O4 -> 9
A5: ="W"&WEEKNUM(B5,21) -> W42 | B5: 46308 | G5: Machining | H5: P20 | I5: Dailly Cleaning | J5: Machining | K5: Vệ sinh khu vực máy móc MAC FINAL | M5: 0.29166667 | N5: 0.3125 | O5: =(N5-M5)*24 -> 0.5 | P5: 7 | Q5: =P5*O5 -> 3.5
A6: ="W"&WEEKNUM(B6,21) -> W42 | B6: 46308 | G6: Machining | H6: P20 | I6: Dailly Cleaning | J6: Machining | K6: Vệ sinh khu vực máy móc PRE MAC | M6: 0.29166667 | N6: 0.3125 | O6: =(N6-M6)*24 -> 0.5 | P6: 12 | Q6: =P6*O6 -> 6
A7: ="W"&WEEKNUM(B7,21) -> W42 | B7: 46308 | G7: Assembly | H7: P20 | I7: Dailly Cleaning | J7: Assembly | K7: Quét nhà toàn xưởng khu vực ASSY | M7: 0.3125 | N7: 0.83333333 | O7: =(N7-M7)*24 -> 12.5 | P7: 2 | Q7: =P7*O7 -> 25
A8: ="W"&WEEKNUM(B8,21) -> W42 | B8: 46308 | G8: RC - PANEL | H8: P26 | I8: Recorder/ Supporter | J8: RC - PANEL | K8: Shop Floor data RC PANEL | L8: Recorder | M8: 0.3125 | N8: 0.83333333 | O8: =(N8-M8)*24 -> 12.5 | P8: 4 | Q8: =P8*O8 -> 50
A9: ="W"&WEEKNUM(B9,21) -> W42 | B9: 46308 | G9: Machining | H9: P26 | I9: Recorder/ Supporter | J9: Machining | K9: Shop Floor data- STOCK ROOM | L9: Recorder | M9: 0.3125 | N9: 0.83333333 | O9: =(N9-M9)*24 -> 12.5 | P9: 1 | Q9: =P9*O9 -> 12.5
A10: ="W"&WEEKNUM(B10,21) -> W42 | B10: 46308 | G10: Machining | H10: P26 | I10: Recorder/ Supporter | J10: Machining | K10: Shop Floor data MAC FINAL | L10: Recorder | M10: 0.3125 | N10: 0.83333333 | O10: =(N10-M10)*24 -> 12.5 | P10: 1 | Q10: =P10*O10 -> 12.5
A11: ="W"&WEEKNUM(B11,21) -> W42 | B11: 46308 | G11: RC - PANEL | H11: P26 | I11: Recorder/ Supporter | J11: RC - PANEL | K11: Theo dõi Hàng venner làm xong | L11: Recorder | M11: 0.3125 | N11: 0.83333333 | O11: =(N11-M11)*24 -> 12.5 | P11: 1 | Q11: =P11*O11 -> 12.5
A12: ="W"&WEEKNUM(B12,21) -> W42 | B12: 46308 | G12: RC - PANEL | H12: P26 | I12: Recorder/ Supporter | J12: RC - PANEL | K12: Nhận venner cho ép nóng | L12: Supporter | M12: 0.3125 | N12: 0.83333333 | O12: =(N12-M12)*24 -> 12.5 | P12: 1 | Q12: =P12*O12 -> 12.5
A13: ="W"&WEEKNUM(B13,21) -> W42 | B13: 46308 | G13: RC - WOOD | H13: P26 | I13: Recorder/ Supporter | J13: RC WOOD | K13: Lựa hàng tinh giao mac- gỗ đẹp xấu | L13: Supporter | M13: 0.3125 | N13: 0.83333333 | O13: =(N13-M13)*24 -> 12.5 | P13: 1 | Q13: =P13*O13 -> 12.5
A14: ="W"&WEEKNUM(B14,21) -> W42 | B14: 46308 | G14: RC - PANEL | H14: P26 | I14: Recorder/ Supporter | J14: RC - PANEL | K14: Ghi nhận hàng giao kho | L14: Recorder | M14: 0.3125 | N14: 0.83333333 | O14: =(N14-M14)*24 -> 12.5 | P14: 1 | Q14: =P14*O14 -> 12.5
A15: ="W"&WEEKNUM(B15,21) -> W42 | B15: 46308 | G15: RC - PANEL | H15: P26 | I15: Recorder/ Supporter | J15: RC - PANEL | K15: Kiểm hàng chất lượng vào kho | L15: Supporter | M15: 0.3125 | N15: 0.83333333 | O15: =(N15-M15)*24 -> 12.5 | P15: 1 | Q15: =P15*O15 -> 12.5
A16: ="W"&WEEKNUM(B16,21) -> W42 | B16: 46308 | G16: RC - PANEL | H16: P26 | I16: Recorder/ Supporter | J16: Machining | K16: Nhận hàng gỗ đầu vào từ RC | L16: Supporter | M16: 0.3125 | N16: 0.83333333 | O16: =(N16-M16)*24 -> 12.5 | P16: 1 | Q16: =P16*O16 -> 12.5
A17: ="W"&WEEKNUM(B17,21) -> W42 | B17: 46308 | G17: Machining | H17: P26 | I17: Recorder/ Supporter | J17: Machining | K17: Ghi nhận hàng giao kho | L17: Recorder | M17: 0.3125 | N17: 0.83333333 | O17: =(N17-M17)*24 -> 12.5 | P17: 1 | Q17: =P17*O17 -> 12.5
A18: ="W"&WEEKNUM(B18,21) -> W42 | B18: 46308 | G18: Machining | H18: P26 | I18: Recorder/ Supporter | J18: Machining | K18: quét nhà toàn xưởng khu vực ASSY | L18: Supporter | M18: 0.3125 | N18: 0.83333333 | O18: =(N18-M18)*24 -> 12.5 | P18: 1 | Q18: =P18*O18 -> 12.5
A19: ="W"&WEEKNUM(B19,21) -> W42 | B19: 46308 | G19: Machining | H19: P26 | I19: Recorder/ Supporter | J19: Machining | K19: Theo hàng pilot -hàng test-spo-subcon-NCR | L19: Recorder | M19: 0.3125 | N19: 0.83333333 | O19: =(N19-M19)*24 -> 12.5 | P19: 1 | Q19: =P19*O19 -> 12.5
... A22: ="W"&WEEKNUM(B22,21) -> W42 | B22: 46308 | G22: Assembly | H22: P26 | I22: Recorder/ Supporter | J22: Assembly | K22: Giao nhận HW- phát HW cho Line sx | L22: Supporter | M22: 0.3125 | N22: 0.83333333 | O22: =(N22-M22)*24 -> 12.5 | P22: 1 | Q22: =P22*O22 -> 12.5
A23: ="W"&WEEKNUM(B23,21) -> W42 | B23: 46308 | G23: Assembly | H23: P22 | I23: HR Training New Workers | J23: HR/HSE | K23: Đào tạo công nhân mới | M23: 0.33333333 | N23: 0.66666667 | O23: =(N23-M23)*24 -> 8 | P23: 2 | Q23: =P23*O23 -> 16
A24: ="W"&WEEKNUM(B24,21) -> W42 | B24: 46308 | G24: Raw Cutting Panel | H24: P22 | I24: HR Training New Workers | J24: HR/HSE | K24: Đào tạo công nhân mới | M24: 0.33333333 | N24: 0.66666667 | O24: =(N24-M24)*24 -> 8 | P24: 4 | Q24: =P24*O24 -> 32
A25: ="W"&WEEKNUM(B25,21) -> W42 | B25: 46308 | G25: Machining | H25: P22 | I25: HR Training New Workers | J25: HR/HSE | K25: Đào tạo công nhân mới | M25: 0.33333333 | N25: 0.66666667 | O25: =(N25-M25)*24 -> 8 | P25: 1 | Q25: =P25*O25 -> 8
A26: ="W"&WEEKNUM(B26,21) -> W42 | B26: 46308 | G26: Assembly | H26: A2 | I26: Training | J26: HR/HSE | K26: HC mới- 50% hiệu suất- 2 tuần-18/9 | L26: A2 ngày 12/12 - nhóm 18/9 | M26: 0.3125 | N26: 0.5 | O26: =(N26-M26)*24 -> 4.5 | P26: 7 | Q26: =P26*O26 -> 31.5
A27: ="W"&WEEKNUM(B27,21) -> W42 | B27: 46308 | G27: Assembly | H27: A2 | I27: Training | J27: HR/HSE | K27: HC mới- 50% hiệu suất- 2 tuần-24/9 | L27: A2 ngày 12/12 - nhóm 24/9 | M27: 0.3125 | N27: 0.5 | O27: =(N27-M27)*24 -> 4.5 | P27: 5 | Q27: =P27*O27 -> 22.5
A28: ="W"&WEEKNUM(B28,21) -> W42 | B28: 46308 | G28: Assembly | H28: A2 | I28: Training | J28: HR/HSE | K28: HC mới- 50% hiệu suất- 2 tuần-25/9 | L28: A2 ngày 12/12 - nhóm 25/9 | M28: 0.3125 | N28: 0.5 | O28: =(N28-M28)*24 -> 4.5 | P28: 1 | Q28: =P28*O28 -> 4.5
A29: ="W"&WEEKNUM(B29,21) -> W42 | B29: 46308 | G29: Machining | H29: A2 | I29: Training | J29: HR/HSE | K29: HC mới- 50% hiệu suất- 2 tuần-21/9 | L29: A2 ngày 12/12 - nhóm 21/9 | M29: 0.3125 | N29: 0.5 | O29: =(N29-M29)*24 -> 4.5 | P29: 2 | Q29: =P29*O29 -> 9
A30: ="W"&WEEKNUM(B30,21) -> W42 | B30: 46308 | G30: Machining | H30: A2 | I30: Training | J30: HR/HSE | K30: HC mới- 50% hiệu suất- 2 tuần-22/9 | L30: A2 ngày 12/12 - nhóm 22/9 | M30: 0.3125 | N30: 0.5 | O30: =(N30-M30)*24 -> 4.5 | P30: 4 | Q30: =P30*O30 -> 18
A31: ="W"&WEEKNUM(B31,21) -> W42 | B31: 46308 | G31: Machining | H31: A2 | I31: Training | J31: HR/HSE | K31: HC mới- 50% hiệu suất- 2 tuần-24/9 | L31: A2 ngày 12/12 - nhóm 24/9 | M31: 0.3125 | N31: 0.5 | O31: =(N31-M31)*24 -> 4.5 | P31: 3 | Q31: =P31*O31 -> 13.5
A32: ="W"&WEEKNUM(B32,21) -> W42 | B32: 46308 | G32: Machining | H32: A2 | I32: Training | J32: HR/HSE | K32: HC mới- 50% hiệu suất- 2 tuần-25/9 | L32: A2 ngày 12/12 - nhóm 25/9 | M32: 0.3125 | N32: 0.5 | O32: =(N32-M32)*24 -> 4.5 | P32: 1 | Q32: =P32*O32 -> 4.5
A33: ="W"&WEEKNUM(B33,21) -> W42 | B33: 46308 | G33: RC | H33: A2 | I33: Training | J33: HR/HSE | K33: HC mới- 50% hiệu suất- 2 tuần-22/9 | L33: A2 ngày 12/12 - nhóm 22/9 | M33: 0.3125 | N33: 0.5 | O33: =(N33-M33)*24 -> 4.5 | P33: 1 | Q33: =P33*O33 -> 4.5
A34: ="W"&WEEKNUM(B34,21) -> W42 | B34: 46308 | G34: RC | H34: A2 | I34: Training | J34: HR/HSE | K34: HC mới- 50% hiệu suất- 2 tuần-23/9 | L34: A2 ngày 12/12 - nhóm 23/9 | M34: 0.3125 | N34: 0.5 | O34: =(N34-M34)*24 -> 4.5 | P34: 1 | Q34: =P34*O34 -> 4.5
A35: ="W"&WEEKNUM(B35,21) -> W42 | B35: 46308 | G35: RC | H35: A2 | I35: Training | J35: HR/HSE | K35: HC mới- 50% hiệu suất- 2 tuần-24/9 | L35: A2 ngày 12/12 - nhóm 24/9 | M35: 0.3125 | N35: 0.5 | O35: =(N35-M35)*24 -> 4.5 | P35: 2 | Q35: =P35*O35 -> 9
A36: ="W"&WEEKNUM(B36,21) -> W42 | B36: 46308 | G36: RC | H36: A2 | I36: Training | J36: HR/HSE | K36: HC mới- 50% hiệu suất- 2 tuần-26/9 | L36: A2 ngày 12/12 - nhóm 26/9 | M36: 0.3125 | N36: 0.5 | O36: =(N36-M36)*24 -> 4.5 | P36: 1 | Q36: =P36*O36 -> 4.5
A37: ="W"&WEEKNUM(B37,21) -> W42 | B37: 46308 | G37: Raw Cutting Panel | H37: A2 | I37: Training | J37: HR/HSE | K37: HC mới- 50% hiệu suất- 2 tuần-23/9 | L37: A2 ngày 11/12 - nhóm 23/9 | M37: 0.3125 | N37: 0.5 | O37: =(N37-M37)*24 -> 4.5 | P37: 3 | Q37: =P37*O37 -> 13.5
... A50: ="W"&WEEKNUM(B50,21) -> W42 | B50: 46308 | G50: Raw Cutting Panel | H50: A2 | I50: Training | J50: HR/HSE | K50: HC mới- 50% hiệu suất- 2 tuần-12/10 | L50: A2 ngày 1/12 - nhóm 12/10 | M50: 0.3125 | N50: 0.5 | O50: =(N50-M50)*24 -> 4.5 | P50: 1 | Q50: =P50*O50 -> 4.5
P51: Tổng | Q51: =SUM(Q3:Q50) -> 665.5
A53: Vàng = nhân viên mới ngày đầu (P22). Xanh = nhân viên đang ghi A2 (cột Ghi chú cho biết ngày thứ mấy trong 12 ngày).

Sheet Loss time 14-10
A1: LOSS TIME WHITE WOOD - 14/10/2026
A2: Week | B2: Date (Ngày) | C2: Item's Mã hàng | D2: Code Máy Hư | E2: Q'ty | F2: Số NCR/ME | G2: Khu vực phát sinh/bộ phận hỗ trợ | H2: Code | I2: Name code | J2: Chart / bộ phận chịu trách nhiệm | K2: Lí Do | L2: Ghi chú | M2: From | N2: To | O2: LossTime (Hr) | P2: HC | Q2: Loss time labor (Hrs)
A3: ="W"&WEEKNUM(B3,21) -> W42 | B3: 46309 | G3: RC - WOOD | H3: P20 | I3: Dailly Cleaning | J3: RC WOOD | K3: Vệ sinh khu vực máy móc RC WOOD | M3: 0.29166667 | N3: 0.3125 | O3: =(N3-M3)*24 -> 0.5 | P3: 7 | Q3: =P3*O3 -> 3.5
A4: ="W"&WEEKNUM(B4,21) -> W42 | B4: 46309 | G4: RC - PANEL | H4: P20 | I4: Dailly Cleaning | J4: RC - PANEL | K4: Vệ sinh khu vực máy móc RC PANEL | M4: 0.29166667 | N4: 0.3125 | O4: =(N4-M4)*24 -> 0.5 | P4: 18 | Q4: =P4*O4 -> 9
A5: ="W"&WEEKNUM(B5,21) -> W42 | B5: 46309 | G5: Machining | H5: P20 | I5: Dailly Cleaning | J5: Machining | K5: Vệ sinh khu vực máy móc MAC FINAL | M5: 0.29166667 | N5: 0.3125 | O5: =(N5-M5)*24 -> 0.5 | P5: 7 | Q5: =P5*O5 -> 3.5
A6: ="W"&WEEKNUM(B6,21) -> W42 | B6: 46309 | G6: Machining | H6: P20 | I6: Dailly Cleaning | J6: Machining | K6: Vệ sinh khu vực máy móc PRE MAC | M6: 0.29166667 | N6: 0.3125 | O6: =(N6-M6)*24 -> 0.5 | P6: 12 | Q6: =P6*O6 -> 6
A7: ="W"&WEEKNUM(B7,21) -> W42 | B7: 46309 | G7: Assembly | H7: P20 | I7: Dailly Cleaning | J7: Assembly | K7: Quét nhà toàn xưởng khu vực ASSY | M7: 0.3125 | N7: 0.83333333 | O7: =(N7-M7)*24 -> 12.5 | P7: 2 | Q7: =P7*O7 -> 25
A8: ="W"&WEEKNUM(B8,21) -> W42 | B8: 46309 | G8: RC - PANEL | H8: P26 | I8: Recorder/ Supporter | J8: RC - PANEL | K8: Shop Floor data RC PANEL | L8: Recorder | M8: 0.3125 | N8: 0.83333333 | O8: =(N8-M8)*24 -> 12.5 | P8: 4 | Q8: =P8*O8 -> 50
A9: ="W"&WEEKNUM(B9,21) -> W42 | B9: 46309 | G9: Machining | H9: P26 | I9: Recorder/ Supporter | J9: Machining | K9: Shop Floor data- STOCK ROOM | L9: Recorder | M9: 0.3125 | N9: 0.83333333 | O9: =(N9-M9)*24 -> 12.5 | P9: 1 | Q9: =P9*O9 -> 12.5
A10: ="W"&WEEKNUM(B10,21) -> W42 | B10: 46309 | G10: Machining | H10: P26 | I10: Recorder/ Supporter | J10: Machining | K10: Shop Floor data MAC FINAL | L10: Recorder | M10: 0.3125 | N10: 0.83333333 | O10: =(N10-M10)*24 -> 12.5 | P10: 1 | Q10: =P10*O10 -> 12.5
A11: ="W"&WEEKNUM(B11,21) -> W42 | B11: 46309 | G11: RC - PANEL | H11: P26 | I11: Recorder/ Supporter | J11: RC - PANEL | K11: Theo dõi Hàng venner làm xong | L11: Recorder | M11: 0.3125 | N11: 0.83333333 | O11: =(N11-M11)*24 -> 12.5 | P11: 1 | Q11: =P11*O11 -> 12.5
A12: ="W"&WEEKNUM(B12,21) -> W42 | B12: 46309 | G12: RC - PANEL | H12: P26 | I12: Recorder/ Supporter | J12: RC - PANEL | K12: Nhận venner cho ép nóng | L12: Supporter | M12: 0.3125 | N12: 0.83333333 | O12: =(N12-M12)*24 -> 12.5 | P12: 1 | Q12: =P12*O12 -> 12.5
A13: ="W"&WEEKNUM(B13,21) -> W42 | B13: 46309 | G13: RC - WOOD | H13: P26 | I13: Recorder/ Supporter | J13: RC WOOD | K13: Lựa hàng tinh giao mac- gỗ đẹp xấu | L13: Supporter | M13: 0.3125 | N13: 0.83333333 | O13: =(N13-M13)*24 -> 12.5 | P13: 1 | Q13: =P13*O13 -> 12.5
A14: ="W"&WEEKNUM(B14,21) -> W42 | B14: 46309 | G14: RC - PANEL | H14: P26 | I14: Recorder/ Supporter | J14: RC - PANEL | K14: Ghi nhận hàng giao kho | L14: Recorder | M14: 0.3125 | N14: 0.83333333 | O14: =(N14-M14)*24 -> 12.5 | P14: 1 | Q14: =P14*O14 -> 12.5
A15: ="W"&WEEKNUM(B15,21) -> W42 | B15: 46309 | G15: RC - PANEL | H15: P26 | I15: Recorder/ Supporter | J15: RC - PANEL | K15: Kiểm hàng chất lượng vào kho | L15: Supporter | M15: 0.3125 | N15: 0.83333333 | O15: =(N15-M15)*24 -> 12.5 | P15: 1 | Q15: =P15*O15 -> 12.5
A16: ="W"&WEEKNUM(B16,21) -> W42 | B16: 46309 | G16: RC - PANEL | H16: P26 | I16: Recorder/ Supporter | J16: Machining | K16: Nhận hàng gỗ đầu vào từ RC | L16: Supporter | M16: 0.3125 | N16: 0.83333333 | O16: =(N16-M16)*24 -> 12.5 | P16: 1 | Q16: =P16*O16 -> 12.5
A17: ="W"&WEEKNUM(B17,21) -> W42 | B17: 46309 | G17: Machining | H17: P26 | I17: Recorder/ Supporter | J17: Machining | K17: Ghi nhận hàng giao kho | L17: Recorder | M17: 0.3125 | N17: 0.83333333 | O17: =(N17-M17)*24 -> 12.5 | P17: 1 | Q17: =P17*O17 -> 12.5
A18: ="W"&WEEKNUM(B18,21) -> W42 | B18: 46309 | G18: Machining | H18: P26 | I18: Recorder/ Supporter | J18: Machining | K18: quét nhà toàn xưởng khu vực ASSY | L18: Supporter | M18: 0.3125 | N18: 0.83333333 | O18: =(N18-M18)*24 -> 12.5 | P18: 1 | Q18: =P18*O18 -> 12.5
A19: ="W"&WEEKNUM(B19,21) -> W42 | B19: 46309 | G19: Machining | H19: P26 | I19: Recorder/ Supporter | J19: Machining | K19: Theo hàng pilot -hàng test-spo-subcon-NCR | L19: Recorder | M19: 0.3125 | N19: 0.83333333 | O19: =(N19-M19)*24 -> 12.5 | P19: 1 | Q19: =P19*O19 -> 12.5
... A22: ="W"&WEEKNUM(B22,21) -> W42 | B22: 46309 | G22: Assembly | H22: P26 | I22: Recorder/ Supporter | J22: Assembly | K22: Giao nhận HW- phát HW cho Line sx | L22: Supporter | M22: 0.3125 | N22: 0.83333333 | O22: =(N22-M22)*24 -> 12.5 | P22: 1 | Q22: =P22*O22 -> 12.5
A23: ="W"&WEEKNUM(B23,21) -> W42 | B23: 46309 | G23: Assembly | H23: P22 | I23: HR Training New Workers | J23: HR/HSE | K23: Đào tạo công nhân mới | M23: 0.33333333 | N23: 0.66666667 | O23: =(N23-M23)*24 -> 8 | P23: 1 | Q23: =P23*O23 -> 8
A24: ="W"&WEEKNUM(B24,21) -> W42 | B24: 46309 | G24: Raw Cutting Panel | H24: A2 | I24: Training | J24: HR/HSE | K24: HC mới- 50% hiệu suất- 2 tuần-23/9 | L24: A2 ngày 12/12 - nhóm 23/9 | M24: 0.3125 | N24: 0.5 | O24: =(N24-M24)*24 -> 4.5 | P24: 3 | Q24: =P24*O24 -> 13.5
A25: ="W"&WEEKNUM(B25,21) -> W42 | B25: 46309 | G25: Raw Cutting Panel | H25: A2 | I25: Training | J25: HR/HSE | K25: HC mới- 50% hiệu suất- 2 tuần-25/9 | L25: A2 ngày 12/12 - nhóm 25/9 | M25: 0.3125 | N25: 0.5 | O25: =(N25-M25)*24 -> 4.5 | P25: 1 | Q25: =P25*O25 -> 4.5
A26: ="W"&WEEKNUM(B26,21) -> W42 | B26: 46309 | G26: Assembly | H26: A2 | I26: Training | J26: HR/HSE | K26: HC mới- 50% hiệu suất- 2 tuần-05/10 | L26: A2 ngày 8/12 - nhóm 05/10 | M26: 0.3125 | N26: 0.5 | O26: =(N26-M26)*24 -> 4.5 | P26: 6 | Q26: =P26*O26 -> 27
A27: ="W"&WEEKNUM(B27,21) -> W42 | B27: 46309 | G27: Assembly | H27: A2 | I27: Training | J27: HR/HSE | K27: HC mới- 50% hiệu suất- 2 tuần-06/10 | L27: A2 ngày 7/12 - nhóm 06/10 | M27: 0.3125 | N27: 0.5 | O27: =(N27-M27)*24 -> 4.5 | P27: 7 | Q27: =P27*O27 -> 31.5
A28: ="W"&WEEKNUM(B28,21) -> W42 | B28: 46309 | G28: Raw Cutting Panel | H28: A2 | I28: Training | J28: HR/HSE | K28: HC mới- 50% hiệu suất- 2 tuần-06/10 | L28: A2 ngày 7/12 - nhóm 06/10 | M28: 0.3125 | N28: 0.5 | O28: =(N28-M28)*24 -> 4.5 | P28: 4 | Q28: =P28*O28 -> 18
A29: ="W"&WEEKNUM(B29,21) -> W42 | B29: 46309 | G29: Machining | H29: A2 | I29: Training | J29: HR/HSE | K29: HC mới- 50% hiệu suất- 2 tuần-06/10 | L29: A2 ngày 7/12 - nhóm 06/10 | M29: 0.3125 | N29: 0.5 | O29: =(N29-M29)*24 -> 4.5 | P29: 3 | Q29: =P29*O29 -> 13.5
A30: ="W"&WEEKNUM(B30,21) -> W42 | B30: 46309 | G30: Assembly | H30: A2 | I30: Training | J30: HR/HSE | K30: HC mới- 50% hiệu suất- 2 tuần-07/10 | L30: A2 ngày 6/12 - nhóm 07/10 | M30: 0.3125 | N30: 0.5 | O30: =(N30-M30)*24 -> 4.5 | P30: 6 | Q30: =P30*O30 -> 27
A31: ="W"&WEEKNUM(B31,21) -> W42 | B31: 46309 | G31: Raw Cutting Panel | H31: A2 | I31: Training | J31: HR/HSE | K31: HC mới- 50% hiệu suất- 2 tuần-07/10 | L31: A2 ngày 6/12 - nhóm 07/10 | M31: 0.3125 | N31: 0.5 | O31: =(N31-M31)*24 -> 4.5 | P31: 2 | Q31: =P31*O31 -> 9
A32: ="W"&WEEKNUM(B32,21) -> W42 | B32: 46309 | G32: Raw Cutting Panel | H32: A2 | I32: Training | J32: HR/HSE | K32: HC mới- 50% hiệu suất- 2 tuần-08/10 | L32: A2 ngày 5/12 - nhóm 08/10 | M32: 0.3125 | N32: 0.5 | O32: =(N32-M32)*24 -> 4.5 | P32: 1 | Q32: =P32*O32 -> 4.5
A33: ="W"&WEEKNUM(B33,21) -> W42 | B33: 46309 | G33: Machining | H33: A2 | I33: Training | J33: HR/HSE | K33: HC mới- 50% hiệu suất- 2 tuần-08/10 | L33: A2 ngày 5/12 - nhóm 08/10 | M33: 0.3125 | N33: 0.5 | O33: =(N33-M33)*24 -> 4.5 | P33: 3 | Q33: =P33*O33 -> 13.5
A34: ="W"&WEEKNUM(B34,21) -> W42 | B34: 46309 | G34: Assembly | H34: A2 | I34: Training | J34: HR/HSE | K34: HC mới- 50% hiệu suất- 2 tuần-09/10 | L34: A2 ngày 4/12 - nhóm 09/10 | M34: 0.3125 | N34: 0.5 | O34: =(N34-M34)*24 -> 4.5 | P34: 6 | Q34: =P34*O34 -> 27
A35: ="W"&WEEKNUM(B35,21) -> W42 | B35: 46309 | G35: Raw Cutting Panel | H35: A2 | I35: Training | J35: HR/HSE | K35: HC mới- 50% hiệu suất- 2 tuần-09/10 | L35: A2 ngày 4/12 - nhóm 09/10 | M35: 0.3125 | N35: 0.5 | O35: =(N35-M35)*24 -> 4.5 | P35: 2 | Q35: =P35*O35 -> 9
... A40: ="W"&WEEKNUM(B40,21) -> W42 | B40: 46309 | G40: Machining | H40: A2 | I40: Training | J40: HR/HSE | K40: HC mới- 50% hiệu suất- 2 tuần-13/10 | L40: A2 ngày 1/12 - nhóm 13/10 | M40: 0.3125 | N40: 0.5 | O40: =(N40-M40)*24 -> 4.5 | P40: 1 | Q40: =P40*O40 -> 4.5
P41: Tổng | Q41: =SUM(Q3:Q40) -> 523
A43: Vàng = nhân viên mới ngày đầu (P22). Xanh = nhân viên đang ghi A2 (cột Ghi chú cho biết ngày thứ mấy trong 12 ngày).

Sheet Loss time 15-10
A1: LOSS TIME WHITE WOOD - 15/10/2026
A2: Week | B2: Date (Ngày) | C2: Item's Mã hàng | D2: Code Máy Hư | E2: Q'ty | F2: Số NCR/ME | G2: Khu vực phát sinh/bộ phận hỗ trợ | H2: Code | I2: Name code | J2: Chart / bộ phận chịu trách nhiệm | K2: Lí Do | L2: Ghi chú | M2: From | N2: To | O2: LossTime (Hr) | P2: HC | Q2: Loss time labor (Hrs)
A3: ="W"&WEEKNUM(B3,21) -> W42 | B3: 46310 | G3: RC - WOOD | H3: P20 | I3: Dailly Cleaning | J3: RC WOOD | K3: Vệ sinh khu vực máy móc RC WOOD | M3: 0.29166667 | N3: 0.3125 | O3: =(N3-M3)*24 -> 0.5 | P3: 7 | Q3: =P3*O3 -> 3.5
A4: ="W"&WEEKNUM(B4,21) -> W42 | B4: 46310 | G4: RC - PANEL | H4: P20 | I4: Dailly Cleaning | J4: RC - PANEL | K4: Vệ sinh khu vực máy móc RC PANEL | M4: 0.29166667 | N4: 0.3125 | O4: =(N4-M4)*24 -> 0.5 | P4: 18 | Q4: =P4*O4 -> 9
A5: ="W"&WEEKNUM(B5,21) -> W42 | B5: 46310 | G5: Machining | H5: P20 | I5: Dailly Cleaning | J5: Machining | K5: Vệ sinh khu vực máy móc MAC FINAL | M5: 0.29166667 | N5: 0.3125 | O5: =(N5-M5)*24 -> 0.5 | P5: 7 | Q5: =P5*O5 -> 3.5
A6: ="W"&WEEKNUM(B6,21) -> W42 | B6: 46310 | G6: Machining | H6: P20 | I6: Dailly Cleaning | J6: Machining | K6: Vệ sinh khu vực máy móc PRE MAC | M6: 0.29166667 | N6: 0.3125 | O6: =(N6-M6)*24 -> 0.5 | P6: 12 | Q6: =P6*O6 -> 6
A7: ="W"&WEEKNUM(B7,21) -> W42 | B7: 46310 | G7: Assembly | H7: P20 | I7: Dailly Cleaning | J7: Assembly | K7: Quét nhà toàn xưởng khu vực ASSY | M7: 0.3125 | N7: 0.83333333 | O7: =(N7-M7)*24 -> 12.5 | P7: 2 | Q7: =P7*O7 -> 25
A8: ="W"&WEEKNUM(B8,21) -> W42 | B8: 46310 | G8: RC - PANEL | H8: P26 | I8: Recorder/ Supporter | J8: RC - PANEL | K8: Shop Floor data RC PANEL | L8: Recorder | M8: 0.3125 | N8: 0.83333333 | O8: =(N8-M8)*24 -> 12.5 | P8: 4 | Q8: =P8*O8 -> 50
A9: ="W"&WEEKNUM(B9,21) -> W42 | B9: 46310 | G9: Machining | H9: P26 | I9: Recorder/ Supporter | J9: Machining | K9: Shop Floor data- STOCK ROOM | L9: Recorder | M9: 0.3125 | N9: 0.83333333 | O9: =(N9-M9)*24 -> 12.5 | P9: 1 | Q9: =P9*O9 -> 12.5
A10: ="W"&WEEKNUM(B10,21) -> W42 | B10: 46310 | G10: Machining | H10: P26 | I10: Recorder/ Supporter | J10: Machining | K10: Shop Floor data MAC FINAL | L10: Recorder | M10: 0.3125 | N10: 0.83333333 | O10: =(N10-M10)*24 -> 12.5 | P10: 1 | Q10: =P10*O10 -> 12.5
A11: ="W"&WEEKNUM(B11,21) -> W42 | B11: 46310 | G11: RC - PANEL | H11: P26 | I11: Recorder/ Supporter | J11: RC - PANEL | K11: Theo dõi Hàng venner làm xong | L11: Recorder | M11: 0.3125 | N11: 0.83333333 | O11: =(N11-M11)*24 -> 12.5 | P11: 1 | Q11: =P11*O11 -> 12.5
A12: ="W"&WEEKNUM(B12,21) -> W42 | B12: 46310 | G12: RC - PANEL | H12: P26 | I12: Recorder/ Supporter | J12: RC - PANEL | K12: Nhận venner cho ép nóng | L12: Supporter | M12: 0.3125 | N12: 0.83333333 | O12: =(N12-M12)*24 -> 12.5 | P12: 1 | Q12: =P12*O12 -> 12.5
A13: ="W"&WEEKNUM(B13,21) -> W42 | B13: 46310 | G13: RC - WOOD | H13: P26 | I13: Recorder/ Supporter | J13: RC WOOD | K13: Lựa hàng tinh giao mac- gỗ đẹp xấu | L13: Supporter | M13: 0.3125 | N13: 0.83333333 | O13: =(N13-M13)*24 -> 12.5 | P13: 1 | Q13: =P13*O13 -> 12.5
A14: ="W"&WEEKNUM(B14,21) -> W42 | B14: 46310 | G14: RC - PANEL | H14: P26 | I14: Recorder/ Supporter | J14: RC - PANEL | K14: Ghi nhận hàng giao kho | L14: Recorder | M14: 0.3125 | N14: 0.83333333 | O14: =(N14-M14)*24 -> 12.5 | P14: 1 | Q14: =P14*O14 -> 12.5
A15: ="W"&WEEKNUM(B15,21) -> W42 | B15: 46310 | G15: RC - PANEL | H15: P26 | I15: Recorder/ Supporter | J15: RC - PANEL | K15: Kiểm hàng chất lượng vào kho | L15: Supporter | M15: 0.3125 | N15: 0.83333333 | O15: =(N15-M15)*24 -> 12.5 | P15: 1 | Q15: =P15*O15 -> 12.5
A16: ="W"&WEEKNUM(B16,21) -> W42 | B16: 46310 | G16: RC - PANEL | H16: P26 | I16: Recorder/ Supporter | J16: Machining | K16: Nhận hàng gỗ đầu vào từ RC | L16: Supporter | M16: 0.3125 | N16: 0.83333333 | O16: =(N16-M16)*24 -> 12.5 | P16: 1 | Q16: =P16*O16 -> 12.5
A17: ="W"&WEEKNUM(B17,21) -> W42 | B17: 46310 | G17: Machining | H17: P26 | I17: Recorder/ Supporter | J17: Machining | K17: Ghi nhận hàng giao kho | L17: Recorder | M17: 0.3125 | N17: 0.83333333 | O17: =(N17-M17)*24 -> 12.5 | P17: 1 | Q17: =P17*O17 -> 12.5
A18: ="W"&WEEKNUM(B18,21) -> W42 | B18: 46310 | G18: Machining | H18: P26 | I18: Recorder/ Supporter | J18: Machining | K18: quét nhà toàn xưởng khu vực ASSY | L18: Supporter | M18: 0.3125 | N18: 0.83333333 | O18: =(N18-M18)*24 -> 12.5 | P18: 1 | Q18: =P18*O18 -> 12.5
A19: ="W"&WEEKNUM(B19,21) -> W42 | B19: 46310 | G19: Machining | H19: P26 | I19: Recorder/ Supporter | J19: Machining | K19: Theo hàng pilot -hàng test-spo-subcon-NCR | L19: Recorder | M19: 0.3125 | N19: 0.83333333 | O19: =(N19-M19)*24 -> 12.5 | P19: 1 | Q19: =P19*O19 -> 12.5
... A22: ="W"&WEEKNUM(B22,21) -> W42 | B22: 46310 | G22: Assembly | H22: P26 | I22: Recorder/ Supporter | J22: Assembly | K22: Giao nhận HW- phát HW cho Line sx | L22: Supporter | M22: 0.3125 | N22: 0.83333333 | O22: =(N22-M22)*24 -> 12.5 | P22: 1 | Q22: =P22*O22 -> 12.5
A23: ="W"&WEEKNUM(B23,21) -> W42 | B23: 46310 | G23: Assembly | H23: P22 | I23: HR Training New Workers | J23: HR/HSE | K23: Đào tạo công nhân mới | M23: 0.33333333 | N23: 0.66666667 | O23: =(N23-M23)*24 -> 8 | P23: 4 | Q23: =P23*O23 -> 32
A24: ="W"&WEEKNUM(B24,21) -> W42 | B24: 46310 | G24: Assembly | H24: A2 | I24: Training | J24: HR/HSE | K24: HC mới- 50% hiệu suất- 2 tuần-05/10 | L24: A2 ngày 9/12 - nhóm 05/10 | M24: 0.3125 | N24: 0.5 | O24: =(N24-M24)*24 -> 4.5 | P24: 6 | Q24: =P24*O24 -> 27
A25: ="W"&WEEKNUM(B25,21) -> W42 | B25: 46310 | G25: Assembly | H25: A2 | I25: Training | J25: HR/HSE | K25: HC mới- 50% hiệu suất- 2 tuần-06/10 | L25: A2 ngày 8/12 - nhóm 06/10 | M25: 0.3125 | N25: 0.5 | O25: =(N25-M25)*24 -> 4.5 | P25: 7 | Q25: =P25*O25 -> 31.5
A26: ="W"&WEEKNUM(B26,21) -> W42 | B26: 46310 | G26: Raw Cutting Panel | H26: A2 | I26: Training | J26: HR/HSE | K26: HC mới- 50% hiệu suất- 2 tuần-06/10 | L26: A2 ngày 8/12 - nhóm 06/10 | M26: 0.3125 | N26: 0.5 | O26: =(N26-M26)*24 -> 4.5 | P26: 4 | Q26: =P26*O26 -> 18
A27: ="W"&WEEKNUM(B27,21) -> W42 | B27: 46310 | G27: Machining | H27: A2 | I27: Training | J27: HR/HSE | K27: HC mới- 50% hiệu suất- 2 tuần-06/10 | L27: A2 ngày 8/12 - nhóm 06/10 | M27: 0.3125 | N27: 0.5 | O27: =(N27-M27)*24 -> 4.5 | P27: 3 | Q27: =P27*O27 -> 13.5
A28: ="W"&WEEKNUM(B28,21) -> W42 | B28: 46310 | G28: Assembly | H28: A2 | I28: Training | J28: HR/HSE | K28: HC mới- 50% hiệu suất- 2 tuần-07/10 | L28: A2 ngày 7/12 - nhóm 07/10 | M28: 0.3125 | N28: 0.5 | O28: =(N28-M28)*24 -> 4.5 | P28: 6 | Q28: =P28*O28 -> 27
A29: ="W"&WEEKNUM(B29,21) -> W42 | B29: 46310 | G29: Raw Cutting Panel | H29: A2 | I29: Training | J29: HR/HSE | K29: HC mới- 50% hiệu suất- 2 tuần-07/10 | L29: A2 ngày 7/12 - nhóm 07/10 | M29: 0.3125 | N29: 0.5 | O29: =(N29-M29)*24 -> 4.5 | P29: 2 | Q29: =P29*O29 -> 9
A30: ="W"&WEEKNUM(B30,21) -> W42 | B30: 46310 | G30: Raw Cutting Panel | H30: A2 | I30: Training | J30: HR/HSE | K30: HC mới- 50% hiệu suất- 2 tuần-08/10 | L30: A2 ngày 6/12 - nhóm 08/10 | M30: 0.3125 | N30: 0.5 | O30: =(N30-M30)*24 -> 4.5 | P30: 1 | Q30: =P30*O30 -> 4.5
A31: ="W"&WEEKNUM(B31,21) -> W42 | B31: 46310 | G31: Machining | H31: A2 | I31: Training | J31: HR/HSE | K31: HC mới- 50% hiệu suất- 2 tuần-08/10 | L31: A2 ngày 6/12 - nhóm 08/10 | M31: 0.3125 | N31: 0.5 | O31: =(N31-M31)*24 -> 4.5 | P31: 3 | Q31: =P31*O31 -> 13.5
A32: ="W"&WEEKNUM(B32,21) -> W42 | B32: 46310 | G32: Assembly | H32: A2 | I32: Training | J32: HR/HSE | K32: HC mới- 50% hiệu suất- 2 tuần-09/10 | L32: A2 ngày 5/12 - nhóm 09/10 | M32: 0.3125 | N32: 0.5 | O32: =(N32-M32)*24 -> 4.5 | P32: 6 | Q32: =P32*O32 -> 27
A33: ="W"&WEEKNUM(B33,21) -> W42 | B33: 46310 | G33: Raw Cutting Panel | H33: A2 | I33: Training | J33: HR/HSE | K33: HC mới- 50% hiệu suất- 2 tuần-09/10 | L33: A2 ngày 5/12 - nhóm 09/10 | M33: 0.3125 | N33: 0.5 | O33: =(N33-M33)*24 -> 4.5 | P33: 2 | Q33: =P33*O33 -> 9
A34: ="W"&WEEKNUM(B34,21) -> W42 | B34: 46310 | G34: Assembly | H34: A2 | I34: Training | J34: HR/HSE | K34: HC mới- 50% hiệu suất- 2 tuần-12/10 | L34: A2 ngày 3/12 - nhóm 12/10 | M34: 0.3125 | N34: 0.5 | O34: =(N34-M34)*24 -> 4.5 | P34: 2 | Q34: =P34*O34 -> 9
A35: ="W"&WEEKNUM(B35,21) -> W42 | B35: 46310 | G35: Raw Cutting Panel | H35: A2 | I35: Training | J35: HR/HSE | K35: HC mới- 50% hiệu suất- 2 tuần-12/10 | L35: A2 ngày 3/12 - nhóm 12/10 | M35: 0.3125 | N35: 0.5 | O35: =(N35-M35)*24 -> 4.5 | P35: 1 | Q35: =P35*O35 -> 4.5
... A39: ="W"&WEEKNUM(B39,21) -> W42 | B39: 46310 | G39: Assembly | H39: A2 | I39: Training | J39: HR/HSE | K39: HC mới- 50% hiệu suất- 2 tuần-14/10 | L39: A2 ngày 1/12 - nhóm 14/10 | M39: 0.3125 | N39: 0.5 | O39: =(N39-M39)*24 -> 4.5 | P39: 1 | Q39: =P39*O39 -> 4.5
P40: Tổng | Q40: =SUM(Q3:Q39) -> 533.5
A42: Vàng = nhân viên mới ngày đầu (P22). Xanh = nhân viên đang ghi A2 (cột Ghi chú cho biết ngày thứ mấy trong 12 ngày).

Sheet Loss time 16-10
A1: LOSS TIME WHITE WOOD - 16/10/2026
A2: Week | B2: Date (Ngày) | C2: Item's Mã hàng | D2: Code Máy Hư | E2: Q'ty | F2: Số NCR/ME | G2: Khu vực phát sinh/bộ phận hỗ trợ | H2: Code | I2: Name code | J2: Chart / bộ phận chịu trách nhiệm | K2: Lí Do | L2: Ghi chú | M2: From | N2: To | O2: LossTime (Hr) | P2: HC | Q2: Loss time labor (Hrs)
A3: ="W"&WEEKNUM(B3,21) -> W42 | B3: 46311 | G3: RC - WOOD | H3: P20 | I3: Dailly Cleaning | J3: RC WOOD | K3: Vệ sinh khu vực máy móc RC WOOD | M3: 0.29166667 | N3: 0.3125 | O3: =(N3-M3)*24 -> 0.5 | P3: 7 | Q3: =P3*O3 -> 3.5
A4: ="W"&WEEKNUM(B4,21) -> W42 | B4: 46311 | G4: RC - PANEL | H4: P20 | I4: Dailly Cleaning | J4: RC - PANEL | K4: Vệ sinh khu vực máy móc RC PANEL | M4: 0.29166667 | N4: 0.3125 | O4: =(N4-M4)*24 -> 0.5 | P4: 18 | Q4: =P4*O4 -> 9
A5: ="W"&WEEKNUM(B5,21) -> W42 | B5: 46311 | G5: Machining | H5: P20 | I5: Dailly Cleaning | J5: Machining | K5: Vệ sinh khu vực máy móc MAC FINAL | M5: 0.29166667 | N5: 0.3125 | O5: =(N5-M5)*24 -> 0.5 | P5: 7 | Q5: =P5*O5 -> 3.5
A6: ="W"&WEEKNUM(B6,21) -> W42 | B6: 46311 | G6: Machining | H6: P20 | I6: Dailly Cleaning | J6: Machining | K6: Vệ sinh khu vực máy móc PRE MAC | M6: 0.29166667 | N6: 0.3125 | O6: =(N6-M6)*24 -> 0.5 | P6: 12 | Q6: =P6*O6 -> 6
A7: ="W"&WEEKNUM(B7,21) -> W42 | B7: 46311 | G7: Assembly | H7: P20 | I7: Dailly Cleaning | J7: Assembly | K7: Quét nhà toàn xưởng khu vực ASSY | M7: 0.3125 | N7: 0.83333333 | O7: =(N7-M7)*24 -> 12.5 | P7: 2 | Q7: =P7*O7 -> 25
A8: ="W"&WEEKNUM(B8,21) -> W42 | B8: 46311 | G8: RC - PANEL | H8: P26 | I8: Recorder/ Supporter | J8: RC - PANEL | K8: Shop Floor data RC PANEL | L8: Recorder | M8: 0.3125 | N8: 0.83333333 | O8: =(N8-M8)*24 -> 12.5 | P8: 4 | Q8: =P8*O8 -> 50
A9: ="W"&WEEKNUM(B9,21) -> W42 | B9: 46311 | G9: Machining | H9: P26 | I9: Recorder/ Supporter | J9: Machining | K9: Shop Floor data- STOCK ROOM | L9: Recorder | M9: 0.3125 | N9: 0.83333333 | O9: =(N9-M9)*24 -> 12.5 | P9: 1 | Q9: =P9*O9 -> 12.5
A10: ="W"&WEEKNUM(B10,21) -> W42 | B10: 46311 | G10: Machining | H10: P26 | I10: Recorder/ Supporter | J10: Machining | K10: Shop Floor data MAC FINAL | L10: Recorder | M10: 0.3125 | N10: 0.83333333 | O10: =(N10-M10)*24 -> 12.5 | P10: 1 | Q10: =P10*O10 -> 12.5
A11: ="W"&WEEKNUM(B11,21) -> W42 | B11: 46311 | G11: RC - PANEL | H11: P26 | I11: Recorder/ Supporter | J11: RC - PANEL | K11: Theo dõi Hàng venner làm xong | L11: Recorder | M11: 0.3125 | N11: 0.83333333 | O11: =(N11-M11)*24 -> 12.5 | P11: 1 | Q11: =P11*O11 -> 12.5
A12: ="W"&WEEKNUM(B12,21) -> W42 | B12: 46311 | G12: RC - PANEL | H12: P26 | I12: Recorder/ Supporter | J12: RC - PANEL | K12: Nhận venner cho ép nóng | L12: Supporter | M12: 0.3125 | N12: 0.83333333 | O12: =(N12-M12)*24 -> 12.5 | P12: 1 | Q12: =P12*O12 -> 12.5
A13: ="W"&WEEKNUM(B13,21) -> W42 | B13: 46311 | G13: RC - WOOD | H13: P26 | I13: Recorder/ Supporter | J13: RC WOOD | K13: Lựa hàng tinh giao mac- gỗ đẹp xấu | L13: Supporter | M13: 0.3125 | N13: 0.83333333 | O13: =(N13-M13)*24 -> 12.5 | P13: 1 | Q13: =P13*O13 -> 12.5
A14: ="W"&WEEKNUM(B14,21) -> W42 | B14: 46311 | G14: RC - PANEL | H14: P26 | I14: Recorder/ Supporter | J14: RC - PANEL | K14: Ghi nhận hàng giao kho | L14: Recorder | M14: 0.3125 | N14: 0.83333333 | O14: =(N14-M14)*24 -> 12.5 | P14: 1 | Q14: =P14*O14 -> 12.5
A15: ="W"&WEEKNUM(B15,21) -> W42 | B15: 46311 | G15: RC - PANEL | H15: P26 | I15: Recorder/ Supporter | J15: RC - PANEL | K15: Kiểm hàng chất lượng vào kho | L15: Supporter | M15: 0.3125 | N15: 0.83333333 | O15: =(N15-M15)*24 -> 12.5 | P15: 1 | Q15: =P15*O15 -> 12.5
A16: ="W"&WEEKNUM(B16,21) -> W42 | B16: 46311 | G16: RC - PANEL | H16: P26 | I16: Recorder/ Supporter | J16: Machining | K16: Nhận hàng gỗ đầu vào từ RC | L16: Supporter | M16: 0.3125 | N16: 0.83333333 | O16: =(N16-M16)*24 -> 12.5 | P16: 1 | Q16: =P16*O16 -> 12.5
A17: ="W"&WEEKNUM(B17,21) -> W42 | B17: 46311 | G17: Machining | H17: P26 | I17: Recorder/ Supporter | J17: Machining | K17: Ghi nhận hàng giao kho | L17: Recorder | M17: 0.3125 | N17: 0.83333333 | O17: =(N17-M17)*24 -> 12.5 | P17: 1 | Q17: =P17*O17 -> 12.5
A18: ="W"&WEEKNUM(B18,21) -> W42 | B18: 46311 | G18: Machining | H18: P26 | I18: Recorder/ Supporter | J18: Machining | K18: quét nhà toàn xưởng khu vực ASSY | L18: Supporter | M18: 0.3125 | N18: 0.83333333 | O18: =(N18-M18)*24 -> 12.5 | P18: 1 | Q18: =P18*O18 -> 12.5
A19: ="W"&WEEKNUM(B19,21) -> W42 | B19: 46311 | G19: Machining | H19: P26 | I19: Recorder/ Supporter | J19: Machining | K19: Theo hàng pilot -hàng test-spo-subcon-NCR | L19: Recorder | M19: 0.3125 | N19: 0.83333333 | O19: =(N19-M19)*24 -> 12.5 | P19: 1 | Q19: =P19*O19 -> 12.5
... A22: ="W"&WEEKNUM(B22,21) -> W42 | B22: 46311 | G22: Assembly | H22: P26 | I22: Recorder/ Supporter | J22: Assembly | K22: Giao nhận HW- phát HW cho Line sx | L22: Supporter | M22: 0.3125 | N22: 0.83333333 | O22: =(N22-M22)*24 -> 12.5 | P22: 1 | Q22: =P22*O22 -> 12.5
A23: ="W"&WEEKNUM(B23,21) -> W42 | B23: 46311 | G23: Assembly | H23: P22 | I23: HR Training New Workers | J23: HR/HSE | K23: Đào tạo công nhân mới | M23: 0.33333333 | N23: 0.66666667 | O23: =(N23-M23)*24 -> 8 | P23: 1 | Q23: =P23*O23 -> 8
A24: ="W"&WEEKNUM(B24,21) -> W42 | B24: 46311 | G24: Assembly | H24: A2 | I24: Training | J24: HR/HSE | K24: HC mới- 50% hiệu suất- 2 tuần-05/10 | L24: A2 ngày 10/12 - nhóm 05/10 | M24: 0.3125 | N24: 0.5 | O24: =(N24-M24)*24 -> 4.5 | P24: 6 | Q24: =P24*O24 -> 27
A25: ="W"&WEEKNUM(B25,21) -> W42 | B25: 46311 | G25: Assembly | H25: A2 | I25: Training | J25: HR/HSE | K25: HC mới- 50% hiệu suất- 2 tuần-06/10 | L25: A2 ngày 9/12 - nhóm 06/10 | M25: 0.3125 | N25: 0.5 | O25: =(N25-M25)*24 -> 4.5 | P25: 7 | Q25: =P25*O25 -> 31.5
A26: ="W"&WEEKNUM(B26,21) -> W42 | B26: 46311 | G26: Raw Cutting Panel | H26: A2 | I26: Training | J26: HR/HSE | K26: HC mới- 50% hiệu suất- 2 tuần-06/10 | L26: A2 ngày 9/12 - nhóm 06/10 | M26: 0.3125 | N26: 0.5 | O26: =(N26-M26)*24 -> 4.5 | P26: 4 | Q26: =P26*O26 -> 18
A27: ="W"&WEEKNUM(B27,21) -> W42 | B27: 46311 | G27: Machining | H27: A2 | I27: Training | J27: HR/HSE | K27: HC mới- 50% hiệu suất- 2 tuần-06/10 | L27: A2 ngày 9/12 - nhóm 06/10 | M27: 0.3125 | N27: 0.5 | O27: =(N27-M27)*24 -> 4.5 | P27: 3 | Q27: =P27*O27 -> 13.5
A28: ="W"&WEEKNUM(B28,21) -> W42 | B28: 46311 | G28: Assembly | H28: A2 | I28: Training | J28: HR/HSE | K28: HC mới- 50% hiệu suất- 2 tuần-07/10 | L28: A2 ngày 8/12 - nhóm 07/10 | M28: 0.3125 | N28: 0.5 | O28: =(N28-M28)*24 -> 4.5 | P28: 6 | Q28: =P28*O28 -> 27
A29: ="W"&WEEKNUM(B29,21) -> W42 | B29: 46311 | G29: Raw Cutting Panel | H29: A2 | I29: Training | J29: HR/HSE | K29: HC mới- 50% hiệu suất- 2 tuần-07/10 | L29: A2 ngày 8/12 - nhóm 07/10 | M29: 0.3125 | N29: 0.5 | O29: =(N29-M29)*24 -> 4.5 | P29: 2 | Q29: =P29*O29 -> 9
A30: ="W"&WEEKNUM(B30,21) -> W42 | B30: 46311 | G30: Raw Cutting Panel | H30: A2 | I30: Training | J30: HR/HSE | K30: HC mới- 50% hiệu suất- 2 tuần-08/10 | L30: A2 ngày 7/12 - nhóm 08/10 | M30: 0.3125 | N30: 0.5 | O30: =(N30-M30)*24 -> 4.5 | P30: 1 | Q30: =P30*O30 -> 4.5
A31: ="W"&WEEKNUM(B31,21) -> W42 | B31: 46311 | G31: Machining | H31: A2 | I31: Training | J31: HR/HSE | K31: HC mới- 50% hiệu suất- 2 tuần-08/10 | L31: A2 ngày 7/12 - nhóm 08/10 | M31: 0.3125 | N31: 0.5 | O31: =(N31-M31)*24 -> 4.5 | P31: 3 | Q31: =P31*O31 -> 13.5
A32: ="W"&WEEKNUM(B32,21) -> W42 | B32: 46311 | G32: Assembly | H32: A2 | I32: Training | J32: HR/HSE | K32: HC mới- 50% hiệu suất- 2 tuần-09/10 | L32: A2 ngày 6/12 - nhóm 09/10 | M32: 0.3125 | N32: 0.5 | O32: =(N32-M32)*24 -> 4.5 | P32: 6 | Q32: =P32*O32 -> 27
A33: ="W"&WEEKNUM(B33,21) -> W42 | B33: 46311 | G33: Raw Cutting Panel | H33: A2 | I33: Training | J33: HR/HSE | K33: HC mới- 50% hiệu suất- 2 tuần-09/10 | L33: A2 ngày 6/12 - nhóm 09/10 | M33: 0.3125 | N33: 0.5 | O33: =(N33-M33)*24 -> 4.5 | P33: 2 | Q33: =P33*O33 -> 9
A34: ="W"&WEEKNUM(B34,21) -> W42 | B34: 46311 | G34: Assembly | H34: A2 | I34: Training | J34: HR/HSE | K34: HC mới- 50% hiệu suất- 2 tuần-12/10 | L34: A2 ngày 4/12 - nhóm 12/10 | M34: 0.3125 | N34: 0.5 | O34: =(N34-M34)*24 -> 4.5 | P34: 2 | Q34: =P34*O34 -> 9
A35: ="W"&WEEKNUM(B35,21) -> W42 | B35: 46311 | G35: Raw Cutting Panel | H35: A2 | I35: Training | J35: HR/HSE | K35: HC mới- 50% hiệu suất- 2 tuần-12/10 | L35: A2 ngày 4/12 - nhóm 12/10 | M35: 0.3125 | N35: 0.5 | O35: =(N35-M35)*24 -> 4.5 | P35: 1 | Q35: =P35*O35 -> 4.5
... A40: ="W"&WEEKNUM(B40,21) -> W42 | B40: 46311 | G40: Assembly | H40: A2 | I40: Training | J40: HR/HSE | K40: HC mới- 50% hiệu suất- 2 tuần-15/10 | L40: A2 ngày 1/12 - nhóm 15/10 | M40: 0.3125 | N40: 0.5 | O40: =(N40-M40)*24 -> 4.5 | P40: 4 | Q40: =P40*O40 -> 18
P41: Tổng | Q41: =SUM(Q3:Q40) -> 527.5
A43: Vàng = nhân viên mới ngày đầu (P22). Xanh = nhân viên đang ghi A2 (cột Ghi chú cho biết ngày thứ mấy trong 12 ngày).

Sheet Loss time 17-10
A1: LOSS TIME WHITE WOOD - 17/10/2026
A2: Week | B2: Date (Ngày) | C2: Item's Mã hàng | D2: Code Máy Hư | E2: Q'ty | F2: Số NCR/ME | G2: Khu vực phát sinh/bộ phận hỗ trợ | H2: Code | I2: Name code | J2: Chart / bộ phận chịu trách nhiệm | K2: Lí Do | L2: Ghi chú | M2: From | N2: To | O2: LossTime (Hr) | P2: HC | Q2: Loss time labor (Hrs)
A3: ="W"&WEEKNUM(B3,21) -> W42 | B3: 46312 | G3: RC - WOOD | H3: P20 | I3: Dailly Cleaning | J3: RC WOOD | K3: Vệ sinh khu vực máy móc RC WOOD | M3: 0.29166667 | N3: 0.3125 | O3: =(N3-M3)*24 -> 0.5 | P3: 7 | Q3: =P3*O3 -> 3.5
A4: ="W"&WEEKNUM(B4,21) -> W42 | B4: 46312 | G4: RC - PANEL | H4: P20 | I4: Dailly Cleaning | J4: RC - PANEL | K4: Vệ sinh khu vực máy móc RC PANEL | M4: 0.29166667 | N4: 0.3125 | O4: =(N4-M4)*24 -> 0.5 | P4: 18 | Q4: =P4*O4 -> 9
A5: ="W"&WEEKNUM(B5,21) -> W42 | B5: 46312 | G5: Machining | H5: P20 | I5: Dailly Cleaning | J5: Machining | K5: Vệ sinh khu vực máy móc MAC FINAL | M5: 0.29166667 | N5: 0.3125 | O5: =(N5-M5)*24 -> 0.5 | P5: 7 | Q5: =P5*O5 -> 3.5
A6: ="W"&WEEKNUM(B6,21) -> W42 | B6: 46312 | G6: Machining | H6: P20 | I6: Dailly Cleaning | J6: Machining | K6: Vệ sinh khu vực máy móc PRE MAC | M6: 0.29166667 | N6: 0.3125 | O6: =(N6-M6)*24 -> 0.5 | P6: 12 | Q6: =P6*O6 -> 6
A7: ="W"&WEEKNUM(B7,21) -> W42 | B7: 46312 | G7: Assembly | H7: P20 | I7: Dailly Cleaning | J7: Assembly | K7: Quét nhà toàn xưởng khu vực ASSY | M7: 0.3125 | N7: 0.64583333 | O7: =(N7-M7)*24 -> 8 | P7: 2 | Q7: =P7*O7 -> 16
A8: ="W"&WEEKNUM(B8,21) -> W42 | B8: 46312 | G8: RC - PANEL | H8: P26 | I8: Recorder/ Supporter | J8: RC - PANEL | K8: Shop Floor data RC PANEL | L8: Recorder | M8: 0.3125 | N8: 0.64583333 | O8: =(N8-M8)*24 -> 8 | P8: 4 | Q8: =P8*O8 -> 32
A9: ="W"&WEEKNUM(B9,21) -> W42 | B9: 46312 | G9: Machining | H9: P26 | I9: Recorder/ Supporter | J9: Machining | K9: Shop Floor data- STOCK ROOM | L9: Recorder | M9: 0.3125 | N9: 0.64583333 | O9: =(N9-M9)*24 -> 8 | P9: 1 | Q9: =P9*O9 -> 8
A10: ="W"&WEEKNUM(B10,21) -> W42 | B10: 46312 | G10: Machining | H10: P26 | I10: Recorder/ Supporter | J10: Machining | K10: Shop Floor data MAC FINAL | L10: Recorder | M10: 0.3125 | N10: 0.64583333 | O10: =(N10-M10)*24 -> 8 | P10: 1 | Q10: =P10*O10 -> 8
A11: ="W"&WEEKNUM(B11,21) -> W42 | B11: 46312 | G11: RC - PANEL | H11: P26 | I11: Recorder/ Supporter | J11: RC - PANEL | K11: Theo dõi Hàng venner làm xong | L11: Recorder | M11: 0.3125 | N11: 0.64583333 | O11: =(N11-M11)*24 -> 8 | P11: 1 | Q11: =P11*O11 -> 8
A12: ="W"&WEEKNUM(B12,21) -> W42 | B12: 46312 | G12: RC - PANEL | H12: P26 | I12: Recorder/ Supporter | J12: RC - PANEL | K12: Nhận venner cho ép nóng | L12: Supporter | M12: 0.3125 | N12: 0.64583333 | O12: =(N12-M12)*24 -> 8 | P12: 1 | Q12: =P12*O12 -> 8
A13: ="W"&WEEKNUM(B13,21) -> W42 | B13: 46312 | G13: RC - WOOD | H13: P26 | I13: Recorder/ Supporter | J13: RC WOOD | K13: Lựa hàng tinh giao mac- gỗ đẹp xấu | L13: Supporter | M13: 0.3125 | N13: 0.64583333 | O13: =(N13-M13)*24 -> 8 | P13: 1 | Q13: =P13*O13 -> 8
A14: ="W"&WEEKNUM(B14,21) -> W42 | B14: 46312 | G14: RC - PANEL | H14: P26 | I14: Recorder/ Supporter | J14: RC - PANEL | K14: Ghi nhận hàng giao kho | L14: Recorder | M14: 0.3125 | N14: 0.64583333 | O14: =(N14-M14)*24 -> 8 | P14: 1 | Q14: =P14*O14 -> 8
A15: ="W"&WEEKNUM(B15,21) -> W42 | B15: 46312 | G15: RC - PANEL | H15: P26 | I15: Recorder/ Supporter | J15: RC - PANEL | K15: Kiểm hàng chất lượng vào kho | L15: Supporter | M15: 0.3125 | N15: 0.64583333 | O15: =(N15-M15)*24 -> 8 | P15: 1 | Q15: =P15*O15 -> 8
A16: ="W"&WEEKNUM(B16,21) -> W42 | B16: 46312 | G16: RC - PANEL | H16: P26 | I16: Recorder/ Supporter | J16: Machining | K16: Nhận hàng gỗ đầu vào từ RC | L16: Supporter | M16: 0.3125 | N16: 0.64583333 | O16: =(N16-M16)*24 -> 8 | P16: 1 | Q16: =P16*O16 -> 8
A17: ="W"&WEEKNUM(B17,21) -> W42 | B17: 46312 | G17: Machining | H17: P26 | I17: Recorder/ Supporter | J17: Machining | K17: Ghi nhận hàng giao kho | L17: Recorder | M17: 0.3125 | N17: 0.64583333 | O17: =(N17-M17)*24 -> 8 | P17: 1 | Q17: =P17*O17 -> 8
A18: ="W"&WEEKNUM(B18,21) -> W42 | B18: 46312 | G18: Machining | H18: P26 | I18: Recorder/ Supporter | J18: Machining | K18: quét nhà toàn xưởng khu vực ASSY | L18: Supporter | M18: 0.3125 | N18: 0.64583333 | O18: =(N18-M18)*24 -> 8 | P18: 1 | Q18: =P18*O18 -> 8
A19: ="W"&WEEKNUM(B19,21) -> W42 | B19: 46312 | G19: Machining | H19: P26 | I19: Recorder/ Supporter | J19: Machining | K19: Theo hàng pilot -hàng test-spo-subcon-NCR | L19: Recorder | M19: 0.3125 | N19: 0.64583333 | O19: =(N19-M19)*24 -> 8 | P19: 1 | Q19: =P19*O19 -> 8
... A40: ="W"&WEEKNUM(B40,21) -> W42 | B40: 46312 | G40: Assembly | H40: A2 | I40: Training | J40: HR/HSE | K40: HC mới- 50% hiệu suất- 2 tuần-16/10 | L40: A2 ngày 1/12 - nhóm 16/10 | M40: 0.3125 | N40: 0.5 | O40: =(N40-M40)*24 -> 4.5 | P40: 1 | Q40: =P40*O40 -> 4.5
P41: Tổng | Q41: =SUM(Q3:Q40) -> 434
A43: Vàng = nhân viên mới ngày đầu (P22). Xanh = nhân viên đang ghi A2 (cột Ghi chú cho biết ngày thứ mấy trong 12 ngày).

Sheet Loss time 19-10
A1: LOSS TIME WHITE WOOD - 19/10/2026
A2: Week | B2: Date (Ngày) | C2: Item's Mã hàng | D2: Code Máy Hư | E2: Q'ty | F2: Số NCR/ME | G2: Khu vực phát sinh/bộ phận hỗ trợ | H2: Code | I2: Name code | J2: Chart / bộ phận chịu trách nhiệm | K2: Lí Do | L2: Ghi chú | M2: From | N2: To | O2: LossTime (Hr) | P2: HC | Q2: Loss time labor (Hrs)
A3: ="W"&WEEKNUM(B3,21) -> W43 | B3: 46314 | G3: RC - WOOD | H3: P20 | I3: Dailly Cleaning | J3: RC WOOD | K3: Vệ sinh khu vực máy móc RC WOOD | M3: 0.29166667 | N3: 0.3125 | O3: =(N3-M3)*24 -> 0.5 | P3: 7 | Q3: =P3*O3 -> 3.5
A4: ="W"&WEEKNUM(B4,21) -> W43 | B4: 46314 | G4: RC - PANEL | H4: P20 | I4: Dailly Cleaning | J4: RC - PANEL | K4: Vệ sinh khu vực máy móc RC PANEL | M4: 0.29166667 | N4: 0.3125 | O4: =(N4-M4)*24 -> 0.5 | P4: 18 | Q4: =P4*O4 -> 9
A5: ="W"&WEEKNUM(B5,21) -> W43 | B5: 46314 | G5: Machining | H5: P20 | I5: Dailly Cleaning | J5: Machining | K5: Vệ sinh khu vực máy móc MAC FINAL | M5: 0.29166667 | N5: 0.3125 | O5: =(N5-M5)*24 -> 0.5 | P5: 7 | Q5: =P5*O5 -> 3.5
A6: ="W"&WEEKNUM(B6,21) -> W43 | B6: 46314 | G6: Machining | H6: P20 | I6: Dailly Cleaning | J6: Machining | K6: Vệ sinh khu vực máy móc PRE MAC | M6: 0.29166667 | N6: 0.3125 | O6: =(N6-M6)*24 -> 0.5 | P6: 12 | Q6: =P6*O6 -> 6
A7: ="W"&WEEKNUM(B7,21) -> W43 | B7: 46314 | G7: Assembly | H7: P20 | I7: Dailly Cleaning | J7: Assembly | K7: Quét nhà toàn xưởng khu vực ASSY | M7: 0.3125 | N7: 0.83333333 | O7: =(N7-M7)*24 -> 12.5 | P7: 2 | Q7: =P7*O7 -> 25
A8: ="W"&WEEKNUM(B8,21) -> W43 | B8: 46314 | G8: RC - PANEL | H8: P26 | I8: Recorder/ Supporter | J8: RC - PANEL | K8: Shop Floor data RC PANEL | L8: Recorder | M8: 0.3125 | N8: 0.83333333 | O8: =(N8-M8)*24 -> 12.5 | P8: 4 | Q8: =P8*O8 -> 50
A9: ="W"&WEEKNUM(B9,21) -> W43 | B9: 46314 | G9: Machining | H9: P26 | I9: Recorder/ Supporter | J9: Machining | K9: Shop Floor data- STOCK ROOM | L9: Recorder | M9: 0.3125 | N9: 0.83333333 | O9: =(N9-M9)*24 -> 12.5 | P9: 1 | Q9: =P9*O9 -> 12.5
A10: ="W"&WEEKNUM(B10,21) -> W43 | B10: 46314 | G10: Machining | H10: P26 | I10: Recorder/ Supporter | J10: Machining | K10: Shop Floor data MAC FINAL | L10: Recorder | M10: 0.3125 | N10: 0.83333333 | O10: =(N10-M10)*24 -> 12.5 | P10: 1 | Q10: =P10*O10 -> 12.5
A11: ="W"&WEEKNUM(B11,21) -> W43 | B11: 46314 | G11: RC - PANEL | H11: P26 | I11: Recorder/ Supporter | J11: RC - PANEL | K11: Theo dõi Hàng venner làm xong | L11: Recorder | M11: 0.3125 | N11: 0.83333333 | O11: =(N11-M11)*24 -> 12.5 | P11: 1 | Q11: =P11*O11 -> 12.5
A12: ="W"&WEEKNUM(B12,21) -> W43 | B12: 46314 | G12: RC - PANEL | H12: P26 | I12: Recorder/ Supporter | J12: RC - PANEL | K12: Nhận venner cho ép nóng | L12: Supporter | M12: 0.3125 | N12: 0.83333333 | O12: =(N12-M12)*24 -> 12.5 | P12: 1 | Q12: =P12*O12 -> 12.5
A13: ="W"&WEEKNUM(B13,21) -> W43 | B13: 46314 | G13: RC - WOOD | H13: P26 | I13: Recorder/ Supporter | J13: RC WOOD | K13: Lựa hàng tinh giao mac- gỗ đẹp xấu | L13: Supporter | M13: 0.3125 | N13: 0.83333333 | O13: =(N13-M13)*24 -> 12.5 | P13: 1 | Q13: =P13*O13 -> 12.5
A14: ="W"&WEEKNUM(B14,21) -> W43 | B14: 46314 | G14: RC - PANEL | H14: P26 | I14: Recorder/ Supporter | J14: RC - PANEL | K14: Ghi nhận hàng giao kho | L14: Recorder | M14: 0.3125 | N14: 0.83333333 | O14: =(N14-M14)*24 -> 12.5 | P14: 1 | Q14: =P14*O14 -> 12.5
A15: ="W"&WEEKNUM(B15,21) -> W43 | B15: 46314 | G15: RC - PANEL | H15: P26 | I15: Recorder/ Supporter | J15: RC - PANEL | K15: Kiểm hàng chất lượng vào kho | L15: Supporter | M15: 0.3125 | N15: 0.83333333 | O15: =(N15-M15)*24 -> 12.5 | P15: 1 | Q15: =P15*O15 -> 12.5
A16: ="W"&WEEKNUM(B16,21) -> W43 | B16: 46314 | G16: RC - PANEL | H16: P26 | I16: Recorder/ Supporter | J16: Machining | K16: Nhận hàng gỗ đầu vào từ RC | L16: Supporter | M16: 0.3125 | N16: 0.83333333 | O16: =(N16-M16)*24 -> 12.5 | P16: 1 | Q16: =P16*O16 -> 12.5
A17: ="W"&WEEKNUM(B17,21) -> W43 | B17: 46314 | G17: Machining | H17: P26 | I17: Recorder/ Supporter | J17: Machining | K17: Ghi nhận hàng giao kho | L17: Recorder | M17: 0.3125 | N17: 0.83333333 | O17: =(N17-M17)*24 -> 12.5 | P17: 1 | Q17: =P17*O17 -> 12.5
A18: ="W"&WEEKNUM(B18,21) -> W43 | B18: 46314 | G18: Machining | H18: P26 | I18: Recorder/ Supporter | J18: Machining | K18: quét nhà toàn xưởng khu vực ASSY | L18: Supporter | M18: 0.3125 | N18: 0.83333333 | O18: =(N18-M18)*24 -> 12.5 | P18: 1 | Q18: =P18*O18 -> 12.5
A19: ="W"&WEEKNUM(B19,21) -> W43 | B19: 46314 | G19: Machining | H19: P26 | I19: Recorder/ Supporter | J19: Machining | K19: Theo hàng pilot -hàng test-spo-subcon-NCR | L19: Recorder | M19: 0.3125 | N19: 0.83333333 | O19: =(N19-M19)*24 -> 12.5 | P19: 1 | Q19: =P19*O19 -> 12.5
... A22: ="W"&WEEKNUM(B22,21) -> W43 | B22: 46314 | G22: Assembly | H22: P26 | I22: Recorder/ Supporter | J22: Assembly | K22: Giao nhận HW- phát HW cho Line sx | L22: Supporter | M22: 0.3125 | N22: 0.83333333 | O22: =(N22-M22)*24 -> 12.5 | P22: 1 | Q22: =P22*O22 -> 12.5
A23: ="W"&WEEKNUM(B23,21) -> W43 | B23: 46314 | G23: Assembly | H23: P22 | I23: HR Training New Workers | J23: HR/HSE | K23: Đào tạo công nhân mới | M23: 0.33333333 | N23: 0.66666667 | O23: =(N23-M23)*24 -> 8 | P23: 2 | Q23: =P23*O23 -> 16
A24: ="W"&WEEKNUM(B24,21) -> W43 | B24: 46314 | G24: Machining | H24: P22 | I24: HR Training New Workers | J24: HR/HSE | K24: Đào tạo công nhân mới | M24: 0.33333333 | N24: 0.66666667 | O24: =(N24-M24)*24 -> 8 | P24: 1 | Q24: =P24*O24 -> 8
A25: ="W"&WEEKNUM(B25,21) -> W43 | B25: 46314 | G25: Assembly | H25: A2 | I25: Training | J25: HR/HSE | K25: HC mới- 50% hiệu suất- 2 tuần-05/10 | L25: A2 ngày 12/12 - nhóm 05/10 | M25: 0.3125 | N25: 0.5 | O25: =(N25-M25)*24 -> 4.5 | P25: 6 | Q25: =P25*O25 -> 27
A26: ="W"&WEEKNUM(B26,21) -> W43 | B26: 46314 | G26: Assembly | H26: A2 | I26: Training | J26: HR/HSE | K26: HC mới- 50% hiệu suất- 2 tuần-06/10 | L26: A2 ngày 11/12 - nhóm 06/10 | M26: 0.3125 | N26: 0.5 | O26: =(N26-M26)*24 -> 4.5 | P26: 7 | Q26: =P26*O26 -> 31.5
A27: ="W"&WEEKNUM(B27,21) -> W43 | B27: 46314 | G27: Raw Cutting Panel | H27: A2 | I27: Training | J27: HR/HSE | K27: HC mới- 50% hiệu suất- 2 tuần-06/10 | L27: A2 ngày 11/12 - nhóm 06/10 | M27: 0.3125 | N27: 0.5 | O27: =(N27-M27)*24 -> 4.5 | P27: 4 | Q27: =P27*O27 -> 18
A28: ="W"&WEEKNUM(B28,21) -> W43 | B28: 46314 | G28: Machining | H28: A2 | I28: Training | J28: HR/HSE | K28: HC mới- 50% hiệu suất- 2 tuần-06/10 | L28: A2 ngày 11/12 - nhóm 06/10 | M28: 0.3125 | N28: 0.5 | O28: =(N28-M28)*24 -> 4.5 | P28: 3 | Q28: =P28*O28 -> 13.5
A29: ="W"&WEEKNUM(B29,21) -> W43 | B29: 46314 | G29: Assembly | H29: A2 | I29: Training | J29: HR/HSE | K29: HC mới- 50% hiệu suất- 2 tuần-07/10 | L29: A2 ngày 10/12 - nhóm 07/10 | M29: 0.3125 | N29: 0.5 | O29: =(N29-M29)*24 -> 4.5 | P29: 6 | Q29: =P29*O29 -> 27
A30: ="W"&WEEKNUM(B30,21) -> W43 | B30: 46314 | G30: Raw Cutting Panel | H30: A2 | I30: Training | J30: HR/HSE | K30: HC mới- 50% hiệu suất- 2 tuần-07/10 | L30: A2 ngày 10/12 - nhóm 07/10 | M30: 0.3125 | N30: 0.5 | O30: =(N30-M30)*24 -> 4.5 | P30: 2 | Q30: =P30*O30 -> 9
A31: ="W"&WEEKNUM(B31,21) -> W43 | B31: 46314 | G31: Raw Cutting Panel | H31: A2 | I31: Training | J31: HR/HSE | K31: HC mới- 50% hiệu suất- 2 tuần-08/10 | L31: A2 ngày 9/12 - nhóm 08/10 | M31: 0.3125 | N31: 0.5 | O31: =(N31-M31)*24 -> 4.5 | P31: 1 | Q31: =P31*O31 -> 4.5
A32: ="W"&WEEKNUM(B32,21) -> W43 | B32: 46314 | G32: Machining | H32: A2 | I32: Training | J32: HR/HSE | K32: HC mới- 50% hiệu suất- 2 tuần-08/10 | L32: A2 ngày 9/12 - nhóm 08/10 | M32: 0.3125 | N32: 0.5 | O32: =(N32-M32)*24 -> 4.5 | P32: 3 | Q32: =P32*O32 -> 13.5
A33: ="W"&WEEKNUM(B33,21) -> W43 | B33: 46314 | G33: Assembly | H33: A2 | I33: Training | J33: HR/HSE | K33: HC mới- 50% hiệu suất- 2 tuần-09/10 | L33: A2 ngày 8/12 - nhóm 09/10 | M33: 0.3125 | N33: 0.5 | O33: =(N33-M33)*24 -> 4.5 | P33: 6 | Q33: =P33*O33 -> 27
A34: ="W"&WEEKNUM(B34,21) -> W43 | B34: 46314 | G34: Raw Cutting Panel | H34: A2 | I34: Training | J34: HR/HSE | K34: HC mới- 50% hiệu suất- 2 tuần-09/10 | L34: A2 ngày 8/12 - nhóm 09/10 | M34: 0.3125 | N34: 0.5 | O34: =(N34-M34)*24 -> 4.5 | P34: 2 | Q34: =P34*O34 -> 9
A35: ="W"&WEEKNUM(B35,21) -> W43 | B35: 46314 | G35: Assembly | H35: A2 | I35: Training | J35: HR/HSE | K35: HC mới- 50% hiệu suất- 2 tuần-12/10 | L35: A2 ngày 6/12 - nhóm 12/10 | M35: 0.3125 | N35: 0.5 | O35: =(N35-M35)*24 -> 4.5 | P35: 2 | Q35: =P35*O35 -> 9
A36: ="W"&WEEKNUM(B36,21) -> W43 | B36: 46314 | G36: Raw Cutting Panel | H36: A2 | I36: Training | J36: HR/HSE | K36: HC mới- 50% hiệu suất- 2 tuần-12/10 | L36: A2 ngày 6/12 - nhóm 12/10 | M36: 0.3125 | N36: 0.5 | O36: =(N36-M36)*24 -> 4.5 | P36: 1 | Q36: =P36*O36 -> 4.5
... A42: ="W"&WEEKNUM(B42,21) -> W43 | B42: 46314 | G42: Assembly | H42: A2 | I42: Training | J42: HR/HSE | K42: HC mới- 50% hiệu suất- 2 tuần-16/10 | L42: A2 ngày 2/12 - nhóm 16/10 | M42: 0.3125 | N42: 0.5 | O42: =(N42-M42)*24 -> 4.5 | P42: 1 | Q42: =P42*O42 -> 4.5
P43: Tổng | Q43: =SUM(Q3:Q42) -> 548
A45: Vàng = nhân viên mới ngày đầu (P22). Xanh = nhân viên đang ghi A2 (cột Ghi chú cho biết ngày thứ mấy trong 12 ngày).

Sheet Loss time 20-10
A1: LOSS TIME WHITE WOOD - 20/10/2026
A2: Week | B2: Date (Ngày) | C2: Item's Mã hàng | D2: Code Máy Hư | E2: Q'ty | F2: Số NCR/ME | G2: Khu vực phát sinh/bộ phận hỗ trợ | H2: Code | I2: Name code | J2: Chart / bộ phận chịu trách nhiệm | K2: Lí Do | L2: Ghi chú | M2: From | N2: To | O2: LossTime (Hr) | P2: HC | Q2: Loss time labor (Hrs)
A3: ="W"&WEEKNUM(B3,21) -> W43 | B3: 46315 | G3: RC - WOOD | H3: P20 | I3: Dailly Cleaning | J3: RC WOOD | K3: Vệ sinh khu vực máy móc RC WOOD | M3: 0.29166667 | N3: 0.3125 | O3: =(N3-M3)*24 -> 0.5 | P3: 7 | Q3: =P3*O3 -> 3.5
A4: ="W"&WEEKNUM(B4,21) -> W43 | B4: 46315 | G4: RC - PANEL | H4: P20 | I4: Dailly Cleaning | J4: RC - PANEL | K4: Vệ sinh khu vực máy móc RC PANEL | M4: 0.29166667 | N4: 0.3125 | O4: =(N4-M4)*24 -> 0.5 | P4: 18 | Q4: =P4*O4 -> 9
A5: ="W"&WEEKNUM(B5,21) -> W43 | B5: 46315 | G5: Machining | H5: P20 | I5: Dailly Cleaning | J5: Machining | K5: Vệ sinh khu vực máy móc MAC FINAL | M5: 0.29166667 | N5: 0.3125 | O5: =(N5-M5)*24 -> 0.5 | P5: 7 | Q5: =P5*O5 -> 3.5
A6: ="W"&WEEKNUM(B6,21) -> W43 | B6: 46315 | G6: Machining | H6: P20 | I6: Dailly Cleaning | J6: Machining | K6: Vệ sinh khu vực máy móc PRE MAC | M6: 0.29166667 | N6: 0.3125 | O6: =(N6-M6)*24 -> 0.5 | P6: 12 | Q6: =P6*O6 -> 6
A7: ="W"&WEEKNUM(B7,21) -> W43 | B7: 46315 | G7: Assembly | H7: P20 | I7: Dailly Cleaning | J7: Assembly | K7: Quét nhà toàn xưởng khu vực ASSY | M7: 0.3125 | N7: 0.83333333 | O7: =(N7-M7)*24 -> 12.5 | P7: 2 | Q7: =P7*O7 -> 25
A8: ="W"&WEEKNUM(B8,21) -> W43 | B8: 46315 | G8: RC - PANEL | H8: P26 | I8: Recorder/ Supporter | J8: RC - PANEL | K8: Shop Floor data RC PANEL | L8: Recorder | M8: 0.3125 | N8: 0.83333333 | O8: =(N8-M8)*24 -> 12.5 | P8: 4 | Q8: =P8*O8 -> 50
A9: ="W"&WEEKNUM(B9,21) -> W43 | B9: 46315 | G9: Machining | H9: P26 | I9: Recorder/ Supporter | J9: Machining | K9: Shop Floor data- STOCK ROOM | L9: Recorder | M9: 0.3125 | N9: 0.83333333 | O9: =(N9-M9)*24 -> 12.5 | P9: 1 | Q9: =P9*O9 -> 12.5
A10: ="W"&WEEKNUM(B10,21) -> W43 | B10: 46315 | G10: Machining | H10: P26 | I10: Recorder/ Supporter | J10: Machining | K10: Shop Floor data MAC FINAL | L10: Recorder | M10: 0.3125 | N10: 0.83333333 | O10: =(N10-M10)*24 -> 12.5 | P10: 1 | Q10: =P10*O10 -> 12.5
A11: ="W"&WEEKNUM(B11,21) -> W43 | B11: 46315 | G11: RC - PANEL | H11: P26 | I11: Recorder/ Supporter | J11: RC - PANEL | K11: Theo dõi Hàng venner làm xong | L11: Recorder | M11: 0.3125 | N11: 0.83333333 | O11: =(N11-M11)*24 -> 12.5 | P11: 1 | Q11: =P11*O11 -> 12.5
A12: ="W"&WEEKNUM(B12,21) -> W43 | B12: 46315 | G12: RC - PANEL | H12: P26 | I12: Recorder/ Supporter | J12: RC - PANEL | K12: Nhận venner cho ép nóng | L12: Supporter | M12: 0.3125 | N12: 0.83333333 | O12: =(N12-M12)*24 -> 12.5 | P12: 1 | Q12: =P12*O12 -> 12.5
A13: ="W"&WEEKNUM(B13,21) -> W43 | B13: 46315 | G13: RC - WOOD | H13: P26 | I13: Recorder/ Supporter | J13: RC WOOD | K13: Lựa hàng tinh giao mac- gỗ đẹp xấu | L13: Supporter | M13: 0.3125 | N13: 0.83333333 | O13: =(N13-M13)*24 -> 12.5 | P13: 1 | Q13: =P13*O13 -> 12.5
A14: ="W"&WEEKNUM(B14,21) -> W43 | B14: 46315 | G14: RC - PANEL | H14: P26 | I14: Recorder/ Supporter | J14: RC - PANEL | K14: Ghi nhận hàng giao kho | L14: Recorder | M14: 0.3125 | N14: 0.83333333 | O14: =(N14-M14)*24 -> 12.5 | P14: 1 | Q14: =P14*O14 -> 12.5
A15: ="W"&WEEKNUM(B15,21) -> W43 | B15: 46315 | G15: RC - PANEL | H15: P26 | I15: Recorder/ Supporter | J15: RC - PANEL | K15: Kiểm hàng chất lượng vào kho | L15: Supporter | M15: 0.3125 | N15: 0.83333333 | O15: =(N15-M15)*24 -> 12.5 | P15: 1 | Q15: =P15*O15 -> 12.5
A16: ="W"&WEEKNUM(B16,21) -> W43 | B16: 46315 | G16: RC - PANEL | H16: P26 | I16: Recorder/ Supporter | J16: Machining | K16: Nhận hàng gỗ đầu vào từ RC | L16: Supporter | M16: 0.3125 | N16: 0.83333333 | O16: =(N16-M16)*24 -> 12.5 | P16: 1 | Q16: =P16*O16 -> 12.5
A17: ="W"&WEEKNUM(B17,21) -> W43 | B17: 46315 | G17: Machining | H17: P26 | I17: Recorder/ Supporter | J17: Machining | K17: Ghi nhận hàng giao kho | L17: Recorder | M17: 0.3125 | N17: 0.83333333 | O17: =(N17-M17)*24 -> 12.5 | P17: 1 | Q17: =P17*O17 -> 12.5
A18: ="W"&WEEKNUM(B18,21) -> W43 | B18: 46315 | G18: Machining | H18: P26 | I18: Recorder/ Supporter | J18: Machining | K18: quét nhà toàn xưởng khu vực ASSY | L18: Supporter | M18: 0.3125 | N18: 0.83333333 | O18: =(N18-M18)*24 -> 12.5 | P18: 1 | Q18: =P18*O18 -> 12.5
A19: ="W"&WEEKNUM(B19,21) -> W43 | B19: 46315 | G19: Machining | H19: P26 | I19: Recorder/ Supporter | J19: Machining | K19: Theo hàng pilot -hàng test-spo-subcon-NCR | L19: Recorder | M19: 0.3125 | N19: 0.83333333 | O19: =(N19-M19)*24 -> 12.5 | P19: 1 | Q19: =P19*O19 -> 12.5
... A22: ="W"&WEEKNUM(B22,21) -> W43 | B22: 46315 | G22: Assembly | H22: P26 | I22: Recorder/ Supporter | J22: Assembly | K22: Giao nhận HW- phát HW cho Line sx | L22: Supporter | M22: 0.3125 | N22: 0.83333333 | O22: =(N22-M22)*24 -> 12.5 | P22: 1 | Q22: =P22*O22 -> 12.5
A23: ="W"&WEEKNUM(B23,21) -> W43 | B23: 46315 | G23: Assembly | H23: P22 | I23: HR Training New Workers | J23: HR/HSE | K23: Đào tạo công nhân mới | M23: 0.33333333 | N23: 0.66666667 | O23: =(N23-M23)*24 -> 8 | P23: 4 | Q23: =P23*O23 -> 32
A24: ="W"&WEEKNUM(B24,21) -> W43 | B24: 46315 | G24: Machining | H24: P22 | I24: HR Training New Workers | J24: HR/HSE | K24: Đào tạo công nhân mới | M24: 0.33333333 | N24: 0.66666667 | O24: =(N24-M24)*24 -> 8 | P24: 2 | Q24: =P24*O24 -> 16
A25: ="W"&WEEKNUM(B25,21) -> W43 | B25: 46315 | G25: Assembly | H25: A2 | I25: Training | J25: HR/HSE | K25: HC mới- 50% hiệu suất- 2 tuần-06/10 | L25: A2 ngày 12/12 - nhóm 06/10 | M25: 0.3125 | N25: 0.5 | O25: =(N25-M25)*24 -> 4.5 | P25: 7 | Q25: =P25*O25 -> 31.5
A26: ="W"&WEEKNUM(B26,21) -> W43 | B26: 46315 | G26: Raw Cutting Panel | H26: A2 | I26: Training | J26: HR/HSE | K26: HC mới- 50% hiệu suất- 2 tuần-06/10 | L26: A2 ngày 12/12 - nhóm 06/10 | M26: 0.3125 | N26: 0.5 | O26: =(N26-M26)*24 -> 4.5 | P26: 4 | Q26: =P26*O26 -> 18
A27: ="W"&WEEKNUM(B27,21) -> W43 | B27: 46315 | G27: Machining | H27: A2 | I27: Training | J27: HR/HSE | K27: HC mới- 50% hiệu suất- 2 tuần-06/10 | L27: A2 ngày 12/12 - nhóm 06/10 | M27: 0.3125 | N27: 0.5 | O27: =(N27-M27)*24 -> 4.5 | P27: 3 | Q27: =P27*O27 -> 13.5
A28: ="W"&WEEKNUM(B28,21) -> W43 | B28: 46315 | G28: Assembly | H28: A2 | I28: Training | J28: HR/HSE | K28: HC mới- 50% hiệu suất- 2 tuần-07/10 | L28: A2 ngày 11/12 - nhóm 07/10 | M28: 0.3125 | N28: 0.5 | O28: =(N28-M28)*24 -> 4.5 | P28: 6 | Q28: =P28*O28 -> 27
A29: ="W"&WEEKNUM(B29,21) -> W43 | B29: 46315 | G29: Raw Cutting Panel | H29: A2 | I29: Training | J29: HR/HSE | K29: HC mới- 50% hiệu suất- 2 tuần-07/10 | L29: A2 ngày 11/12 - nhóm 07/10 | M29: 0.3125 | N29: 0.5 | O29: =(N29-M29)*24 -> 4.5 | P29: 2 | Q29: =P29*O29 -> 9
A30: ="W"&WEEKNUM(B30,21) -> W43 | B30: 46315 | G30: Raw Cutting Panel | H30: A2 | I30: Training | J30: HR/HSE | K30: HC mới- 50% hiệu suất- 2 tuần-08/10 | L30: A2 ngày 10/12 - nhóm 08/10 | M30: 0.3125 | N30: 0.5 | O30: =(N30-M30)*24 -> 4.5 | P30: 1 | Q30: =P30*O30 -> 4.5
A31: ="W"&WEEKNUM(B31,21) -> W43 | B31: 46315 | G31: Machining | H31: A2 | I31: Training | J31: HR/HSE | K31: HC mới- 50% hiệu suất- 2 tuần-08/10 | L31: A2 ngày 10/12 - nhóm 08/10 | M31: 0.3125 | N31: 0.5 | O31: =(N31-M31)*24 -> 4.5 | P31: 3 | Q31: =P31*O31 -> 13.5
A32: ="W"&WEEKNUM(B32,21) -> W43 | B32: 46315 | G32: Assembly | H32: A2 | I32: Training | J32: HR/HSE | K32: HC mới- 50% hiệu suất- 2 tuần-09/10 | L32: A2 ngày 9/12 - nhóm 09/10 | M32: 0.3125 | N32: 0.5 | O32: =(N32-M32)*24 -> 4.5 | P32: 6 | Q32: =P32*O32 -> 27
A33: ="W"&WEEKNUM(B33,21) -> W43 | B33: 46315 | G33: Raw Cutting Panel | H33: A2 | I33: Training | J33: HR/HSE | K33: HC mới- 50% hiệu suất- 2 tuần-09/10 | L33: A2 ngày 9/12 - nhóm 09/10 | M33: 0.3125 | N33: 0.5 | O33: =(N33-M33)*24 -> 4.5 | P33: 2 | Q33: =P33*O33 -> 9
A34: ="W"&WEEKNUM(B34,21) -> W43 | B34: 46315 | G34: Assembly | H34: A2 | I34: Training | J34: HR/HSE | K34: HC mới- 50% hiệu suất- 2 tuần-12/10 | L34: A2 ngày 7/12 - nhóm 12/10 | M34: 0.3125 | N34: 0.5 | O34: =(N34-M34)*24 -> 4.5 | P34: 2 | Q34: =P34*O34 -> 9
A35: ="W"&WEEKNUM(B35,21) -> W43 | B35: 46315 | G35: Raw Cutting Panel | H35: A2 | I35: Training | J35: HR/HSE | K35: HC mới- 50% hiệu suất- 2 tuần-12/10 | L35: A2 ngày 7/12 - nhóm 12/10 | M35: 0.3125 | N35: 0.5 | O35: =(N35-M35)*24 -> 4.5 | P35: 1 | Q35: =P35*O35 -> 4.5
A36: ="W"&WEEKNUM(B36,21) -> W43 | B36: 46315 | G36: Assembly | H36: A2 | I36: Training | J36: HR/HSE | K36: HC mới- 50% hiệu suất- 2 tuần-13/10 | L36: A2 ngày 6/12 - nhóm 13/10 | M36: 0.3125 | N36: 0.5 | O36: =(N36-M36)*24 -> 4.5 | P36: 2 | Q36: =P36*O36 -> 9
... A43: ="W"&WEEKNUM(B43,21) -> W43 | B43: 46315 | G43: Machining | H43: A2 | I43: Training | J43: HR/HSE | K43: HC mới- 50% hiệu suất- 2 tuần-19/10 | L43: A2 ngày 1/12 - nhóm 19/10 | M43: 0.3125 | N43: 0.5 | O43: =(N43-M43)*24 -> 4.5 | P43: 1 | Q43: =P43*O43 -> 4.5
P44: Tổng | Q44: =SUM(Q3:Q43) -> 558.5
A46: Vàng = nhân viên mới ngày đầu (P22). Xanh = nhân viên đang ghi A2 (cột Ghi chú cho biết ngày thứ mấy trong 12 ngày).

Sheet Loss time 21-10
A1: LOSS TIME WHITE WOOD - 21/10/2026
A2: Week | B2: Date (Ngày) | C2: Item's Mã hàng | D2: Code Máy Hư | E2: Q'ty | F2: Số NCR/ME | G2: Khu vực phát sinh/bộ phận hỗ trợ | H2: Code | I2: Name code | J2: Chart / bộ phận chịu trách nhiệm | K2: Lí Do | L2: Ghi chú | M2: From | N2: To | O2: LossTime (Hr) | P2: HC | Q2: Loss time labor (Hrs)
A3: ="W"&WEEKNUM(B3,21) -> W43 | B3: 46316 | G3: RC - WOOD | H3: P20 | I3: Dailly Cleaning | J3: RC WOOD | K3: Vệ sinh khu vực máy móc RC WOOD | M3: 0.29166667 | N3: 0.3125 | O3: =(N3-M3)*24 -> 0.5 | P3: 7 | Q3: =P3*O3 -> 3.5
A4: ="W"&WEEKNUM(B4,21) -> W43 | B4: 46316 | G4: RC - PANEL | H4: P20 | I4: Dailly Cleaning | J4: RC - PANEL | K4: Vệ sinh khu vực máy móc RC PANEL | M4: 0.29166667 | N4: 0.3125 | O4: =(N4-M4)*24 -> 0.5 | P4: 18 | Q4: =P4*O4 -> 9
A5: ="W"&WEEKNUM(B5,21) -> W43 | B5: 46316 | G5: Machining | H5: P20 | I5: Dailly Cleaning | J5: Machining | K5: Vệ sinh khu vực máy móc MAC FINAL | M5: 0.29166667 | N5: 0.3125 | O5: =(N5-M5)*24 -> 0.5 | P5: 7 | Q5: =P5*O5 -> 3.5
A6: ="W"&WEEKNUM(B6,21) -> W43 | B6: 46316 | G6: Machining | H6: P20 | I6: Dailly Cleaning | J6: Machining | K6: Vệ sinh khu vực máy móc PRE MAC | M6: 0.29166667 | N6: 0.3125 | O6: =(N6-M6)*24 -> 0.5 | P6: 12 | Q6: =P6*O6 -> 6
A7: ="W"&WEEKNUM(B7,21) -> W43 | B7: 46316 | G7: Assembly | H7: P20 | I7: Dailly Cleaning | J7: Assembly | K7: Quét nhà toàn xưởng khu vực ASSY | M7: 0.3125 | N7: 0.83333333 | O7: =(N7-M7)*24 -> 12.5 | P7: 2 | Q7: =P7*O7 -> 25
A8: ="W"&WEEKNUM(B8,21) -> W43 | B8: 46316 | G8: RC - PANEL | H8: P26 | I8: Recorder/ Supporter | J8: RC - PANEL | K8: Shop Floor data RC PANEL | L8: Recorder | M8: 0.3125 | N8: 0.83333333 | O8: =(N8-M8)*24 -> 12.5 | P8: 4 | Q8: =P8*O8 -> 50
A9: ="W"&WEEKNUM(B9,21) -> W43 | B9: 46316 | G9: Machining | H9: P26 | I9: Recorder/ Supporter | J9: Machining | K9: Shop Floor data- STOCK ROOM | L9: Recorder | M9: 0.3125 | N9: 0.83333333 | O9: =(N9-M9)*24 -> 12.5 | P9: 1 | Q9: =P9*O9 -> 12.5
A10: ="W"&WEEKNUM(B10,21) -> W43 | B10: 46316 | G10: Machining | H10: P26 | I10: Recorder/ Supporter | J10: Machining | K10: Shop Floor data MAC FINAL | L10: Recorder | M10: 0.3125 | N10: 0.83333333 | O10: =(N10-M10)*24 -> 12.5 | P10: 1 | Q10: =P10*O10 -> 12.5
A11: ="W"&WEEKNUM(B11,21) -> W43 | B11: 46316 | G11: RC - PANEL | H11: P26 | I11: Recorder/ Supporter | J11: RC - PANEL | K11: Theo dõi Hàng venner làm xong | L11: Recorder | M11: 0.3125 | N11: 0.83333333 | O11: =(N11-M11)*24 -> 12.5 | P11: 1 | Q11: =P11*O11 -> 12.5
A12: ="W"&WEEKNUM(B12,21) -> W43 | B12: 46316 | G12: RC - PANEL | H12: P26 | I12: Recorder/ Supporter | J12: RC - PANEL | K12: Nhận venner cho ép nóng | L12: Supporter | M12: 0.3125 | N12: 0.83333333 | O12: =(N12-M12)*24 -> 12.5 | P12: 1 | Q12: =P12*O12 -> 12.5
A13: ="W"&WEEKNUM(B13,21) -> W43 | B13: 46316 | G13: RC - WOOD | H13: P26 | I13: Recorder/ Supporter | J13: RC WOOD | K13: Lựa hàng tinh giao mac- gỗ đẹp xấu | L13: Supporter | M13: 0.3125 | N13: 0.83333333 | O13: =(N13-M13)*24 -> 12.5 | P13: 1 | Q13: =P13*O13 -> 12.5
A14: ="W"&WEEKNUM(B14,21) -> W43 | B14: 46316 | G14: RC - PANEL | H14: P26 | I14: Recorder/ Supporter | J14: RC - PANEL | K14: Ghi nhận hàng giao kho | L14: Recorder | M14: 0.3125 | N14: 0.83333333 | O14: =(N14-M14)*24 -> 12.5 | P14: 1 | Q14: =P14*O14 -> 12.5
A15: ="W"&WEEKNUM(B15,21) -> W43 | B15: 46316 | G15: RC - PANEL | H15: P26 | I15: Recorder/ Supporter | J15: RC - PANEL | K15: Kiểm hàng chất lượng vào kho | L15: Supporter | M15: 0.3125 | N15: 0.83333333 | O15: =(N15-M15)*24 -> 12.5 | P15: 1 | Q15: =P15*O15 -> 12.5
A16: ="W"&WEEKNUM(B16,21) -> W43 | B16: 46316 | G16: RC - PANEL | H16: P26 | I16: Recorder/ Supporter | J16: Machining | K16: Nhận hàng gỗ đầu vào từ RC | L16: Supporter | M16: 0.3125 | N16: 0.83333333 | O16: =(N16-M16)*24 -> 12.5 | P16: 1 | Q16: =P16*O16 -> 12.5
A17: ="W"&WEEKNUM(B17,21) -> W43 | B17: 46316 | G17: Machining | H17: P26 | I17: Recorder/ Supporter | J17: Machining | K17: Ghi nhận hàng giao kho | L17: Recorder | M17: 0.3125 | N17: 0.83333333 | O17: =(N17-M17)*24 -> 12.5 | P17: 1 | Q17: =P17*O17 -> 12.5
A18: ="W"&WEEKNUM(B18,21) -> W43 | B18: 46316 | G18: Machining | H18: P26 | I18: Recorder/ Supporter | J18: Machining | K18: quét nhà toàn xưởng khu vực ASSY | L18: Supporter | M18: 0.3125 | N18: 0.83333333 | O18: =(N18-M18)*24 -> 12.5 | P18: 1 | Q18: =P18*O18 -> 12.5
A19: ="W"&WEEKNUM(B19,21) -> W43 | B19: 46316 | G19: Machining | H19: P26 | I19: Recorder/ Supporter | J19: Machining | K19: Theo hàng pilot -hàng test-spo-subcon-NCR | L19: Recorder | M19: 0.3125 | N19: 0.83333333 | O19: =(N19-M19)*24 -> 12.5 | P19: 1 | Q19: =P19*O19 -> 12.5
... A22: ="W"&WEEKNUM(B22,21) -> W43 | B22: 46316 | G22: Assembly | H22: P26 | I22: Recorder/ Supporter | J22: Assembly | K22: Giao nhận HW- phát HW cho Line sx | L22: Supporter | M22: 0.3125 | N22: 0.83333333 | O22: =(N22-M22)*24 -> 12.5 | P22: 1 | Q22: =P22*O22 -> 12.5
A23: ="W"&WEEKNUM(B23,21) -> W43 | B23: 46316 | G23: Raw Cutting Panel | H23: P22 | I23: HR Training New Workers | J23: HR/HSE | K23: Đào tạo công nhân mới | M23: 0.33333333 | N23: 0.66666667 | O23: =(N23-M23)*24 -> 8 | P23: 1 | Q23: =P23*O23 -> 8
A24: ="W"&WEEKNUM(B24,21) -> W43 | B24: 46316 | G24: Machining | H24: P22 | I24: HR Training New Workers | J24: HR/HSE | K24: Đào tạo công nhân mới | M24: 0.33333333 | N24: 0.66666667 | O24: =(N24-M24)*24 -> 8 | P24: 2 | Q24: =P24*O24 -> 16
A25: ="W"&WEEKNUM(B25,21) -> W43 | B25: 46316 | G25: Assembly | H25: P22 | I25: HR Training New Workers | J25: HR/HSE | K25: Đào tạo công nhân mới | M25: 0.33333333 | N25: 0.66666667 | O25: =(N25-M25)*24 -> 8 | P25: 2 | Q25: =P25*O25 -> 16
A26: ="W"&WEEKNUM(B26,21) -> W43 | B26: 46316 | G26: Assembly | H26: A2 | I26: Training | J26: HR/HSE | K26: HC mới- 50% hiệu suất- 2 tuần-07/10 | L26: A2 ngày 12/12 - nhóm 07/10 | M26: 0.3125 | N26: 0.5 | O26: =(N26-M26)*24 -> 4.5 | P26: 6 | Q26: =P26*O26 -> 27
A27: ="W"&WEEKNUM(B27,21) -> W43 | B27: 46316 | G27: Raw Cutting Panel | H27: A2 | I27: Training | J27: HR/HSE | K27: HC mới- 50% hiệu suất- 2 tuần-07/10 | L27: A2 ngày 12/12 - nhóm 07/10 | M27: 0.3125 | N27: 0.5 | O27: =(N27-M27)*24 -> 4.5 | P27: 2 | Q27: =P27*O27 -> 9
A28: ="W"&WEEKNUM(B28,21) -> W43 | B28: 46316 | G28: Raw Cutting Panel | H28: A2 | I28: Training | J28: HR/HSE | K28: HC mới- 50% hiệu suất- 2 tuần-08/10 | L28: A2 ngày 11/12 - nhóm 08/10 | M28: 0.3125 | N28: 0.5 | O28: =(N28-M28)*24 -> 4.5 | P28: 1 | Q28: =P28*O28 -> 4.5
A29: ="W"&WEEKNUM(B29,21) -> W43 | B29: 46316 | G29: Machining | H29: A2 | I29: Training | J29: HR/HSE | K29: HC mới- 50% hiệu suất- 2 tuần-08/10 | L29: A2 ngày 11/12 - nhóm 08/10 | M29: 0.3125 | N29: 0.5 | O29: =(N29-M29)*24 -> 4.5 | P29: 3 | Q29: =P29*O29 -> 13.5
A30: ="W"&WEEKNUM(B30,21) -> W43 | B30: 46316 | G30: Assembly | H30: A2 | I30: Training | J30: HR/HSE | K30: HC mới- 50% hiệu suất- 2 tuần-09/10 | L30: A2 ngày 10/12 - nhóm 09/10 | M30: 0.3125 | N30: 0.5 | O30: =(N30-M30)*24 -> 4.5 | P30: 6 | Q30: =P30*O30 -> 27
A31: ="W"&WEEKNUM(B31,21) -> W43 | B31: 46316 | G31: Raw Cutting Panel | H31: A2 | I31: Training | J31: HR/HSE | K31: HC mới- 50% hiệu suất- 2 tuần-09/10 | L31: A2 ngày 10/12 - nhóm 09/10 | M31: 0.3125 | N31: 0.5 | O31: =(N31-M31)*24 -> 4.5 | P31: 2 | Q31: =P31*O31 -> 9
A32: ="W"&WEEKNUM(B32,21) -> W43 | B32: 46316 | G32: Assembly | H32: A2 | I32: Training | J32: HR/HSE | K32: HC mới- 50% hiệu suất- 2 tuần-12/10 | L32: A2 ngày 8/12 - nhóm 12/10 | M32: 0.3125 | N32: 0.5 | O32: =(N32-M32)*24 -> 4.5 | P32: 2 | Q32: =P32*O32 -> 9
A33: ="W"&WEEKNUM(B33,21) -> W43 | B33: 46316 | G33: Raw Cutting Panel | H33: A2 | I33: Training | J33: HR/HSE | K33: HC mới- 50% hiệu suất- 2 tuần-12/10 | L33: A2 ngày 8/12 - nhóm 12/10 | M33: 0.3125 | N33: 0.5 | O33: =(N33-M33)*24 -> 4.5 | P33: 1 | Q33: =P33*O33 -> 4.5
A34: ="W"&WEEKNUM(B34,21) -> W43 | B34: 46316 | G34: Assembly | H34: A2 | I34: Training | J34: HR/HSE | K34: HC mới- 50% hiệu suất- 2 tuần-13/10 | L34: A2 ngày 7/12 - nhóm 13/10 | M34: 0.3125 | N34: 0.5 | O34: =(N34-M34)*24 -> 4.5 | P34: 2 | Q34: =P34*O34 -> 9
A35: ="W"&WEEKNUM(B35,21) -> W43 | B35: 46316 | G35: Raw Cutting Panel | H35: A2 | I35: Training | J35: HR/HSE | K35: HC mới- 50% hiệu suất- 2 tuần-13/10 | L35: A2 ngày 7/12 - nhóm 13/10 | M35: 0.3125 | N35: 0.5 | O35: =(N35-M35)*24 -> 4.5 | P35: 4 | Q35: =P35*O35 -> 18
A36: ="W"&WEEKNUM(B36,21) -> W43 | B36: 46316 | G36: Machining | H36: A2 | I36: Training | J36: HR/HSE | K36: HC mới- 50% hiệu suất- 2 tuần-13/10 | L36: A2 ngày 7/12 - nhóm 13/10 | M36: 0.3125 | N36: 0.5 | O36: =(N36-M36)*24 -> 4.5 | P36: 1 | Q36: =P36*O36 -> 4.5
A37: ="W"&WEEKNUM(B37,21) -> W43 | B37: 46316 | G37: Assembly | H37: A2 | I37: Training | J37: HR/HSE | K37: HC mới- 50% hiệu suất- 2 tuần-14/10 | L37: A2 ngày 6/12 - nhóm 14/10 | M37: 0.3125 | N37: 0.5 | O37: =(N37-M37)*24 -> 4.5 | P37: 1 | Q37: =P37*O37 -> 4.5
... A43: ="W"&WEEKNUM(B43,21) -> W43 | B43: 46316 | G43: Machining | H43: A2 | I43: Training | J43: HR/HSE | K43: HC mới- 50% hiệu suất- 2 tuần-20/10 | L43: A2 ngày 1/12 - nhóm 20/10 | M43: 0.3125 | N43: 0.5 | O43: =(N43-M43)*24 -> 4.5 | P43: 2 | Q43: =P43*O43 -> 9
P44: Tổng | Q44: =SUM(Q3:Q43) -> 514.5
A46: Vàng = nhân viên mới ngày đầu (P22). Xanh = nhân viên đang ghi A2 (cột Ghi chú cho biết ngày thứ mấy trong 12 ngày).

Sheet Loss time 22-10
A1: LOSS TIME WHITE WOOD - 22/10/2026
A2: Week | B2: Date (Ngày) | C2: Item's Mã hàng | D2: Code Máy Hư | E2: Q'ty | F2: Số NCR/ME | G2: Khu vực phát sinh/bộ phận hỗ trợ | H2: Code | I2: Name code | J2: Chart / bộ phận chịu trách nhiệm | K2: Lí Do | L2: Ghi chú | M2: From | N2: To | O2: LossTime (Hr) | P2: HC | Q2: Loss time labor (Hrs)
A3: ="W"&WEEKNUM(B3,21) -> W43 | B3: 46317 | G3: RC - WOOD | H3: P20 | I3: Dailly Cleaning | J3: RC WOOD | K3: Vệ sinh khu vực máy móc RC WOOD | M3: 0.29166667 | N3: 0.3125 | O3: =(N3-M3)*24 -> 0.5 | P3: 7 | Q3: =P3*O3 -> 3.5
A4: ="W"&WEEKNUM(B4,21) -> W43 | B4: 46317 | G4: RC - PANEL | H4: P20 | I4: Dailly Cleaning | J4: RC - PANEL | K4: Vệ sinh khu vực máy móc RC PANEL | M4: 0.29166667 | N4: 0.3125 | O4: =(N4-M4)*24 -> 0.5 | P4: 18 | Q4: =P4*O4 -> 9
A5: ="W"&WEEKNUM(B5,21) -> W43 | B5: 46317 | G5: Machining | H5: P20 | I5: Dailly Cleaning | J5: Machining | K5: Vệ sinh khu vực máy móc MAC FINAL | M5: 0.29166667 | N5: 0.3125 | O5: =(N5-M5)*24 -> 0.5 | P5: 7 | Q5: =P5*O5 -> 3.5
A6: ="W"&WEEKNUM(B6,21) -> W43 | B6: 46317 | G6: Machining | H6: P20 | I6: Dailly Cleaning | J6: Machining | K6: Vệ sinh khu vực máy móc PRE MAC | M6: 0.29166667 | N6: 0.3125 | O6: =(N6-M6)*24 -> 0.5 | P6: 12 | Q6: =P6*O6 -> 6
A7: ="W"&WEEKNUM(B7,21) -> W43 | B7: 46317 | G7: Assembly | H7: P20 | I7: Dailly Cleaning | J7: Assembly | K7: Quét nhà toàn xưởng khu vực ASSY | M7: 0.3125 | N7: 0.83333333 | O7: =(N7-M7)*24 -> 12.5 | P7: 2 | Q7: =P7*O7 -> 25
A8: ="W"&WEEKNUM(B8,21) -> W43 | B8: 46317 | G8: RC - PANEL | H8: P26 | I8: Recorder/ Supporter | J8: RC - PANEL | K8: Shop Floor data RC PANEL | L8: Recorder | M8: 0.3125 | N8: 0.83333333 | O8: =(N8-M8)*24 -> 12.5 | P8: 4 | Q8: =P8*O8 -> 50
A9: ="W"&WEEKNUM(B9,21) -> W43 | B9: 46317 | G9: Machining | H9: P26 | I9: Recorder/ Supporter | J9: Machining | K9: Shop Floor data- STOCK ROOM | L9: Recorder | M9: 0.3125 | N9: 0.83333333 | O9: =(N9-M9)*24 -> 12.5 | P9: 1 | Q9: =P9*O9 -> 12.5
A10: ="W"&WEEKNUM(B10,21) -> W43 | B10: 46317 | G10: Machining | H10: P26 | I10: Recorder/ Supporter | J10: Machining | K10: Shop Floor data MAC FINAL | L10: Recorder | M10: 0.3125 | N10: 0.83333333 | O10: =(N10-M10)*24 -> 12.5 | P10: 1 | Q10: =P10*O10 -> 12.5
A11: ="W"&WEEKNUM(B11,21) -> W43 | B11: 46317 | G11: RC - PANEL | H11: P26 | I11: Recorder/ Supporter | J11: RC - PANEL | K11: Theo dõi Hàng venner làm xong | L11: Recorder | M11: 0.3125 | N11: 0.83333333 | O11: =(N11-M11)*24 -> 12.5 | P11: 1 | Q11: =P11*O11 -> 12.5
A12: ="W"&WEEKNUM(B12,21) -> W43 | B12: 46317 | G12: RC - PANEL | H12: P26 | I12: Recorder/ Supporter | J12: RC - PANEL | K12: Nhận venner cho ép nóng | L12: Supporter | M12: 0.3125 | N12: 0.83333333 | O12: =(N12-M12)*24 -> 12.5 | P12: 1 | Q12: =P12*O12 -> 12.5
A13: ="W"&WEEKNUM(B13,21) -> W43 | B13: 46317 | G13: RC - WOOD | H13: P26 | I13: Recorder/ Supporter | J13: RC WOOD | K13: Lựa hàng tinh giao mac- gỗ đẹp xấu | L13: Supporter | M13: 0.3125 | N13: 0.83333333 | O13: =(N13-M13)*24 -> 12.5 | P13: 1 | Q13: =P13*O13 -> 12.5
A14: ="W"&WEEKNUM(B14,21) -> W43 | B14: 46317 | G14: RC - PANEL | H14: P26 | I14: Recorder/ Supporter | J14: RC - PANEL | K14: Ghi nhận hàng giao kho | L14: Recorder | M14: 0.3125 | N14: 0.83333333 | O14: =(N14-M14)*24 -> 12.5 | P14: 1 | Q14: =P14*O14 -> 12.5
A15: ="W"&WEEKNUM(B15,21) -> W43 | B15: 46317 | G15: RC - PANEL | H15: P26 | I15: Recorder/ Supporter | J15: RC - PANEL | K15: Kiểm hàng chất lượng vào kho | L15: Supporter | M15: 0.3125 | N15: 0.83333333 | O15: =(N15-M15)*24 -> 12.5 | P15: 1 | Q15: =P15*O15 -> 12.5
A16: ="W"&WEEKNUM(B16,21) -> W43 | B16: 46317 | G16: RC - PANEL | H16: P26 | I16: Recorder/ Supporter | J16: Machining | K16: Nhận hàng gỗ đầu vào từ RC | L16: Supporter | M16: 0.3125 | N16: 0.83333333 | O16: =(N16-M16)*24 -> 12.5 | P16: 1 | Q16: =P16*O16 -> 12.5
A17: ="W"&WEEKNUM(B17,21) -> W43 | B17: 46317 | G17: Machining | H17: P26 | I17: Recorder/ Supporter | J17: Machining | K17: Ghi nhận hàng giao kho | L17: Recorder | M17: 0.3125 | N17: 0.83333333 | O17: =(N17-M17)*24 -> 12.5 | P17: 1 | Q17: =P17*O17 -> 12.5
A18: ="W"&WEEKNUM(B18,21) -> W43 | B18: 46317 | G18: Machining | H18: P26 | I18: Recorder/ Supporter | J18: Machining | K18: quét nhà toàn xưởng khu vực ASSY | L18: Supporter | M18: 0.3125 | N18: 0.83333333 | O18: =(N18-M18)*24 -> 12.5 | P18: 1 | Q18: =P18*O18 -> 12.5
A19: ="W"&WEEKNUM(B19,21) -> W43 | B19: 46317 | G19: Machining | H19: P26 | I19: Recorder/ Supporter | J19: Machining | K19: Theo hàng pilot -hàng test-spo-subcon-NCR | L19: Recorder | M19: 0.3125 | N19: 0.83333333 | O19: =(N19-M19)*24 -> 12.5 | P19: 1 | Q19: =P19*O19 -> 12.5
... A22: ="W"&WEEKNUM(B22,21) -> W43 | B22: 46317 | G22: Assembly | H22: P26 | I22: Recorder/ Supporter | J22: Assembly | K22: Giao nhận HW- phát HW cho Line sx | L22: Supporter | M22: 0.3125 | N22: 0.83333333 | O22: =(N22-M22)*24 -> 12.5 | P22: 1 | Q22: =P22*O22 -> 12.5
A23: ="W"&WEEKNUM(B23,21) -> W43 | B23: 46317 | G23: Raw Cutting Panel | H23: P22 | I23: HR Training New Workers | J23: HR/HSE | K23: Đào tạo công nhân mới | M23: 0.33333333 | N23: 0.66666667 | O23: =(N23-M23)*24 -> 8 | P23: 3 | Q23: =P23*O23 -> 24
A24: ="W"&WEEKNUM(B24,21) -> W43 | B24: 46317 | G24: Machining | H24: P22 | I24: HR Training New Workers | J24: HR/HSE | K24: Đào tạo công nhân mới | M24: 0.33333333 | N24: 0.66666667 | O24: =(N24-M24)*24 -> 8 | P24: 1 | Q24: =P24*O24 -> 8
A25: ="W"&WEEKNUM(B25,21) -> W43 | B25: 46317 | G25: Assembly | H25: P22 | I25: HR Training New Workers | J25: HR/HSE | K25: Đào tạo công nhân mới | M25: 0.33333333 | N25: 0.66666667 | O25: =(N25-M25)*24 -> 8 | P25: 2 | Q25: =P25*O25 -> 16
A26: ="W"&WEEKNUM(B26,21) -> W43 | B26: 46317 | G26: Raw Cutting Panel | H26: A2 | I26: Training | J26: HR/HSE | K26: HC mới- 50% hiệu suất- 2 tuần-08/10 | L26: A2 ngày 12/12 - nhóm 08/10 | M26: 0.3125 | N26: 0.5 | O26: =(N26-M26)*24 -> 4.5 | P26: 1 | Q26: =P26*O26 -> 4.5
A27: ="W"&WEEKNUM(B27,21) -> W43 | B27: 46317 | G27: Machining | H27: A2 | I27: Training | J27: HR/HSE | K27: HC mới- 50% hiệu suất- 2 tuần-08/10 | L27: A2 ngày 12/12 - nhóm 08/10 | M27: 0.3125 | N27: 0.5 | O27: =(N27-M27)*24 -> 4.5 | P27: 3 | Q27: =P27*O27 -> 13.5
A28: ="W"&WEEKNUM(B28,21) -> W43 | B28: 46317 | G28: Assembly | H28: A2 | I28: Training | J28: HR/HSE | K28: HC mới- 50% hiệu suất- 2 tuần-09/10 | L28: A2 ngày 11/12 - nhóm 09/10 | M28: 0.3125 | N28: 0.5 | O28: =(N28-M28)*24 -> 4.5 | P28: 6 | Q28: =P28*O28 -> 27
A29: ="W"&WEEKNUM(B29,21) -> W43 | B29: 46317 | G29: Raw Cutting Panel | H29: A2 | I29: Training | J29: HR/HSE | K29: HC mới- 50% hiệu suất- 2 tuần-09/10 | L29: A2 ngày 11/12 - nhóm 09/10 | M29: 0.3125 | N29: 0.5 | O29: =(N29-M29)*24 -> 4.5 | P29: 2 | Q29: =P29*O29 -> 9
A30: ="W"&WEEKNUM(B30,21) -> W43 | B30: 46317 | G30: Assembly | H30: A2 | I30: Training | J30: HR/HSE | K30: HC mới- 50% hiệu suất- 2 tuần-12/10 | L30: A2 ngày 9/12 - nhóm 12/10 | M30: 0.3125 | N30: 0.5 | O30: =(N30-M30)*24 -> 4.5 | P30: 2 | Q30: =P30*O30 -> 9
A31: ="W"&WEEKNUM(B31,21) -> W43 | B31: 46317 | G31: Raw Cutting Panel | H31: A2 | I31: Training | J31: HR/HSE | K31: HC mới- 50% hiệu suất- 2 tuần-12/10 | L31: A2 ngày 9/12 - nhóm 12/10 | M31: 0.3125 | N31: 0.5 | O31: =(N31-M31)*24 -> 4.5 | P31: 1 | Q31: =P31*O31 -> 4.5
A32: ="W"&WEEKNUM(B32,21) -> W43 | B32: 46317 | G32: Assembly | H32: A2 | I32: Training | J32: HR/HSE | K32: HC mới- 50% hiệu suất- 2 tuần-13/10 | L32: A2 ngày 8/12 - nhóm 13/10 | M32: 0.3125 | N32: 0.5 | O32: =(N32-M32)*24 -> 4.5 | P32: 2 | Q32: =P32*O32 -> 9
A33: ="W"&WEEKNUM(B33,21) -> W43 | B33: 46317 | G33: Raw Cutting Panel | H33: A2 | I33: Training | J33: HR/HSE | K33: HC mới- 50% hiệu suất- 2 tuần-13/10 | L33: A2 ngày 8/12 - nhóm 13/10 | M33: 0.3125 | N33: 0.5 | O33: =(N33-M33)*24 -> 4.5 | P33: 4 | Q33: =P33*O33 -> 18
A34: ="W"&WEEKNUM(B34,21) -> W43 | B34: 46317 | G34: Machining | H34: A2 | I34: Training | J34: HR/HSE | K34: HC mới- 50% hiệu suất- 2 tuần-13/10 | L34: A2 ngày 8/12 - nhóm 13/10 | M34: 0.3125 | N34: 0.5 | O34: =(N34-M34)*24 -> 4.5 | P34: 1 | Q34: =P34*O34 -> 4.5
A35: ="W"&WEEKNUM(B35,21) -> W43 | B35: 46317 | G35: Assembly | H35: A2 | I35: Training | J35: HR/HSE | K35: HC mới- 50% hiệu suất- 2 tuần-14/10 | L35: A2 ngày 7/12 - nhóm 14/10 | M35: 0.3125 | N35: 0.5 | O35: =(N35-M35)*24 -> 4.5 | P35: 1 | Q35: =P35*O35 -> 4.5
A36: ="W"&WEEKNUM(B36,21) -> W43 | B36: 46317 | G36: Assembly | H36: A2 | I36: Training | J36: HR/HSE | K36: HC mới- 50% hiệu suất- 2 tuần-15/10 | L36: A2 ngày 6/12 - nhóm 15/10 | M36: 0.3125 | N36: 0.5 | O36: =(N36-M36)*24 -> 4.5 | P36: 4 | Q36: =P36*O36 -> 18
A37: ="W"&WEEKNUM(B37,21) -> W43 | B37: 46317 | G37: Assembly | H37: A2 | I37: Training | J37: HR/HSE | K37: HC mới- 50% hiệu suất- 2 tuần-16/10 | L37: A2 ngày 5/12 - nhóm 16/10 | M37: 0.3125 | N37: 0.5 | O37: =(N37-M37)*24 -> 4.5 | P37: 1 | Q37: =P37*O37 -> 4.5
... A44: ="W"&WEEKNUM(B44,21) -> W43 | B44: 46317 | G44: Assembly | H44: A2 | I44: Training | J44: HR/HSE | K44: HC mới- 50% hiệu suất- 2 tuần-21/10 | L44: A2 ngày 1/12 - nhóm 21/10 | M44: 0.3125 | N44: 0.5 | O44: =(N44-M44)*24 -> 4.5 | P44: 2 | Q44: =P44*O44 -> 9
P45: Tổng | Q45: =SUM(Q3:Q44) -> 509
A47: Vàng = nhân viên mới ngày đầu (P22). Xanh = nhân viên đang ghi A2 (cột Ghi chú cho biết ngày thứ mấy trong 12 ngày).

Sheet Loss time 23-10
A1: LOSS TIME WHITE WOOD - 23/10/2026
A2: Week | B2: Date (Ngày) | C2: Item's Mã hàng | D2: Code Máy Hư | E2: Q'ty | F2: Số NCR/ME | G2: Khu vực phát sinh/bộ phận hỗ trợ | H2: Code | I2: Name code | J2: Chart / bộ phận chịu trách nhiệm | K2: Lí Do | L2: Ghi chú | M2: From | N2: To | O2: LossTime (Hr) | P2: HC | Q2: Loss time labor (Hrs)
A3: ="W"&WEEKNUM(B3,21) -> W43 | B3: 46318 | G3: RC - WOOD | H3: P20 | I3: Dailly Cleaning | J3: RC WOOD | K3: Vệ sinh khu vực máy móc RC WOOD | M3: 0.29166667 | N3: 0.3125 | O3: =(N3-M3)*24 -> 0.5 | P3: 7 | Q3: =P3*O3 -> 3.5
A4: ="W"&WEEKNUM(B4,21) -> W43 | B4: 46318 | G4: RC - PANEL | H4: P20 | I4: Dailly Cleaning | J4: RC - PANEL | K4: Vệ sinh khu vực máy móc RC PANEL | M4: 0.29166667 | N4: 0.3125 | O4: =(N4-M4)*24 -> 0.5 | P4: 18 | Q4: =P4*O4 -> 9
A5: ="W"&WEEKNUM(B5,21) -> W43 | B5: 46318 | G5: Machining | H5: P20 | I5: Dailly Cleaning | J5: Machining | K5: Vệ sinh khu vực máy móc MAC FINAL | M5: 0.29166667 | N5: 0.3125 | O5: =(N5-M5)*24 -> 0.5 | P5: 7 | Q5: =P5*O5 -> 3.5
A6: ="W"&WEEKNUM(B6,21) -> W43 | B6: 46318 | G6: Machining | H6: P20 | I6: Dailly Cleaning | J6: Machining | K6: Vệ sinh khu vực máy móc PRE MAC | M6: 0.29166667 | N6: 0.3125 | O6: =(N6-M6)*24 -> 0.5 | P6: 12 | Q6: =P6*O6 -> 6
A7: ="W"&WEEKNUM(B7,21) -> W43 | B7: 46318 | G7: Assembly | H7: P20 | I7: Dailly Cleaning | J7: Assembly | K7: Quét nhà toàn xưởng khu vực ASSY | M7: 0.3125 | N7: 0.83333333 | O7: =(N7-M7)*24 -> 12.5 | P7: 2 | Q7: =P7*O7 -> 25
A8: ="W"&WEEKNUM(B8,21) -> W43 | B8: 46318 | G8: RC - PANEL | H8: P26 | I8: Recorder/ Supporter | J8: RC - PANEL | K8: Shop Floor data RC PANEL | L8: Recorder | M8: 0.3125 | N8: 0.83333333 | O8: =(N8-M8)*24 -> 12.5 | P8: 4 | Q8: =P8*O8 -> 50
A9: ="W"&WEEKNUM(B9,21) -> W43 | B9: 46318 | G9: Machining | H9: P26 | I9: Recorder/ Supporter | J9: Machining | K9: Shop Floor data- STOCK ROOM | L9: Recorder | M9: 0.3125 | N9: 0.83333333 | O9: =(N9-M9)*24 -> 12.5 | P9: 1 | Q9: =P9*O9 -> 12.5
A10: ="W"&WEEKNUM(B10,21) -> W43 | B10: 46318 | G10: Machining | H10: P26 | I10: Recorder/ Supporter | J10: Machining | K10: Shop Floor data MAC FINAL | L10: Recorder | M10: 0.3125 | N10: 0.83333333 | O10: =(N10-M10)*24 -> 12.5 | P10: 1 | Q10: =P10*O10 -> 12.5
A11: ="W"&WEEKNUM(B11,21) -> W43 | B11: 46318 | G11: RC - PANEL | H11: P26 | I11: Recorder/ Supporter | J11: RC - PANEL | K11: Theo dõi Hàng venner làm xong | L11: Recorder | M11: 0.3125 | N11: 0.83333333 | O11: =(N11-M11)*24 -> 12.5 | P11: 1 | Q11: =P11*O11 -> 12.5
A12: ="W"&WEEKNUM(B12,21) -> W43 | B12: 46318 | G12: RC - PANEL | H12: P26 | I12: Recorder/ Supporter | J12: RC - PANEL | K12: Nhận venner cho ép nóng | L12: Supporter | M12: 0.3125 | N12: 0.83333333 | O12: =(N12-M12)*24 -> 12.5 | P12: 1 | Q12: =P12*O12 -> 12.5
A13: ="W"&WEEKNUM(B13,21) -> W43 | B13: 46318 | G13: RC - WOOD | H13: P26 | I13: Recorder/ Supporter | J13: RC WOOD | K13: Lựa hàng tinh giao mac- gỗ đẹp xấu | L13: Supporter | M13: 0.3125 | N13: 0.83333333 | O13: =(N13-M13)*24 -> 12.5 | P13: 1 | Q13: =P13*O13 -> 12.5
A14: ="W"&WEEKNUM(B14,21) -> W43 | B14: 46318 | G14: RC - PANEL | H14: P26 | I14: Recorder/ Supporter | J14: RC - PANEL | K14: Ghi nhận hàng giao kho | L14: Recorder | M14: 0.3125 | N14: 0.83333333 | O14: =(N14-M14)*24 -> 12.5 | P14: 1 | Q14: =P14*O14 -> 12.5
A15: ="W"&WEEKNUM(B15,21) -> W43 | B15: 46318 | G15: RC - PANEL | H15: P26 | I15: Recorder/ Supporter | J15: RC - PANEL | K15: Kiểm hàng chất lượng vào kho | L15: Supporter | M15: 0.3125 | N15: 0.83333333 | O15: =(N15-M15)*24 -> 12.5 | P15: 1 | Q15: =P15*O15 -> 12.5
A16: ="W"&WEEKNUM(B16,21) -> W43 | B16: 46318 | G16: RC - PANEL | H16: P26 | I16: Recorder/ Supporter | J16: Machining | K16: Nhận hàng gỗ đầu vào từ RC | L16: Supporter | M16: 0.3125 | N16: 0.83333333 | O16: =(N16-M16)*24 -> 12.5 | P16: 1 | Q16: =P16*O16 -> 12.5
A17: ="W"&WEEKNUM(B17,21) -> W43 | B17: 46318 | G17: Machining | H17: P26 | I17: Recorder/ Supporter | J17: Machining | K17: Ghi nhận hàng giao kho | L17: Recorder | M17: 0.3125 | N17: 0.83333333 | O17: =(N17-M17)*24 -> 12.5 | P17: 1 | Q17: =P17*O17 -> 12.5
A18: ="W"&WEEKNUM(B18,21) -> W43 | B18: 46318 | G18: Machining | H18: P26 | I18: Recorder/ Supporter | J18: Machining | K18: quét nhà toàn xưởng khu vực ASSY | L18: Supporter | M18: 0.3125 | N18: 0.83333333 | O18: =(N18-M18)*24 -> 12.5 | P18: 1 | Q18: =P18*O18 -> 12.5
A19: ="W"&WEEKNUM(B19,21) -> W43 | B19: 46318 | G19: Machining | H19: P26 | I19: Recorder/ Supporter | J19: Machining | K19: Theo hàng pilot -hàng test-spo-subcon-NCR | L19: Recorder | M19: 0.3125 | N19: 0.83333333 | O19: =(N19-M19)*24 -> 12.5 | P19: 1 | Q19: =P19*O19 -> 12.5
... A22: ="W"&WEEKNUM(B22,21) -> W43 | B22: 46318 | G22: Assembly | H22: P26 | I22: Recorder/ Supporter | J22: Assembly | K22: Giao nhận HW- phát HW cho Line sx | L22: Supporter | M22: 0.3125 | N22: 0.83333333 | O22: =(N22-M22)*24 -> 12.5 | P22: 1 | Q22: =P22*O22 -> 12.5
A23: ="W"&WEEKNUM(B23,21) -> W43 | B23: 46318 | G23: Raw Cutting Panel | H23: P22 | I23: HR Training New Workers | J23: HR/HSE | K23: Đào tạo công nhân mới | M23: 0.33333333 | N23: 0.66666667 | O23: =(N23-M23)*24 -> 8 | P23: 1 | Q23: =P23*O23 -> 8
A24: ="W"&WEEKNUM(B24,21) -> W43 | B24: 46318 | G24: Assembly | H24: A2 | I24: Training | J24: HR/HSE | K24: HC mới- 50% hiệu suất- 2 tuần-09/10 | L24: A2 ngày 12/12 - nhóm 09/10 | M24: 0.3125 | N24: 0.5 | O24: =(N24-M24)*24 -> 4.5 | P24: 6 | Q24: =P24*O24 -> 27
A25: ="W"&WEEKNUM(B25,21) -> W43 | B25: 46318 | G25: Raw Cutting Panel | H25: A2 | I25: Training | J25: HR/HSE | K25: HC mới- 50% hiệu suất- 2 tuần-09/10 | L25: A2 ngày 12/12 - nhóm 09/10 | M25: 0.3125 | N25: 0.5 | O25: =(N25-M25)*24 -> 4.5 | P25: 2 | Q25: =P25*O25 -> 9
A26: ="W"&WEEKNUM(B26,21) -> W43 | B26: 46318 | G26: Assembly | H26: A2 | I26: Training | J26: HR/HSE | K26: HC mới- 50% hiệu suất- 2 tuần-12/10 | L26: A2 ngày 10/12 - nhóm 12/10 | M26: 0.3125 | N26: 0.5 | O26: =(N26-M26)*24 -> 4.5 | P26: 2 | Q26: =P26*O26 -> 9
A27: ="W"&WEEKNUM(B27,21) -> W43 | B27: 46318 | G27: Raw Cutting Panel | H27: A2 | I27: Training | J27: HR/HSE | K27: HC mới- 50% hiệu suất- 2 tuần-12/10 | L27: A2 ngày 10/12 - nhóm 12/10 | M27: 0.3125 | N27: 0.5 | O27: =(N27-M27)*24 -> 4.5 | P27: 1 | Q27: =P27*O27 -> 4.5
A28: ="W"&WEEKNUM(B28,21) -> W43 | B28: 46318 | G28: Assembly | H28: A2 | I28: Training | J28: HR/HSE | K28: HC mới- 50% hiệu suất- 2 tuần-13/10 | L28: A2 ngày 9/12 - nhóm 13/10 | M28: 0.3125 | N28: 0.5 | O28: =(N28-M28)*24 -> 4.5 | P28: 2 | Q28: =P28*O28 -> 9
A29: ="W"&WEEKNUM(B29,21) -> W43 | B29: 46318 | G29: Raw Cutting Panel | H29: A2 | I29: Training | J29: HR/HSE | K29: HC mới- 50% hiệu suất- 2 tuần-13/10 | L29: A2 ngày 9/12 - nhóm 13/10 | M29: 0.3125 | N29: 0.5 | O29: =(N29-M29)*24 -> 4.5 | P29: 4 | Q29: =P29*O29 -> 18
A30: ="W"&WEEKNUM(B30,21) -> W43 | B30: 46318 | G30: Machining | H30: A2 | I30: Training | J30: HR/HSE | K30: HC mới- 50% hiệu suất- 2 tuần-13/10 | L30: A2 ngày 9/12 - nhóm 13/10 | M30: 0.3125 | N30: 0.5 | O30: =(N30-M30)*24 -> 4.5 | P30: 1 | Q30: =P30*O30 -> 4.5
A31: ="W"&WEEKNUM(B31,21) -> W43 | B31: 46318 | G31: Assembly | H31: A2 | I31: Training | J31: HR/HSE | K31: HC mới- 50% hiệu suất- 2 tuần-14/10 | L31: A2 ngày 8/12 - nhóm 14/10 | M31: 0.3125 | N31: 0.5 | O31: =(N31-M31)*24 -> 4.5 | P31: 1 | Q31: =P31*O31 -> 4.5
A32: ="W"&WEEKNUM(B32,21) -> W43 | B32: 46318 | G32: Assembly | H32: A2 | I32: Training | J32: HR/HSE | K32: HC mới- 50% hiệu suất- 2 tuần-15/10 | L32: A2 ngày 7/12 - nhóm 15/10 | M32: 0.3125 | N32: 0.5 | O32: =(N32-M32)*24 -> 4.5 | P32: 4 | Q32: =P32*O32 -> 18
A33: ="W"&WEEKNUM(B33,21) -> W43 | B33: 46318 | G33: Assembly | H33: A2 | I33: Training | J33: HR/HSE | K33: HC mới- 50% hiệu suất- 2 tuần-16/10 | L33: A2 ngày 6/12 - nhóm 16/10 | M33: 0.3125 | N33: 0.5 | O33: =(N33-M33)*24 -> 4.5 | P33: 1 | Q33: =P33*O33 -> 4.5
A34: ="W"&WEEKNUM(B34,21) -> W43 | B34: 46318 | G34: Assembly | H34: A2 | I34: Training | J34: HR/HSE | K34: HC mới- 50% hiệu suất- 2 tuần-19/10 | L34: A2 ngày 4/12 - nhóm 19/10 | M34: 0.3125 | N34: 0.5 | O34: =(N34-M34)*24 -> 4.5 | P34: 2 | Q34: =P34*O34 -> 9
A35: ="W"&WEEKNUM(B35,21) -> W43 | B35: 46318 | G35: Machining | H35: A2 | I35: Training | J35: HR/HSE | K35: HC mới- 50% hiệu suất- 2 tuần-19/10 | L35: A2 ngày 4/12 - nhóm 19/10 | M35: 0.3125 | N35: 0.5 | O35: =(N35-M35)*24 -> 4.5 | P35: 1 | Q35: =P35*O35 -> 4.5
... A43: ="W"&WEEKNUM(B43,21) -> W43 | B43: 46318 | G43: Assembly | H43: A2 | I43: Training | J43: HR/HSE | K43: HC mới- 50% hiệu suất- 2 tuần-22/10 | L43: A2 ngày 1/12 - nhóm 22/10 | M43: 0.3125 | N43: 0.5 | O43: =(N43-M43)*24 -> 4.5 | P43: 2 | Q43: =P43*O43 -> 9
P44: Tổng | Q44: =SUM(Q3:Q43) -> 478
A46: Vàng = nhân viên mới ngày đầu (P22). Xanh = nhân viên đang ghi A2 (cột Ghi chú cho biết ngày thứ mấy trong 12 ngày).

Sheet Loss time 24-10
A1: LOSS TIME WHITE WOOD - 24/10/2026
A2: Week | B2: Date (Ngày) | C2: Item's Mã hàng | D2: Code Máy Hư | E2: Q'ty | F2: Số NCR/ME | G2: Khu vực phát sinh/bộ phận hỗ trợ | H2: Code | I2: Name code | J2: Chart / bộ phận chịu trách nhiệm | K2: Lí Do | L2: Ghi chú | M2: From | N2: To | O2: LossTime (Hr) | P2: HC | Q2: Loss time labor (Hrs)
A3: ="W"&WEEKNUM(B3,21) -> W43 | B3: 46319 | G3: RC - WOOD | H3: P20 | I3: Dailly Cleaning | J3: RC WOOD | K3: Vệ sinh khu vực máy móc RC WOOD | M3: 0.29166667 | N3: 0.3125 | O3: =(N3-M3)*24 -> 0.5 | P3: 7 | Q3: =P3*O3 -> 3.5
A4: ="W"&WEEKNUM(B4,21) -> W43 | B4: 46319 | G4: RC - PANEL | H4: P20 | I4: Dailly Cleaning | J4: RC - PANEL | K4: Vệ sinh khu vực máy móc RC PANEL | M4: 0.29166667 | N4: 0.3125 | O4: =(N4-M4)*24 -> 0.5 | P4: 18 | Q4: =P4*O4 -> 9
A5: ="W"&WEEKNUM(B5,21) -> W43 | B5: 46319 | G5: Machining | H5: P20 | I5: Dailly Cleaning | J5: Machining | K5: Vệ sinh khu vực máy móc MAC FINAL | M5: 0.29166667 | N5: 0.3125 | O5: =(N5-M5)*24 -> 0.5 | P5: 7 | Q5: =P5*O5 -> 3.5
A6: ="W"&WEEKNUM(B6,21) -> W43 | B6: 46319 | G6: Machining | H6: P20 | I6: Dailly Cleaning | J6: Machining | K6: Vệ sinh khu vực máy móc PRE MAC | M6: 0.29166667 | N6: 0.3125 | O6: =(N6-M6)*24 -> 0.5 | P6: 12 | Q6: =P6*O6 -> 6
A7: ="W"&WEEKNUM(B7,21) -> W43 | B7: 46319 | G7: Assembly | H7: P20 | I7: Dailly Cleaning | J7: Assembly | K7: Quét nhà toàn xưởng khu vực ASSY | M7: 0.3125 | N7: 0.64583333 | O7: =(N7-M7)*24 -> 8 | P7: 2 | Q7: =P7*O7 -> 16
A8: ="W"&WEEKNUM(B8,21) -> W43 | B8: 46319 | G8: RC - PANEL | H8: P26 | I8: Recorder/ Supporter | J8: RC - PANEL | K8: Shop Floor data RC PANEL | L8: Recorder | M8: 0.3125 | N8: 0.64583333 | O8: =(N8-M8)*24 -> 8 | P8: 4 | Q8: =P8*O8 -> 32
A9: ="W"&WEEKNUM(B9,21) -> W43 | B9: 46319 | G9: Machining | H9: P26 | I9: Recorder/ Supporter | J9: Machining | K9: Shop Floor data- STOCK ROOM | L9: Recorder | M9: 0.3125 | N9: 0.64583333 | O9: =(N9-M9)*24 -> 8 | P9: 1 | Q9: =P9*O9 -> 8
A10: ="W"&WEEKNUM(B10,21) -> W43 | B10: 46319 | G10: Machining | H10: P26 | I10: Recorder/ Supporter | J10: Machining | K10: Shop Floor data MAC FINAL | L10: Recorder | M10: 0.3125 | N10: 0.64583333 | O10: =(N10-M10)*24 -> 8 | P10: 1 | Q10: =P10*O10 -> 8
A11: ="W"&WEEKNUM(B11,21) -> W43 | B11: 46319 | G11: RC - PANEL | H11: P26 | I11: Recorder/ Supporter | J11: RC - PANEL | K11: Theo dõi Hàng venner làm xong | L11: Recorder | M11: 0.3125 | N11: 0.64583333 | O11: =(N11-M11)*24 -> 8 | P11: 1 | Q11: =P11*O11 -> 8
A12: ="W"&WEEKNUM(B12,21) -> W43 | B12: 46319 | G12: RC - PANEL | H12: P26 | I12: Recorder/ Supporter | J12: RC - PANEL | K12: Nhận venner cho ép nóng | L12: Supporter | M12: 0.3125 | N12: 0.64583333 | O12: =(N12-M12)*24 -> 8 | P12: 1 | Q12: =P12*O12 -> 8
A13: ="W"&WEEKNUM(B13,21) -> W43 | B13: 46319 | G13: RC - WOOD | H13: P26 | I13: Recorder/ Supporter | J13: RC WOOD | K13: Lựa hàng tinh giao mac- gỗ đẹp xấu | L13: Supporter | M13: 0.3125 | N13: 0.64583333 | O13: =(N13-M13)*24 -> 8 | P13: 1 | Q13: =P13*O13 -> 8
A14: ="W"&WEEKNUM(B14,21) -> W43 | B14: 46319 | G14: RC - PANEL | H14: P26 | I14: Recorder/ Supporter | J14: RC - PANEL | K14: Ghi nhận hàng giao kho | L14: Recorder | M14: 0.3125 | N14: 0.64583333 | O14: =(N14-M14)*24 -> 8 | P14: 1 | Q14: =P14*O14 -> 8
A15: ="W"&WEEKNUM(B15,21) -> W43 | B15: 46319 | G15: RC - PANEL | H15: P26 | I15: Recorder/ Supporter | J15: RC - PANEL | K15: Kiểm hàng chất lượng vào kho | L15: Supporter | M15: 0.3125 | N15: 0.64583333 | O15: =(N15-M15)*24 -> 8 | P15: 1 | Q15: =P15*O15 -> 8
A16: ="W"&WEEKNUM(B16,21) -> W43 | B16: 46319 | G16: RC - PANEL | H16: P26 | I16: Recorder/ Supporter | J16: Machining | K16: Nhận hàng gỗ đầu vào từ RC | L16: Supporter | M16: 0.3125 | N16: 0.64583333 | O16: =(N16-M16)*24 -> 8 | P16: 1 | Q16: =P16*O16 -> 8
A17: ="W"&WEEKNUM(B17,21) -> W43 | B17: 46319 | G17: Machining | H17: P26 | I17: Recorder/ Supporter | J17: Machining | K17: Ghi nhận hàng giao kho | L17: Recorder | M17: 0.3125 | N17: 0.64583333 | O17: =(N17-M17)*24 -> 8 | P17: 1 | Q17: =P17*O17 -> 8
A18: ="W"&WEEKNUM(B18,21) -> W43 | B18: 46319 | G18: Machining | H18: P26 | I18: Recorder/ Supporter | J18: Machining | K18: quét nhà toàn xưởng khu vực ASSY | L18: Supporter | M18: 0.3125 | N18: 0.64583333 | O18: =(N18-M18)*24 -> 8 | P18: 1 | Q18: =P18*O18 -> 8
A19: ="W"&WEEKNUM(B19,21) -> W43 | B19: 46319 | G19: Machining | H19: P26 | I19: Recorder/ Supporter | J19: Machining | K19: Theo hàng pilot -hàng test-spo-subcon-NCR | L19: Recorder | M19: 0.3125 | N19: 0.64583333 | O19: =(N19-M19)*24 -> 8 | P19: 1 | Q19: =P19*O19 -> 8
... A41: ="W"&WEEKNUM(B41,21) -> W43 | B41: 46319 | G41: Raw Cutting Panel | H41: A2 | I41: Training | J41: HR/HSE | K41: HC mới- 50% hiệu suất- 2 tuần-23/10 | L41: A2 ngày 1/12 - nhóm 23/10 | M41: 0.3125 | N41: 0.5 | O41: =(N41-M41)*24 -> 4.5 | P41: 1 | Q41: =P41*O41 -> 4.5
P42: Tổng | Q42: =SUM(Q3:Q41) -> 348.5
A44: Vàng = nhân viên mới ngày đầu (P22). Xanh = nhân viên đang ghi A2 (cột Ghi chú cho biết ngày thứ mấy trong 12 ngày).

Sheet Loss time 25-10
A1: LOSS TIME WHITE WOOD - 25/10/2026
A2: Week | B2: Date (Ngày) | C2: Item's Mã hàng | D2: Code Máy Hư | E2: Q'ty | F2: Số NCR/ME | G2: Khu vực phát sinh/bộ phận hỗ trợ | H2: Code | I2: Name code | J2: Chart / bộ phận chịu trách nhiệm | K2: Lí Do | L2: Ghi chú | M2: From | N2: To | O2: LossTime (Hr) | P2: HC | Q2: Loss time labor (Hrs)
A3: ="W"&WEEKNUM(B3,21) -> W43 | B3: 46320 | G3: Assembly | H3: P20 | I3: Dailly Cleaning | J3: Assembly | K3: Quét nhà toàn xưởng khu vực ASSY | M3: 0.3125 | N3: 0.64583333 | O3: =(N3-M3)*24 -> 8 | P3: 2 | Q3: =P3*O3 -> 16
A4: ="W"&WEEKNUM(B4,21) -> W43 | B4: 46320 | G4: Assembly | H4: P26 | I4: Recorder/ Supporter | J4: Assembly | K4: Báo output- sửa máy- giao nhận vật tư | L4: Recorder | M4: 0.3125 | N4: 0.64583333 | O4: =(N4-M4)*24 -> 8 | P4: 1 | Q4: =P4*O4 -> 8
A5: ="W"&WEEKNUM(B5,21) -> W43 | B5: 46320 | G5: Assembly | H5: P26 | I5: Recorder/ Supporter | J5: Assembly | K5: Giao nhận HW- phát HW cho Line sx | L5: Supporter | M5: 0.3125 | N5: 0.64583333 | O5: =(N5-M5)*24 -> 8 | P5: 1 | Q5: =P5*O5 -> 8
A6: ="W"&WEEKNUM(B6,21) -> W43 | B6: 46320 | G6: Assembly | H6: A2 | I6: Training | J6: HR/HSE | K6: HC mới- 50% hiệu suất- 2 tuần-12/10 | L6: A2 ngày 12/12 - nhóm 12/10 | M6: 0.3125 | N6: 0.5 | O6: =(N6-M6)*24 -> 4.5 | P6: 2 | Q6: =P6*O6 -> 9
A7: ="W"&WEEKNUM(B7,21) -> W43 | B7: 46320 | G7: Assembly | H7: A2 | I7: Training | J7: HR/HSE | K7: HC mới- 50% hiệu suất- 2 tuần-13/10 | L7: A2 ngày 11/12 - nhóm 13/10 | M7: 0.3125 | N7: 0.5 | O7: =(N7-M7)*24 -> 4.5 | P7: 2 | Q7: =P7*O7 -> 9
A8: ="W"&WEEKNUM(B8,21) -> W43 | B8: 46320 | G8: Assembly | H8: A2 | I8: Training | J8: HR/HSE | K8: HC mới- 50% hiệu suất- 2 tuần-14/10 | L8: A2 ngày 10/12 - nhóm 14/10 | M8: 0.3125 | N8: 0.5 | O8: =(N8-M8)*24 -> 4.5 | P8: 1 | Q8: =P8*O8 -> 4.5
A9: ="W"&WEEKNUM(B9,21) -> W43 | B9: 46320 | G9: Assembly | H9: A2 | I9: Training | J9: HR/HSE | K9: HC mới- 50% hiệu suất- 2 tuần-15/10 | L9: A2 ngày 9/12 - nhóm 15/10 | M9: 0.3125 | N9: 0.5 | O9: =(N9-M9)*24 -> 4.5 | P9: 4 | Q9: =P9*O9 -> 18
A10: ="W"&WEEKNUM(B10,21) -> W43 | B10: 46320 | G10: Assembly | H10: A2 | I10: Training | J10: HR/HSE | K10: HC mới- 50% hiệu suất- 2 tuần-16/10 | L10: A2 ngày 8/12 - nhóm 16/10 | M10: 0.3125 | N10: 0.5 | O10: =(N10-M10)*24 -> 4.5 | P10: 1 | Q10: =P10*O10 -> 4.5
A11: ="W"&WEEKNUM(B11,21) -> W43 | B11: 46320 | G11: Assembly | H11: A2 | I11: Training | J11: HR/HSE | K11: HC mới- 50% hiệu suất- 2 tuần-19/10 | L11: A2 ngày 6/12 - nhóm 19/10 | M11: 0.3125 | N11: 0.5 | O11: =(N11-M11)*24 -> 4.5 | P11: 2 | Q11: =P11*O11 -> 9
A12: ="W"&WEEKNUM(B12,21) -> W43 | B12: 46320 | G12: Assembly | H12: A2 | I12: Training | J12: HR/HSE | K12: HC mới- 50% hiệu suất- 2 tuần-20/10 | L12: A2 ngày 5/12 - nhóm 20/10 | M12: 0.3125 | N12: 0.5 | O12: =(N12-M12)*24 -> 4.5 | P12: 4 | Q12: =P12*O12 -> 18
A13: ="W"&WEEKNUM(B13,21) -> W43 | B13: 46320 | G13: Assembly | H13: A2 | I13: Training | J13: HR/HSE | K13: HC mới- 50% hiệu suất- 2 tuần-21/10 | L13: A2 ngày 4/12 - nhóm 21/10 | M13: 0.3125 | N13: 0.5 | O13: =(N13-M13)*24 -> 4.5 | P13: 2 | Q13: =P13*O13 -> 9
A14: ="W"&WEEKNUM(B14,21) -> W43 | B14: 46320 | G14: Assembly | H14: A2 | I14: Training | J14: HR/HSE | K14: HC mới- 50% hiệu suất- 2 tuần-22/10 | L14: A2 ngày 3/12 - nhóm 22/10 | M14: 0.3125 | N14: 0.5 | O14: =(N14-M14)*24 -> 4.5 | P14: 2 | Q14: =P14*O14 -> 9
A15: ="W"&WEEKNUM(B15,21) -> W43 | B15: 46320 | G15: Assembly | H15: A2 | I15: Training | J15: HR/HSE | K15: HC mới- 50% hiệu suất- 2 tuần-26/10 | L15: A2 ngày 1/12 - nhóm 26/10 | M15: 0.3125 | N15: 0.5 | O15: =(N15-M15)*24 -> 4.5 | P15: 2 | Q15: =P15*O15 -> 9
... A17: ="W"&WEEKNUM(B17,21) -> W43 | B17: 46320 | G17: Assembly | H17: A2 | I17: Training | J17: HR/HSE | K17: HC mới- 50% hiệu suất- 2 tuần-28/10 | L17: A2 ngày 1/12 - nhóm 28/10 | M17: 0.3125 | N17: 0.5 | O17: =(N17-M17)*24 -> 4.5 | P17: 2 | Q17: =P17*O17 -> 9
P18: Tổng | Q18: =SUM(Q3:Q17) -> 158
A20: Vàng = nhân viên mới ngày đầu (P22). Xanh = nhân viên đang ghi A2 (cột Ghi chú cho biết ngày thứ mấy trong 12 ngày).

Sheet Loss time 26-10
A1: LOSS TIME WHITE WOOD - 26/10/2026
A2: Week | B2: Date (Ngày) | C2: Item's Mã hàng | D2: Code Máy Hư | E2: Q'ty | F2: Số NCR/ME | G2: Khu vực phát sinh/bộ phận hỗ trợ | H2: Code | I2: Name code | J2: Chart / bộ phận chịu trách nhiệm | K2: Lí Do | L2: Ghi chú | M2: From | N2: To | O2: LossTime (Hr) | P2: HC | Q2: Loss time labor (Hrs)
A3: ="W"&WEEKNUM(B3,21) -> W44 | B3: 46321 | G3: RC - WOOD | H3: P20 | I3: Dailly Cleaning | J3: RC WOOD | K3: Vệ sinh khu vực máy móc RC WOOD | M3: 0.29166667 | N3: 0.3125 | O3: =(N3-M3)*24 -> 0.5 | P3: 7 | Q3: =P3*O3 -> 3.5
A4: ="W"&WEEKNUM(B4,21) -> W44 | B4: 46321 | G4: RC - PANEL | H4: P20 | I4: Dailly Cleaning | J4: RC - PANEL | K4: Vệ sinh khu vực máy móc RC PANEL | M4: 0.29166667 | N4: 0.3125 | O4: =(N4-M4)*24 -> 0.5 | P4: 18 | Q4: =P4*O4 -> 9
A5: ="W"&WEEKNUM(B5,21) -> W44 | B5: 46321 | G5: Machining | H5: P20 | I5: Dailly Cleaning | J5: Machining | K5: Vệ sinh khu vực máy móc MAC FINAL | M5: 0.29166667 | N5: 0.3125 | O5: =(N5-M5)*24 -> 0.5 | P5: 7 | Q5: =P5*O5 -> 3.5
A6: ="W"&WEEKNUM(B6,21) -> W44 | B6: 46321 | G6: Machining | H6: P20 | I6: Dailly Cleaning | J6: Machining | K6: Vệ sinh khu vực máy móc PRE MAC | M6: 0.29166667 | N6: 0.3125 | O6: =(N6-M6)*24 -> 0.5 | P6: 12 | Q6: =P6*O6 -> 6
A7: ="W"&WEEKNUM(B7,21) -> W44 | B7: 46321 | G7: Assembly | H7: P20 | I7: Dailly Cleaning | J7: Assembly | K7: Quét nhà toàn xưởng khu vực ASSY | M7: 0.3125 | N7: 0.83333333 | O7: =(N7-M7)*24 -> 12.5 | P7: 2 | Q7: =P7*O7 -> 25
A8: ="W"&WEEKNUM(B8,21) -> W44 | B8: 46321 | G8: RC - PANEL | H8: P26 | I8: Recorder/ Supporter | J8: RC - PANEL | K8: Shop Floor data RC PANEL | L8: Recorder | M8: 0.3125 | N8: 0.83333333 | O8: =(N8-M8)*24 -> 12.5 | P8: 4 | Q8: =P8*O8 -> 50
A9: ="W"&WEEKNUM(B9,21) -> W44 | B9: 46321 | G9: Machining | H9: P26 | I9: Recorder/ Supporter | J9: Machining | K9: Shop Floor data- STOCK ROOM | L9: Recorder | M9: 0.3125 | N9: 0.83333333 | O9: =(N9-M9)*24 -> 12.5 | P9: 1 | Q9: =P9*O9 -> 12.5
A10: ="W"&WEEKNUM(B10,21) -> W44 | B10: 46321 | G10: Machining | H10: P26 | I10: Recorder/ Supporter | J10: Machining | K10: Shop Floor data MAC FINAL | L10: Recorder | M10: 0.3125 | N10: 0.83333333 | O10: =(N10-M10)*24 -> 12.5 | P10: 1 | Q10: =P10*O10 -> 12.5
A11: ="W"&WEEKNUM(B11,21) -> W44 | B11: 46321 | G11: RC - PANEL | H11: P26 | I11: Recorder/ Supporter | J11: RC - PANEL | K11: Theo dõi Hàng venner làm xong | L11: Recorder | M11: 0.3125 | N11: 0.83333333 | O11: =(N11-M11)*24 -> 12.5 | P11: 1 | Q11: =P11*O11 -> 12.5
A12: ="W"&WEEKNUM(B12,21) -> W44 | B12: 46321 | G12: RC - PANEL | H12: P26 | I12: Recorder/ Supporter | J12: RC - PANEL | K12: Nhận venner cho ép nóng | L12: Supporter | M12: 0.3125 | N12: 0.83333333 | O12: =(N12-M12)*24 -> 12.5 | P12: 1 | Q12: =P12*O12 -> 12.5
A13: ="W"&WEEKNUM(B13,21) -> W44 | B13: 46321 | G13: RC - WOOD | H13: P26 | I13: Recorder/ Supporter | J13: RC WOOD | K13: Lựa hàng tinh giao mac- gỗ đẹp xấu | L13: Supporter | M13: 0.3125 | N13: 0.83333333 | O13: =(N13-M13)*24 -> 12.5 | P13: 1 | Q13: =P13*O13 -> 12.5
A14: ="W"&WEEKNUM(B14,21) -> W44 | B14: 46321 | G14: RC - PANEL | H14: P26 | I14: Recorder/ Supporter | J14: RC - PANEL | K14: Ghi nhận hàng giao kho | L14: Recorder | M14: 0.3125 | N14: 0.83333333 | O14: =(N14-M14)*24 -> 12.5 | P14: 1 | Q14: =P14*O14 -> 12.5
A15: ="W"&WEEKNUM(B15,21) -> W44 | B15: 46321 | G15: RC - PANEL | H15: P26 | I15: Recorder/ Supporter | J15: RC - PANEL | K15: Kiểm hàng chất lượng vào kho | L15: Supporter | M15: 0.3125 | N15: 0.83333333 | O15: =(N15-M15)*24 -> 12.5 | P15: 1 | Q15: =P15*O15 -> 12.5
A16: ="W"&WEEKNUM(B16,21) -> W44 | B16: 46321 | G16: RC - PANEL | H16: P26 | I16: Recorder/ Supporter | J16: Machining | K16: Nhận hàng gỗ đầu vào từ RC | L16: Supporter | M16: 0.3125 | N16: 0.83333333 | O16: =(N16-M16)*24 -> 12.5 | P16: 1 | Q16: =P16*O16 -> 12.5
A17: ="W"&WEEKNUM(B17,21) -> W44 | B17: 46321 | G17: Machining | H17: P26 | I17: Recorder/ Supporter | J17: Machining | K17: Ghi nhận hàng giao kho | L17: Recorder | M17: 0.3125 | N17: 0.83333333 | O17: =(N17-M17)*24 -> 12.5 | P17: 1 | Q17: =P17*O17 -> 12.5
A18: ="W"&WEEKNUM(B18,21) -> W44 | B18: 46321 | G18: Machining | H18: P26 | I18: Recorder/ Supporter | J18: Machining | K18: quét nhà toàn xưởng khu vực ASSY | L18: Supporter | M18: 0.3125 | N18: 0.83333333 | O18: =(N18-M18)*24 -> 12.5 | P18: 1 | Q18: =P18*O18 -> 12.5
A19: ="W"&WEEKNUM(B19,21) -> W44 | B19: 46321 | G19: Machining | H19: P26 | I19: Recorder/ Supporter | J19: Machining | K19: Theo hàng pilot -hàng test-spo-subcon-NCR | L19: Recorder | M19: 0.3125 | N19: 0.83333333 | O19: =(N19-M19)*24 -> 12.5 | P19: 1 | Q19: =P19*O19 -> 12.5
... A22: ="W"&WEEKNUM(B22,21) -> W44 | B22: 46321 | G22: Assembly | H22: P26 | I22: Recorder/ Supporter | J22: Assembly | K22: Giao nhận HW- phát HW cho Line sx | L22: Supporter | M22: 0.3125 | N22: 0.83333333 | O22: =(N22-M22)*24 -> 12.5 | P22: 1 | Q22: =P22*O22 -> 12.5
A23: ="W"&WEEKNUM(B23,21) -> W44 | B23: 46321 | G23: Assembly | H23: P22 | I23: HR Training New Workers | J23: HR/HSE | K23: Đào tạo công nhân mới | M23: 0.33333333 | N23: 0.66666667 | O23: =(N23-M23)*24 -> 8 | P23: 2 | Q23: =P23*O23 -> 16
A24: ="W"&WEEKNUM(B24,21) -> W44 | B24: 46321 | G24: Raw Cutting Panel | H24: A2 | I24: Training | J24: HR/HSE | K24: HC mới- 50% hiệu suất- 2 tuần-12/10 | L24: A2 ngày 12/12 - nhóm 12/10 | M24: 0.3125 | N24: 0.5 | O24: =(N24-M24)*24 -> 4.5 | P24: 1 | Q24: =P24*O24 -> 4.5
A25: ="W"&WEEKNUM(B25,21) -> W44 | B25: 46321 | G25: Assembly | H25: A2 | I25: Training | J25: HR/HSE | K25: HC mới- 50% hiệu suất- 2 tuần-13/10 | L25: A2 ngày 12/12 - nhóm 13/10 | M25: 0.3125 | N25: 0.5 | O25: =(N25-M25)*24 -> 4.5 | P25: 2 | Q25: =P25*O25 -> 9
A26: ="W"&WEEKNUM(B26,21) -> W44 | B26: 46321 | G26: Raw Cutting Panel | H26: A2 | I26: Training | J26: HR/HSE | K26: HC mới- 50% hiệu suất- 2 tuần-13/10 | L26: A2 ngày 11/12 - nhóm 13/10 | M26: 0.3125 | N26: 0.5 | O26: =(N26-M26)*24 -> 4.5 | P26: 4 | Q26: =P26*O26 -> 18
A27: ="W"&WEEKNUM(B27,21) -> W44 | B27: 46321 | G27: Machining | H27: A2 | I27: Training | J27: HR/HSE | K27: HC mới- 50% hiệu suất- 2 tuần-13/10 | L27: A2 ngày 11/12 - nhóm 13/10 | M27: 0.3125 | N27: 0.5 | O27: =(N27-M27)*24 -> 4.5 | P27: 1 | Q27: =P27*O27 -> 4.5
A28: ="W"&WEEKNUM(B28,21) -> W44 | B28: 46321 | G28: Assembly | H28: A2 | I28: Training | J28: HR/HSE | K28: HC mới- 50% hiệu suất- 2 tuần-14/10 | L28: A2 ngày 11/12 - nhóm 14/10 | M28: 0.3125 | N28: 0.5 | O28: =(N28-M28)*24 -> 4.5 | P28: 1 | Q28: =P28*O28 -> 4.5
A29: ="W"&WEEKNUM(B29,21) -> W44 | B29: 46321 | G29: Assembly | H29: A2 | I29: Training | J29: HR/HSE | K29: HC mới- 50% hiệu suất- 2 tuần-15/10 | L29: A2 ngày 10/12 - nhóm 15/10 | M29: 0.3125 | N29: 0.5 | O29: =(N29-M29)*24 -> 4.5 | P29: 4 | Q29: =P29*O29 -> 18
A30: ="W"&WEEKNUM(B30,21) -> W44 | B30: 46321 | G30: Assembly | H30: A2 | I30: Training | J30: HR/HSE | K30: HC mới- 50% hiệu suất- 2 tuần-16/10 | L30: A2 ngày 9/12 - nhóm 16/10 | M30: 0.3125 | N30: 0.5 | O30: =(N30-M30)*24 -> 4.5 | P30: 1 | Q30: =P30*O30 -> 4.5
A31: ="W"&WEEKNUM(B31,21) -> W44 | B31: 46321 | G31: Assembly | H31: A2 | I31: Training | J31: HR/HSE | K31: HC mới- 50% hiệu suất- 2 tuần-19/10 | L31: A2 ngày 7/12 - nhóm 19/10 | M31: 0.3125 | N31: 0.5 | O31: =(N31-M31)*24 -> 4.5 | P31: 2 | Q31: =P31*O31 -> 9
A32: ="W"&WEEKNUM(B32,21) -> W44 | B32: 46321 | G32: Machining | H32: A2 | I32: Training | J32: HR/HSE | K32: HC mới- 50% hiệu suất- 2 tuần-19/10 | L32: A2 ngày 6/12 - nhóm 19/10 | M32: 0.3125 | N32: 0.5 | O32: =(N32-M32)*24 -> 4.5 | P32: 1 | Q32: =P32*O32 -> 4.5
A33: ="W"&WEEKNUM(B33,21) -> W44 | B33: 46321 | G33: Assembly | H33: A2 | I33: Training | J33: HR/HSE | K33: HC mới- 50% hiệu suất- 2 tuần-20/10 | L33: A2 ngày 6/12 - nhóm 20/10 | M33: 0.3125 | N33: 0.5 | O33: =(N33-M33)*24 -> 4.5 | P33: 4 | Q33: =P33*O33 -> 18
A34: ="W"&WEEKNUM(B34,21) -> W44 | B34: 46321 | G34: Machining | H34: A2 | I34: Training | J34: HR/HSE | K34: HC mới- 50% hiệu suất- 2 tuần-20/10 | L34: A2 ngày 5/12 - nhóm 20/10 | M34: 0.3125 | N34: 0.5 | O34: =(N34-M34)*24 -> 4.5 | P34: 2 | Q34: =P34*O34 -> 9
A35: ="W"&WEEKNUM(B35,21) -> W44 | B35: 46321 | G35: Raw Cutting Panel | H35: A2 | I35: Training | J35: HR/HSE | K35: HC mới- 50% hiệu suất- 2 tuần-21/10 | L35: A2 ngày 4/12 - nhóm 21/10 | M35: 0.3125 | N35: 0.5 | O35: =(N35-M35)*24 -> 4.5 | P35: 1 | Q35: =P35*O35 -> 4.5
... A41: ="W"&WEEKNUM(B41,21) -> W44 | B41: 46321 | G41: Raw Cutting Panel | H41: A2 | I41: Training | J41: HR/HSE | K41: HC mới- 50% hiệu suất- 2 tuần-23/10 | L41: A2 ngày 2/12 - nhóm 23/10 | M41: 0.3125 | N41: 0.5 | O41: =(N41-M41)*24 -> 4.5 | P41: 1 | Q41: =P41*O41 -> 4.5
P42: Tổng | Q42: =SUM(Q3:Q41) -> 445.5
A44: Vàng = nhân viên mới ngày đầu (P22). Xanh = nhân viên đang ghi A2 (cột Ghi chú cho biết ngày thứ mấy trong 12 ngày).

Sheet Loss time 27-10
A1: LOSS TIME WHITE WOOD - 27/10/2026
A2: Week | B2: Date (Ngày) | C2: Item's Mã hàng | D2: Code Máy Hư | E2: Q'ty | F2: Số NCR/ME | G2: Khu vực phát sinh/bộ phận hỗ trợ | H2: Code | I2: Name code | J2: Chart / bộ phận chịu trách nhiệm | K2: Lí Do | L2: Ghi chú | M2: From | N2: To | O2: LossTime (Hr) | P2: HC | Q2: Loss time labor (Hrs)
A3: ="W"&WEEKNUM(B3,21) -> W44 | B3: 46322 | G3: RC - WOOD | H3: P20 | I3: Dailly Cleaning | J3: RC WOOD | K3: Vệ sinh khu vực máy móc RC WOOD | M3: 0.29166667 | N3: 0.3125 | O3: =(N3-M3)*24 -> 0.5 | P3: 7 | Q3: =P3*O3 -> 3.5
A4: ="W"&WEEKNUM(B4,21) -> W44 | B4: 46322 | G4: RC - PANEL | H4: P20 | I4: Dailly Cleaning | J4: RC - PANEL | K4: Vệ sinh khu vực máy móc RC PANEL | M4: 0.29166667 | N4: 0.3125 | O4: =(N4-M4)*24 -> 0.5 | P4: 18 | Q4: =P4*O4 -> 9
A5: ="W"&WEEKNUM(B5,21) -> W44 | B5: 46322 | G5: Machining | H5: P20 | I5: Dailly Cleaning | J5: Machining | K5: Vệ sinh khu vực máy móc MAC FINAL | M5: 0.29166667 | N5: 0.3125 | O5: =(N5-M5)*24 -> 0.5 | P5: 7 | Q5: =P5*O5 -> 3.5
A6: ="W"&WEEKNUM(B6,21) -> W44 | B6: 46322 | G6: Machining | H6: P20 | I6: Dailly Cleaning | J6: Machining | K6: Vệ sinh khu vực máy móc PRE MAC | M6: 0.29166667 | N6: 0.3125 | O6: =(N6-M6)*24 -> 0.5 | P6: 12 | Q6: =P6*O6 -> 6
A7: ="W"&WEEKNUM(B7,21) -> W44 | B7: 46322 | G7: Assembly | H7: P20 | I7: Dailly Cleaning | J7: Assembly | K7: Quét nhà toàn xưởng khu vực ASSY | M7: 0.3125 | N7: 0.83333333 | O7: =(N7-M7)*24 -> 12.5 | P7: 2 | Q7: =P7*O7 -> 25
A8: ="W"&WEEKNUM(B8,21) -> W44 | B8: 46322 | G8: RC - PANEL | H8: P26 | I8: Recorder/ Supporter | J8: RC - PANEL | K8: Shop Floor data RC PANEL | L8: Recorder | M8: 0.3125 | N8: 0.83333333 | O8: =(N8-M8)*24 -> 12.5 | P8: 4 | Q8: =P8*O8 -> 50
A9: ="W"&WEEKNUM(B9,21) -> W44 | B9: 46322 | G9: Machining | H9: P26 | I9: Recorder/ Supporter | J9: Machining | K9: Shop Floor data- STOCK ROOM | L9: Recorder | M9: 0.3125 | N9: 0.83333333 | O9: =(N9-M9)*24 -> 12.5 | P9: 1 | Q9: =P9*O9 -> 12.5
A10: ="W"&WEEKNUM(B10,21) -> W44 | B10: 46322 | G10: Machining | H10: P26 | I10: Recorder/ Supporter | J10: Machining | K10: Shop Floor data MAC FINAL | L10: Recorder | M10: 0.3125 | N10: 0.83333333 | O10: =(N10-M10)*24 -> 12.5 | P10: 1 | Q10: =P10*O10 -> 12.5
A11: ="W"&WEEKNUM(B11,21) -> W44 | B11: 46322 | G11: RC - PANEL | H11: P26 | I11: Recorder/ Supporter | J11: RC - PANEL | K11: Theo dõi Hàng venner làm xong | L11: Recorder | M11: 0.3125 | N11: 0.83333333 | O11: =(N11-M11)*24 -> 12.5 | P11: 1 | Q11: =P11*O11 -> 12.5
A12: ="W"&WEEKNUM(B12,21) -> W44 | B12: 46322 | G12: RC - PANEL | H12: P26 | I12: Recorder/ Supporter | J12: RC - PANEL | K12: Nhận venner cho ép nóng | L12: Supporter | M12: 0.3125 | N12: 0.83333333 | O12: =(N12-M12)*24 -> 12.5 | P12: 1 | Q12: =P12*O12 -> 12.5
A13: ="W"&WEEKNUM(B13,21) -> W44 | B13: 46322 | G13: RC - WOOD | H13: P26 | I13: Recorder/ Supporter | J13: RC WOOD | K13: Lựa hàng tinh giao mac- gỗ đẹp xấu | L13: Supporter | M13: 0.3125 | N13: 0.83333333 | O13: =(N13-M13)*24 -> 12.5 | P13: 1 | Q13: =P13*O13 -> 12.5
A14: ="W"&WEEKNUM(B14,21) -> W44 | B14: 46322 | G14: RC - PANEL | H14: P26 | I14: Recorder/ Supporter | J14: RC - PANEL | K14: Ghi nhận hàng giao kho | L14: Recorder | M14: 0.3125 | N14: 0.83333333 | O14: =(N14-M14)*24 -> 12.5 | P14: 1 | Q14: =P14*O14 -> 12.5
A15: ="W"&WEEKNUM(B15,21) -> W44 | B15: 46322 | G15: RC - PANEL | H15: P26 | I15: Recorder/ Supporter | J15: RC - PANEL | K15: Kiểm hàng chất lượng vào kho | L15: Supporter | M15: 0.3125 | N15: 0.83333333 | O15: =(N15-M15)*24 -> 12.5 | P15: 1 | Q15: =P15*O15 -> 12.5
A16: ="W"&WEEKNUM(B16,21) -> W44 | B16: 46322 | G16: RC - PANEL | H16: P26 | I16: Recorder/ Supporter | J16: Machining | K16: Nhận hàng gỗ đầu vào từ RC | L16: Supporter | M16: 0.3125 | N16: 0.83333333 | O16: =(N16-M16)*24 -> 12.5 | P16: 1 | Q16: =P16*O16 -> 12.5
A17: ="W"&WEEKNUM(B17,21) -> W44 | B17: 46322 | G17: Machining | H17: P26 | I17: Recorder/ Supporter | J17: Machining | K17: Ghi nhận hàng giao kho | L17: Recorder | M17: 0.3125 | N17: 0.83333333 | O17: =(N17-M17)*24 -> 12.5 | P17: 1 | Q17: =P17*O17 -> 12.5
A18: ="W"&WEEKNUM(B18,21) -> W44 | B18: 46322 | G18: Machining | H18: P26 | I18: Recorder/ Supporter | J18: Machining | K18: quét nhà toàn xưởng khu vực ASSY | L18: Supporter | M18: 0.3125 | N18: 0.83333333 | O18: =(N18-M18)*24 -> 12.5 | P18: 1 | Q18: =P18*O18 -> 12.5
A19: ="W"&WEEKNUM(B19,21) -> W44 | B19: 46322 | G19: Machining | H19: P26 | I19: Recorder/ Supporter | J19: Machining | K19: Theo hàng pilot -hàng test-spo-subcon-NCR | L19: Recorder | M19: 0.3125 | N19: 0.83333333 | O19: =(N19-M19)*24 -> 12.5 | P19: 1 | Q19: =P19*O19 -> 12.5
... A22: ="W"&WEEKNUM(B22,21) -> W44 | B22: 46322 | G22: Assembly | H22: P26 | I22: Recorder/ Supporter | J22: Assembly | K22: Giao nhận HW- phát HW cho Line sx | L22: Supporter | M22: 0.3125 | N22: 0.83333333 | O22: =(N22-M22)*24 -> 12.5 | P22: 1 | Q22: =P22*O22 -> 12.5
A23: ="W"&WEEKNUM(B23,21) -> W44 | B23: 46322 | G23: Assembly | H23: P22 | I23: HR Training New Workers | J23: HR/HSE | K23: Đào tạo công nhân mới | M23: 0.33333333 | N23: 0.66666667 | O23: =(N23-M23)*24 -> 8 | P23: 4 | Q23: =P23*O23 -> 32
A24: ="W"&WEEKNUM(B24,21) -> W44 | B24: 46322 | G24: Raw Cutting Panel | H24: P22 | I24: HR Training New Workers | J24: HR/HSE | K24: Đào tạo công nhân mới | M24: 0.33333333 | N24: 0.66666667 | O24: =(N24-M24)*24 -> 8 | P24: 1 | Q24: =P24*O24 -> 8
A25: ="W"&WEEKNUM(B25,21) -> W44 | B25: 46322 | G25: Raw Cutting Panel | H25: A2 | I25: Training | J25: HR/HSE | K25: HC mới- 50% hiệu suất- 2 tuần-13/10 | L25: A2 ngày 12/12 - nhóm 13/10 | M25: 0.3125 | N25: 0.5 | O25: =(N25-M25)*24 -> 4.5 | P25: 4 | Q25: =P25*O25 -> 18
A26: ="W"&WEEKNUM(B26,21) -> W44 | B26: 46322 | G26: Machining | H26: A2 | I26: Training | J26: HR/HSE | K26: HC mới- 50% hiệu suất- 2 tuần-13/10 | L26: A2 ngày 12/12 - nhóm 13/10 | M26: 0.3125 | N26: 0.5 | O26: =(N26-M26)*24 -> 4.5 | P26: 1 | Q26: =P26*O26 -> 4.5
A27: ="W"&WEEKNUM(B27,21) -> W44 | B27: 46322 | G27: Assembly | H27: A2 | I27: Training | J27: HR/HSE | K27: HC mới- 50% hiệu suất- 2 tuần-14/10 | L27: A2 ngày 12/12 - nhóm 14/10 | M27: 0.3125 | N27: 0.5 | O27: =(N27-M27)*24 -> 4.5 | P27: 1 | Q27: =P27*O27 -> 4.5
A28: ="W"&WEEKNUM(B28,21) -> W44 | B28: 46322 | G28: Assembly | H28: A2 | I28: Training | J28: HR/HSE | K28: HC mới- 50% hiệu suất- 2 tuần-15/10 | L28: A2 ngày 11/12 - nhóm 15/10 | M28: 0.3125 | N28: 0.5 | O28: =(N28-M28)*24 -> 4.5 | P28: 4 | Q28: =P28*O28 -> 18
A29: ="W"&WEEKNUM(B29,21) -> W44 | B29: 46322 | G29: Assembly | H29: A2 | I29: Training | J29: HR/HSE | K29: HC mới- 50% hiệu suất- 2 tuần-16/10 | L29: A2 ngày 10/12 - nhóm 16/10 | M29: 0.3125 | N29: 0.5 | O29: =(N29-M29)*24 -> 4.5 | P29: 1 | Q29: =P29*O29 -> 4.5
A30: ="W"&WEEKNUM(B30,21) -> W44 | B30: 46322 | G30: Assembly | H30: A2 | I30: Training | J30: HR/HSE | K30: HC mới- 50% hiệu suất- 2 tuần-19/10 | L30: A2 ngày 8/12 - nhóm 19/10 | M30: 0.3125 | N30: 0.5 | O30: =(N30-M30)*24 -> 4.5 | P30: 2 | Q30: =P30*O30 -> 9
A31: ="W"&WEEKNUM(B31,21) -> W44 | B31: 46322 | G31: Machining | H31: A2 | I31: Training | J31: HR/HSE | K31: HC mới- 50% hiệu suất- 2 tuần-19/10 | L31: A2 ngày 7/12 - nhóm 19/10 | M31: 0.3125 | N31: 0.5 | O31: =(N31-M31)*24 -> 4.5 | P31: 1 | Q31: =P31*O31 -> 4.5
A32: ="W"&WEEKNUM(B32,21) -> W44 | B32: 46322 | G32: Assembly | H32: A2 | I32: Training | J32: HR/HSE | K32: HC mới- 50% hiệu suất- 2 tuần-20/10 | L32: A2 ngày 7/12 - nhóm 20/10 | M32: 0.3125 | N32: 0.5 | O32: =(N32-M32)*24 -> 4.5 | P32: 4 | Q32: =P32*O32 -> 18
A33: ="W"&WEEKNUM(B33,21) -> W44 | B33: 46322 | G33: Machining | H33: A2 | I33: Training | J33: HR/HSE | K33: HC mới- 50% hiệu suất- 2 tuần-20/10 | L33: A2 ngày 6/12 - nhóm 20/10 | M33: 0.3125 | N33: 0.5 | O33: =(N33-M33)*24 -> 4.5 | P33: 2 | Q33: =P33*O33 -> 9
A34: ="W"&WEEKNUM(B34,21) -> W44 | B34: 46322 | G34: Raw Cutting Panel | H34: A2 | I34: Training | J34: HR/HSE | K34: HC mới- 50% hiệu suất- 2 tuần-21/10 | L34: A2 ngày 5/12 - nhóm 21/10 | M34: 0.3125 | N34: 0.5 | O34: =(N34-M34)*24 -> 4.5 | P34: 1 | Q34: =P34*O34 -> 4.5
A35: ="W"&WEEKNUM(B35,21) -> W44 | B35: 46322 | G35: Machining | H35: A2 | I35: Training | J35: HR/HSE | K35: HC mới- 50% hiệu suất- 2 tuần-21/10 | L35: A2 ngày 5/12 - nhóm 21/10 | M35: 0.3125 | N35: 0.5 | O35: =(N35-M35)*24 -> 4.5 | P35: 2 | Q35: =P35*O35 -> 9
A36: ="W"&WEEKNUM(B36,21) -> W44 | B36: 46322 | G36: Assembly | H36: A2 | I36: Training | J36: HR/HSE | K36: HC mới- 50% hiệu suất- 2 tuần-21/10 | L36: A2 ngày 6/12 - nhóm 21/10 | M36: 0.3125 | N36: 0.5 | O36: =(N36-M36)*24 -> 4.5 | P36: 2 | Q36: =P36*O36 -> 9
... A41: ="W"&WEEKNUM(B41,21) -> W44 | B41: 46322 | G41: Assembly | H41: A2 | I41: Training | J41: HR/HSE | K41: HC mới- 50% hiệu suất- 2 tuần-26/10 | L41: A2 ngày 1/12 - nhóm 26/10 | M41: 0.3125 | N41: 0.5 | O41: =(N41-M41)*24 -> 4.5 | P41: 2 | Q41: =P41*O41 -> 9
P42: Tổng | Q42: =SUM(Q3:Q41) -> 465
A44: Vàng = nhân viên mới ngày đầu (P22). Xanh = nhân viên đang ghi A2 (cột Ghi chú cho biết ngày thứ mấy trong 12 ngày).

Sheet Loss time 28-10
A1: LOSS TIME WHITE WOOD - 28/10/2026
A2: Week | B2: Date (Ngày) | C2: Item's Mã hàng | D2: Code Máy Hư | E2: Q'ty | F2: Số NCR/ME | G2: Khu vực phát sinh/bộ phận hỗ trợ | H2: Code | I2: Name code | J2: Chart / bộ phận chịu trách nhiệm | K2: Lí Do | L2: Ghi chú | M2: From | N2: To | O2: LossTime (Hr) | P2: HC | Q2: Loss time labor (Hrs)
A3: ="W"&WEEKNUM(B3,21) -> W44 | B3: 46323 | G3: RC - WOOD | H3: P20 | I3: Dailly Cleaning | J3: RC WOOD | K3: Vệ sinh khu vực máy móc RC WOOD | M3: 0.29166667 | N3: 0.3125 | O3: =(N3-M3)*24 -> 0.5 | P3: 7 | Q3: =P3*O3 -> 3.5
A4: ="W"&WEEKNUM(B4,21) -> W44 | B4: 46323 | G4: RC - PANEL | H4: P20 | I4: Dailly Cleaning | J4: RC - PANEL | K4: Vệ sinh khu vực máy móc RC PANEL | M4: 0.29166667 | N4: 0.3125 | O4: =(N4-M4)*24 -> 0.5 | P4: 18 | Q4: =P4*O4 -> 9
A5: ="W"&WEEKNUM(B5,21) -> W44 | B5: 46323 | G5: Machining | H5: P20 | I5: Dailly Cleaning | J5: Machining | K5: Vệ sinh khu vực máy móc MAC FINAL | M5: 0.29166667 | N5: 0.3125 | O5: =(N5-M5)*24 -> 0.5 | P5: 7 | Q5: =P5*O5 -> 3.5
A6: ="W"&WEEKNUM(B6,21) -> W44 | B6: 46323 | G6: Machining | H6: P20 | I6: Dailly Cleaning | J6: Machining | K6: Vệ sinh khu vực máy móc PRE MAC | M6: 0.29166667 | N6: 0.3125 | O6: =(N6-M6)*24 -> 0.5 | P6: 12 | Q6: =P6*O6 -> 6
A7: ="W"&WEEKNUM(B7,21) -> W44 | B7: 46323 | G7: Assembly | H7: P20 | I7: Dailly Cleaning | J7: Assembly | K7: Quét nhà toàn xưởng khu vực ASSY | M7: 0.3125 | N7: 0.83333333 | O7: =(N7-M7)*24 -> 12.5 | P7: 2 | Q7: =P7*O7 -> 25
A8: ="W"&WEEKNUM(B8,21) -> W44 | B8: 46323 | G8: RC - PANEL | H8: P26 | I8: Recorder/ Supporter | J8: RC - PANEL | K8: Shop Floor data RC PANEL | L8: Recorder | M8: 0.3125 | N8: 0.83333333 | O8: =(N8-M8)*24 -> 12.5 | P8: 4 | Q8: =P8*O8 -> 50
A9: ="W"&WEEKNUM(B9,21) -> W44 | B9: 46323 | G9: Machining | H9: P26 | I9: Recorder/ Supporter | J9: Machining | K9: Shop Floor data- STOCK ROOM | L9: Recorder | M9: 0.3125 | N9: 0.83333333 | O9: =(N9-M9)*24 -> 12.5 | P9: 1 | Q9: =P9*O9 -> 12.5
A10: ="W"&WEEKNUM(B10,21) -> W44 | B10: 46323 | G10: Machining | H10: P26 | I10: Recorder/ Supporter | J10: Machining | K10: Shop Floor data MAC FINAL | L10: Recorder | M10: 0.3125 | N10: 0.83333333 | O10: =(N10-M10)*24 -> 12.5 | P10: 1 | Q10: =P10*O10 -> 12.5
A11: ="W"&WEEKNUM(B11,21) -> W44 | B11: 46323 | G11: RC - PANEL | H11: P26 | I11: Recorder/ Supporter | J11: RC - PANEL | K11: Theo dõi Hàng venner làm xong | L11: Recorder | M11: 0.3125 | N11: 0.83333333 | O11: =(N11-M11)*24 -> 12.5 | P11: 1 | Q11: =P11*O11 -> 12.5
A12: ="W"&WEEKNUM(B12,21) -> W44 | B12: 46323 | G12: RC - PANEL | H12: P26 | I12: Recorder/ Supporter | J12: RC - PANEL | K12: Nhận venner cho ép nóng | L12: Supporter | M12: 0.3125 | N12: 0.83333333 | O12: =(N12-M12)*24 -> 12.5 | P12: 1 | Q12: =P12*O12 -> 12.5
A13: ="W"&WEEKNUM(B13,21) -> W44 | B13: 46323 | G13: RC - WOOD | H13: P26 | I13: Recorder/ Supporter | J13: RC WOOD | K13: Lựa hàng tinh giao mac- gỗ đẹp xấu | L13: Supporter | M13: 0.3125 | N13: 0.83333333 | O13: =(N13-M13)*24 -> 12.5 | P13: 1 | Q13: =P13*O13 -> 12.5
A14: ="W"&WEEKNUM(B14,21) -> W44 | B14: 46323 | G14: RC - PANEL | H14: P26 | I14: Recorder/ Supporter | J14: RC - PANEL | K14: Ghi nhận hàng giao kho | L14: Recorder | M14: 0.3125 | N14: 0.83333333 | O14: =(N14-M14)*24 -> 12.5 | P14: 1 | Q14: =P14*O14 -> 12.5
A15: ="W"&WEEKNUM(B15,21) -> W44 | B15: 46323 | G15: RC - PANEL | H15: P26 | I15: Recorder/ Supporter | J15: RC - PANEL | K15: Kiểm hàng chất lượng vào kho | L15: Supporter | M15: 0.3125 | N15: 0.83333333 | O15: =(N15-M15)*24 -> 12.5 | P15: 1 | Q15: =P15*O15 -> 12.5
A16: ="W"&WEEKNUM(B16,21) -> W44 | B16: 46323 | G16: RC - PANEL | H16: P26 | I16: Recorder/ Supporter | J16: Machining | K16: Nhận hàng gỗ đầu vào từ RC | L16: Supporter | M16: 0.3125 | N16: 0.83333333 | O16: =(N16-M16)*24 -> 12.5 | P16: 1 | Q16: =P16*O16 -> 12.5
A17: ="W"&WEEKNUM(B17,21) -> W44 | B17: 46323 | G17: Machining | H17: P26 | I17: Recorder/ Supporter | J17: Machining | K17: Ghi nhận hàng giao kho | L17: Recorder | M17: 0.3125 | N17: 0.83333333 | O17: =(N17-M17)*24 -> 12.5 | P17: 1 | Q17: =P17*O17 -> 12.5
A18: ="W"&WEEKNUM(B18,21) -> W44 | B18: 46323 | G18: Machining | H18: P26 | I18: Recorder/ Supporter | J18: Machining | K18: quét nhà toàn xưởng khu vực ASSY | L18: Supporter | M18: 0.3125 | N18: 0.83333333 | O18: =(N18-M18)*24 -> 12.5 | P18: 1 | Q18: =P18*O18 -> 12.5
A19: ="W"&WEEKNUM(B19,21) -> W44 | B19: 46323 | G19: Machining | H19: P26 | I19: Recorder/ Supporter | J19: Machining | K19: Theo hàng pilot -hàng test-spo-subcon-NCR | L19: Recorder | M19: 0.3125 | N19: 0.83333333 | O19: =(N19-M19)*24 -> 12.5 | P19: 1 | Q19: =P19*O19 -> 12.5
... A22: ="W"&WEEKNUM(B22,21) -> W44 | B22: 46323 | G22: Assembly | H22: P26 | I22: Recorder/ Supporter | J22: Assembly | K22: Giao nhận HW- phát HW cho Line sx | L22: Supporter | M22: 0.3125 | N22: 0.83333333 | O22: =(N22-M22)*24 -> 12.5 | P22: 1 | Q22: =P22*O22 -> 12.5
A23: ="W"&WEEKNUM(B23,21) -> W44 | B23: 46323 | G23: Assembly | H23: P22 | I23: HR Training New Workers | J23: HR/HSE | K23: Đào tạo công nhân mới | M23: 0.33333333 | N23: 0.66666667 | O23: =(N23-M23)*24 -> 8 | P23: 2 | Q23: =P23*O23 -> 16
A24: ="W"&WEEKNUM(B24,21) -> W44 | B24: 46323 | G24: Machining | H24: P22 | I24: HR Training New Workers | J24: HR/HSE | K24: Đào tạo công nhân mới | M24: 0.33333333 | N24: 0.66666667 | O24: =(N24-M24)*24 -> 8 | P24: 2 | Q24: =P24*O24 -> 16
A25: ="W"&WEEKNUM(B25,21) -> W44 | B25: 46323 | G25: Raw Cutting Panel | H25: P22 | I25: HR Training New Workers | J25: HR/HSE | K25: Đào tạo công nhân mới | M25: 0.33333333 | N25: 0.66666667 | O25: =(N25-M25)*24 -> 8 | P25: 2 | Q25: =P25*O25 -> 16
A26: ="W"&WEEKNUM(B26,21) -> W44 | B26: 46323 | G26: Assembly | H26: A2 | I26: Training | J26: HR/HSE | K26: HC mới- 50% hiệu suất- 2 tuần-15/10 | L26: A2 ngày 12/12 - nhóm 15/10 | M26: 0.3125 | N26: 0.5 | O26: =(N26-M26)*24 -> 4.5 | P26: 4 | Q26: =P26*O26 -> 18
A27: ="W"&WEEKNUM(B27,21) -> W44 | B27: 46323 | G27: Assembly | H27: A2 | I27: Training | J27: HR/HSE | K27: HC mới- 50% hiệu suất- 2 tuần-16/10 | L27: A2 ngày 11/12 - nhóm 16/10 | M27: 0.3125 | N27: 0.5 | O27: =(N27-M27)*24 -> 4.5 | P27: 1 | Q27: =P27*O27 -> 4.5
A28: ="W"&WEEKNUM(B28,21) -> W44 | B28: 46323 | G28: Assembly | H28: A2 | I28: Training | J28: HR/HSE | K28: HC mới- 50% hiệu suất- 2 tuần-19/10 | L28: A2 ngày 9/12 - nhóm 19/10 | M28: 0.3125 | N28: 0.5 | O28: =(N28-M28)*24 -> 4.5 | P28: 2 | Q28: =P28*O28 -> 9
A29: ="W"&WEEKNUM(B29,21) -> W44 | B29: 46323 | G29: Machining | H29: A2 | I29: Training | J29: HR/HSE | K29: HC mới- 50% hiệu suất- 2 tuần-19/10 | L29: A2 ngày 8/12 - nhóm 19/10 | M29: 0.3125 | N29: 0.5 | O29: =(N29-M29)*24 -> 4.5 | P29: 1 | Q29: =P29*O29 -> 4.5
A30: ="W"&WEEKNUM(B30,21) -> W44 | B30: 46323 | G30: Assembly | H30: A2 | I30: Training | J30: HR/HSE | K30: HC mới- 50% hiệu suất- 2 tuần-20/10 | L30: A2 ngày 8/12 - nhóm 20/10 | M30: 0.3125 | N30: 0.5 | O30: =(N30-M30)*24 -> 4.5 | P30: 4 | Q30: =P30*O30 -> 18
A31: ="W"&WEEKNUM(B31,21) -> W44 | B31: 46323 | G31: Machining | H31: A2 | I31: Training | J31: HR/HSE | K31: HC mới- 50% hiệu suất- 2 tuần-20/10 | L31: A2 ngày 7/12 - nhóm 20/10 | M31: 0.3125 | N31: 0.5 | O31: =(N31-M31)*24 -> 4.5 | P31: 2 | Q31: =P31*O31 -> 9
A32: ="W"&WEEKNUM(B32,21) -> W44 | B32: 46323 | G32: Raw Cutting Panel | H32: A2 | I32: Training | J32: HR/HSE | K32: HC mới- 50% hiệu suất- 2 tuần-21/10 | L32: A2 ngày 6/12 - nhóm 21/10 | M32: 0.3125 | N32: 0.5 | O32: =(N32-M32)*24 -> 4.5 | P32: 1 | Q32: =P32*O32 -> 4.5
A33: ="W"&WEEKNUM(B33,21) -> W44 | B33: 46323 | G33: Machining | H33: A2 | I33: Training | J33: HR/HSE | K33: HC mới- 50% hiệu suất- 2 tuần-21/10 | L33: A2 ngày 6/12 - nhóm 21/10 | M33: 0.3125 | N33: 0.5 | O33: =(N33-M33)*24 -> 4.5 | P33: 2 | Q33: =P33*O33 -> 9
A34: ="W"&WEEKNUM(B34,21) -> W44 | B34: 46323 | G34: Assembly | H34: A2 | I34: Training | J34: HR/HSE | K34: HC mới- 50% hiệu suất- 2 tuần-21/10 | L34: A2 ngày 7/12 - nhóm 21/10 | M34: 0.3125 | N34: 0.5 | O34: =(N34-M34)*24 -> 4.5 | P34: 2 | Q34: =P34*O34 -> 9
A35: ="W"&WEEKNUM(B35,21) -> W44 | B35: 46323 | G35: Raw Cutting Panel | H35: A2 | I35: Training | J35: HR/HSE | K35: HC mới- 50% hiệu suất- 2 tuần-22/10 | L35: A2 ngày 5/12 - nhóm 22/10 | M35: 0.3125 | N35: 0.5 | O35: =(N35-M35)*24 -> 4.5 | P35: 3 | Q35: =P35*O35 -> 13.5
A36: ="W"&WEEKNUM(B36,21) -> W44 | B36: 46323 | G36: Machining | H36: A2 | I36: Training | J36: HR/HSE | K36: HC mới- 50% hiệu suất- 2 tuần-22/10 | L36: A2 ngày 5/12 - nhóm 22/10 | M36: 0.3125 | N36: 0.5 | O36: =(N36-M36)*24 -> 4.5 | P36: 1 | Q36: =P36*O36 -> 4.5
A37: ="W"&WEEKNUM(B37,21) -> W44 | B37: 46323 | G37: Assembly | H37: A2 | I37: Training | J37: HR/HSE | K37: HC mới- 50% hiệu suất- 2 tuần-22/10 | L37: A2 ngày 6/12 - nhóm 22/10 | M37: 0.3125 | N37: 0.5 | O37: =(N37-M37)*24 -> 4.5 | P37: 2 | Q37: =P37*O37 -> 9
... A41: ="W"&WEEKNUM(B41,21) -> W44 | B41: 46323 | G41: Raw Cutting Panel | H41: A2 | I41: Training | J41: HR/HSE | K41: HC mới- 50% hiệu suất- 2 tuần-27/10 | L41: A2 ngày 1/12 - nhóm 27/10 | M41: 0.3125 | N41: 0.5 | O41: =(N41-M41)*24 -> 4.5 | P41: 1 | Q41: =P41*O41 -> 4.5
P42: Tổng | Q42: =SUM(Q3:Q41) -> 468.5
A44: Vàng = nhân viên mới ngày đầu (P22). Xanh = nhân viên đang ghi A2 (cột Ghi chú cho biết ngày thứ mấy trong 12 ngày).

Sheet Loss time 29-10
A1: LOSS TIME WHITE WOOD - 29/10/2026
A2: Week | B2: Date (Ngày) | C2: Item's Mã hàng | D2: Code Máy Hư | E2: Q'ty | F2: Số NCR/ME | G2: Khu vực phát sinh/bộ phận hỗ trợ | H2: Code | I2: Name code | J2: Chart / bộ phận chịu trách nhiệm | K2: Lí Do | L2: Ghi chú | M2: From | N2: To | O2: LossTime (Hr) | P2: HC | Q2: Loss time labor (Hrs)
A3: ="W"&WEEKNUM(B3,21) -> W44 | B3: 46324 | G3: RC - WOOD | H3: P20 | I3: Dailly Cleaning | J3: RC WOOD | K3: Vệ sinh khu vực máy móc RC WOOD | M3: 0.29166667 | N3: 0.3125 | O3: =(N3-M3)*24 -> 0.5 | P3: 7 | Q3: =P3*O3 -> 3.5
A4: ="W"&WEEKNUM(B4,21) -> W44 | B4: 46324 | G4: RC - PANEL | H4: P20 | I4: Dailly Cleaning | J4: RC - PANEL | K4: Vệ sinh khu vực máy móc RC PANEL | M4: 0.29166667 | N4: 0.3125 | O4: =(N4-M4)*24 -> 0.5 | P4: 18 | Q4: =P4*O4 -> 9
A5: ="W"&WEEKNUM(B5,21) -> W44 | B5: 46324 | G5: Machining | H5: P20 | I5: Dailly Cleaning | J5: Machining | K5: Vệ sinh khu vực máy móc MAC FINAL | M5: 0.29166667 | N5: 0.3125 | O5: =(N5-M5)*24 -> 0.5 | P5: 7 | Q5: =P5*O5 -> 3.5
A6: ="W"&WEEKNUM(B6,21) -> W44 | B6: 46324 | G6: Machining | H6: P20 | I6: Dailly Cleaning | J6: Machining | K6: Vệ sinh khu vực máy móc PRE MAC | M6: 0.29166667 | N6: 0.3125 | O6: =(N6-M6)*24 -> 0.5 | P6: 12 | Q6: =P6*O6 -> 6
A7: ="W"&WEEKNUM(B7,21) -> W44 | B7: 46324 | G7: Assembly | H7: P20 | I7: Dailly Cleaning | J7: Assembly | K7: Quét nhà toàn xưởng khu vực ASSY | M7: 0.3125 | N7: 0.83333333 | O7: =(N7-M7)*24 -> 12.5 | P7: 2 | Q7: =P7*O7 -> 25
A8: ="W"&WEEKNUM(B8,21) -> W44 | B8: 46324 | G8: RC - PANEL | H8: P26 | I8: Recorder/ Supporter | J8: RC - PANEL | K8: Shop Floor data RC PANEL | L8: Recorder | M8: 0.3125 | N8: 0.83333333 | O8: =(N8-M8)*24 -> 12.5 | P8: 4 | Q8: =P8*O8 -> 50
A9: ="W"&WEEKNUM(B9,21) -> W44 | B9: 46324 | G9: Machining | H9: P26 | I9: Recorder/ Supporter | J9: Machining | K9: Shop Floor data- STOCK ROOM | L9: Recorder | M9: 0.3125 | N9: 0.83333333 | O9: =(N9-M9)*24 -> 12.5 | P9: 1 | Q9: =P9*O9 -> 12.5
A10: ="W"&WEEKNUM(B10,21) -> W44 | B10: 46324 | G10: Machining | H10: P26 | I10: Recorder/ Supporter | J10: Machining | K10: Shop Floor data MAC FINAL | L10: Recorder | M10: 0.3125 | N10: 0.83333333 | O10: =(N10-M10)*24 -> 12.5 | P10: 1 | Q10: =P10*O10 -> 12.5
A11: ="W"&WEEKNUM(B11,21) -> W44 | B11: 46324 | G11: RC - PANEL | H11: P26 | I11: Recorder/ Supporter | J11: RC - PANEL | K11: Theo dõi Hàng venner làm xong | L11: Recorder | M11: 0.3125 | N11: 0.83333333 | O11: =(N11-M11)*24 -> 12.5 | P11: 1 | Q11: =P11*O11 -> 12.5
A12: ="W"&WEEKNUM(B12,21) -> W44 | B12: 46324 | G12: RC - PANEL | H12: P26 | I12: Recorder/ Supporter | J12: RC - PANEL | K12: Nhận venner cho ép nóng | L12: Supporter | M12: 0.3125 | N12: 0.83333333 | O12: =(N12-M12)*24 -> 12.5 | P12: 1 | Q12: =P12*O12 -> 12.5
A13: ="W"&WEEKNUM(B13,21) -> W44 | B13: 46324 | G13: RC - WOOD | H13: P26 | I13: Recorder/ Supporter | J13: RC WOOD | K13: Lựa hàng tinh giao mac- gỗ đẹp xấu | L13: Supporter | M13: 0.3125 | N13: 0.83333333 | O13: =(N13-M13)*24 -> 12.5 | P13: 1 | Q13: =P13*O13 -> 12.5
A14: ="W"&WEEKNUM(B14,21) -> W44 | B14: 46324 | G14: RC - PANEL | H14: P26 | I14: Recorder/ Supporter | J14: RC - PANEL | K14: Ghi nhận hàng giao kho | L14: Recorder | M14: 0.3125 | N14: 0.83333333 | O14: =(N14-M14)*24 -> 12.5 | P14: 1 | Q14: =P14*O14 -> 12.5
A15: ="W"&WEEKNUM(B15,21) -> W44 | B15: 46324 | G15: RC - PANEL | H15: P26 | I15: Recorder/ Supporter | J15: RC - PANEL | K15: Kiểm hàng chất lượng vào kho | L15: Supporter | M15: 0.3125 | N15: 0.83333333 | O15: =(N15-M15)*24 -> 12.5 | P15: 1 | Q15: =P15*O15 -> 12.5
A16: ="W"&WEEKNUM(B16,21) -> W44 | B16: 46324 | G16: RC - PANEL | H16: P26 | I16: Recorder/ Supporter | J16: Machining | K16: Nhận hàng gỗ đầu vào từ RC | L16: Supporter | M16: 0.3125 | N16: 0.83333333 | O16: =(N16-M16)*24 -> 12.5 | P16: 1 | Q16: =P16*O16 -> 12.5
A17: ="W"&WEEKNUM(B17,21) -> W44 | B17: 46324 | G17: Machining | H17: P26 | I17: Recorder/ Supporter | J17: Machining | K17: Ghi nhận hàng giao kho | L17: Recorder | M17: 0.3125 | N17: 0.83333333 | O17: =(N17-M17)*24 -> 12.5 | P17: 1 | Q17: =P17*O17 -> 12.5
A18: ="W"&WEEKNUM(B18,21) -> W44 | B18: 46324 | G18: Machining | H18: P26 | I18: Recorder/ Supporter | J18: Machining | K18: quét nhà toàn xưởng khu vực ASSY | L18: Supporter | M18: 0.3125 | N18: 0.83333333 | O18: =(N18-M18)*24 -> 12.5 | P18: 1 | Q18: =P18*O18 -> 12.5
A19: ="W"&WEEKNUM(B19,21) -> W44 | B19: 46324 | G19: Machining | H19: P26 | I19: Recorder/ Supporter | J19: Machining | K19: Theo hàng pilot -hàng test-spo-subcon-NCR | L19: Recorder | M19: 0.3125 | N19: 0.83333333 | O19: =(N19-M19)*24 -> 12.5 | P19: 1 | Q19: =P19*O19 -> 12.5
... A40: ="W"&WEEKNUM(B40,21) -> W44 | B40: 46324 | G40: Raw Cutting Panel | H40: A2 | I40: Training | J40: HR/HSE | K40: HC mới- 50% hiệu suất- 2 tuần-28/10 | L40: A2 ngày 1/12 - nhóm 28/10 | M40: 0.3125 | N40: 0.5 | O40: =(N40-M40)*24 -> 4.5 | P40: 2 | Q40: =P40*O40 -> 9
P41: Tổng | Q41: =SUM(Q3:Q40) -> 429.5
A43: Vàng = nhân viên mới ngày đầu (P22). Xanh = nhân viên đang ghi A2 (cột Ghi chú cho biết ngày thứ mấy trong 12 ngày).

Sheet Loss time 30-10
A1: LOSS TIME WHITE WOOD - 30/10/2026
A2: Week | B2: Date (Ngày) | C2: Item's Mã hàng | D2: Code Máy Hư | E2: Q'ty | F2: Số NCR/ME | G2: Khu vực phát sinh/bộ phận hỗ trợ | H2: Code | I2: Name code | J2: Chart / bộ phận chịu trách nhiệm | K2: Lí Do | L2: Ghi chú | M2: From | N2: To | O2: LossTime (Hr) | P2: HC | Q2: Loss time labor (Hrs)
A3: ="W"&WEEKNUM(B3,21) -> W44 | B3: 46325 | G3: RC - WOOD | H3: P20 | I3: Dailly Cleaning | J3: RC WOOD | K3: Vệ sinh khu vực máy móc RC WOOD | M3: 0.29166667 | N3: 0.3125 | O3: =(N3-M3)*24 -> 0.5 | P3: 7 | Q3: =P3*O3 -> 3.5
A4: ="W"&WEEKNUM(B4,21) -> W44 | B4: 46325 | G4: RC - PANEL | H4: P20 | I4: Dailly Cleaning | J4: RC - PANEL | K4: Vệ sinh khu vực máy móc RC PANEL | M4: 0.29166667 | N4: 0.3125 | O4: =(N4-M4)*24 -> 0.5 | P4: 18 | Q4: =P4*O4 -> 9
A5: ="W"&WEEKNUM(B5,21) -> W44 | B5: 46325 | G5: Machining | H5: P20 | I5: Dailly Cleaning | J5: Machining | K5: Vệ sinh khu vực máy móc MAC FINAL | M5: 0.29166667 | N5: 0.3125 | O5: =(N5-M5)*24 -> 0.5 | P5: 7 | Q5: =P5*O5 -> 3.5
A6: ="W"&WEEKNUM(B6,21) -> W44 | B6: 46325 | G6: Machining | H6: P20 | I6: Dailly Cleaning | J6: Machining | K6: Vệ sinh khu vực máy móc PRE MAC | M6: 0.29166667 | N6: 0.3125 | O6: =(N6-M6)*24 -> 0.5 | P6: 12 | Q6: =P6*O6 -> 6
A7: ="W"&WEEKNUM(B7,21) -> W44 | B7: 46325 | G7: Assembly | H7: P20 | I7: Dailly Cleaning | J7: Assembly | K7: Quét nhà toàn xưởng khu vực ASSY | M7: 0.3125 | N7: 0.83333333 | O7: =(N7-M7)*24 -> 12.5 | P7: 2 | Q7: =P7*O7 -> 25
A8: ="W"&WEEKNUM(B8,21) -> W44 | B8: 46325 | G8: RC - PANEL | H8: P26 | I8: Recorder/ Supporter | J8: RC - PANEL | K8: Shop Floor data RC PANEL | L8: Recorder | M8: 0.3125 | N8: 0.83333333 | O8: =(N8-M8)*24 -> 12.5 | P8: 4 | Q8: =P8*O8 -> 50
A9: ="W"&WEEKNUM(B9,21) -> W44 | B9: 46325 | G9: Machining | H9: P26 | I9: Recorder/ Supporter | J9: Machining | K9: Shop Floor data- STOCK ROOM | L9: Recorder | M9: 0.3125 | N9: 0.83333333 | O9: =(N9-M9)*24 -> 12.5 | P9: 1 | Q9: =P9*O9 -> 12.5
A10: ="W"&WEEKNUM(B10,21) -> W44 | B10: 46325 | G10: Machining | H10: P26 | I10: Recorder/ Supporter | J10: Machining | K10: Shop Floor data MAC FINAL | L10: Recorder | M10: 0.3125 | N10: 0.83333333 | O10: =(N10-M10)*24 -> 12.5 | P10: 1 | Q10: =P10*O10 -> 12.5
A11: ="W"&WEEKNUM(B11,21) -> W44 | B11: 46325 | G11: RC - PANEL | H11: P26 | I11: Recorder/ Supporter | J11: RC - PANEL | K11: Theo dõi Hàng venner làm xong | L11: Recorder | M11: 0.3125 | N11: 0.83333333 | O11: =(N11-M11)*24 -> 12.5 | P11: 1 | Q11: =P11*O11 -> 12.5
A12: ="W"&WEEKNUM(B12,21) -> W44 | B12: 46325 | G12: RC - PANEL | H12: P26 | I12: Recorder/ Supporter | J12: RC - PANEL | K12: Nhận venner cho ép nóng | L12: Supporter | M12: 0.3125 | N12: 0.83333333 | O12: =(N12-M12)*24 -> 12.5 | P12: 1 | Q12: =P12*O12 -> 12.5
A13: ="W"&WEEKNUM(B13,21) -> W44 | B13: 46325 | G13: RC - WOOD | H13: P26 | I13: Recorder/ Supporter | J13: RC WOOD | K13: Lựa hàng tinh giao mac- gỗ đẹp xấu | L13: Supporter | M13: 0.3125 | N13: 0.83333333 | O13: =(N13-M13)*24 -> 12.5 | P13: 1 | Q13: =P13*O13 -> 12.5
A14: ="W"&WEEKNUM(B14,21) -> W44 | B14: 46325 | G14: RC - PANEL | H14: P26 | I14: Recorder/ Supporter | J14: RC - PANEL | K14: Ghi nhận hàng giao kho | L14: Recorder | M14: 0.3125 | N14: 0.83333333 | O14: =(N14-M14)*24 -> 12.5 | P14: 1 | Q14: =P14*O14 -> 12.5
A15: ="W"&WEEKNUM(B15,21) -> W44 | B15: 46325 | G15: RC - PANEL | H15: P26 | I15: Recorder/ Supporter | J15: RC - PANEL | K15: Kiểm hàng chất lượng vào kho | L15: Supporter | M15: 0.3125 | N15: 0.83333333 | O15: =(N15-M15)*24 -> 12.5 | P15: 1 | Q15: =P15*O15 -> 12.5
A16: ="W"&WEEKNUM(B16,21) -> W44 | B16: 46325 | G16: RC - PANEL | H16: P26 | I16: Recorder/ Supporter | J16: Machining | K16: Nhận hàng gỗ đầu vào từ RC | L16: Supporter | M16: 0.3125 | N16: 0.83333333 | O16: =(N16-M16)*24 -> 12.5 | P16: 1 | Q16: =P16*O16 -> 12.5
A17: ="W"&WEEKNUM(B17,21) -> W44 | B17: 46325 | G17: Machining | H17: P26 | I17: Recorder/ Supporter | J17: Machining | K17: Ghi nhận hàng giao kho | L17: Recorder | M17: 0.3125 | N17: 0.83333333 | O17: =(N17-M17)*24 -> 12.5 | P17: 1 | Q17: =P17*O17 -> 12.5
A18: ="W"&WEEKNUM(B18,21) -> W44 | B18: 46325 | G18: Machining | H18: P26 | I18: Recorder/ Supporter | J18: Machining | K18: quét nhà toàn xưởng khu vực ASSY | L18: Supporter | M18: 0.3125 | N18: 0.83333333 | O18: =(N18-M18)*24 -> 12.5 | P18: 1 | Q18: =P18*O18 -> 12.5
A19: ="W"&WEEKNUM(B19,21) -> W44 | B19: 46325 | G19: Machining | H19: P26 | I19: Recorder/ Supporter | J19: Machining | K19: Theo hàng pilot -hàng test-spo-subcon-NCR | L19: Recorder | M19: 0.3125 | N19: 0.83333333 | O19: =(N19-M19)*24 -> 12.5 | P19: 1 | Q19: =P19*O19 -> 12.5
... A39: ="W"&WEEKNUM(B39,21) -> W44 | B39: 46325 | G39: Raw Cutting Panel | H39: A2 | I39: Training | J39: HR/HSE | K39: HC mới- 50% hiệu suất- 2 tuần-28/10 | L39: A2 ngày 2/12 - nhóm 28/10 | M39: 0.3125 | N39: 0.5 | O39: =(N39-M39)*24 -> 4.5 | P39: 2 | Q39: =P39*O39 -> 9
P40: Tổng | Q40: =SUM(Q3:Q39) -> 425
A42: Vàng = nhân viên mới ngày đầu (P22). Xanh = nhân viên đang ghi A2 (cột Ghi chú cho biết ngày thứ mấy trong 12 ngày).

Sheet Tổng hợp
A1: TỔNG HỢP LOSS TIME LABOR (GIỜ CÔNG)
A3: Ngày 05/10/2026
A4: Code | B4: Tên | C4: RC - WOOD | D4: RC - PANEL | E4: Machining | F4: Assembly | G4: RC | H4: Raw Cutting Panel | I4: Chưa rõ khu vực | J4: Tổng
A5: P20 | B5: Dailly Cleaning | C5: =SUMIFS('Loss time 05-10'!$Q$3:$Q$39,'Loss time 05-10'!$H$3:$H$39,$A5,'Loss time 05-10'!$G$3:$G$39,C$4) -> 3.5 | D5: =SUMIFS('Loss time 05-10'!$Q$3:$Q$39,'Loss time 05-10'!$H$3:$H$39,$A5,'Loss time 05-10'!$G$3:$G$39,D$4) -> 9 | E5: =SUMIFS('Loss time 05-10'!$Q$3:$Q$39,'Loss time 05-10'!$H$3:$H$39,$A5,'Loss time 05-10'!$G$3:$G$39,E$4) -> 9.5 | F5: =SUMIFS('Loss time 05-10'!$Q$3:$Q$39,'Loss time 05-10'!$H$3:$H$39,$A5,'Loss time 05-10'!$G$3:$G$39,F$4) -> 25 | G5: =SUMIFS('Loss time 05-10'!$Q$3:$Q$39,'Loss time 05-10'!$H$3:$H$39,$A5,'Loss time 05-10'!$G$3:$G$39,G$4) -> 0 | H5: =SUMIFS('Loss time 05-10'!$Q$3:$Q$39,'Loss time 05-10'!$H$3:$H$39,$A5,'Loss time 05-10'!$G$3:$G$39,H$4) -> 0 | I5: =SUMIFS('Loss time 05-10'!$Q$3:$Q$39,'Loss time 05-10'!$H$3:$H$39,$A5,'Loss time 05-10'!$G$3:$G$39,I$4) -> 0 | J5: =SUM(C5:I5) -> 47
A6: P26 | B6: Recorder/ Supporter | C6: =SUMIFS('Loss time 05-10'!$Q$3:$Q$39,'Loss time 05-10'!$H$3:$H$39,$A6,'Loss time 05-10'!$G$3:$G$39,C$4) -> 12.5 | D6: =SUMIFS('Loss time 05-10'!$Q$3:$Q$39,'Loss time 05-10'!$H$3:$H$39,$A6,'Loss time 05-10'!$G$3:$G$39,D$4) -> 112.5 | E6: =SUMIFS('Loss time 05-10'!$Q$3:$Q$39,'Loss time 05-10'!$H$3:$H$39,$A6,'Loss time 05-10'!$G$3:$G$39,E$4) -> 75 | F6: =SUMIFS('Loss time 05-10'!$Q$3:$Q$39,'Loss time 05-10'!$H$3:$H$39,$A6,'Loss time 05-10'!$G$3:$G$39,F$4) -> 25 | G6: =SUMIFS('Loss time 05-10'!$Q$3:$Q$39,'Loss time 05-10'!$H$3:$H$39,$A6,'Loss time 05-10'!$G$3:$G$39,G$4) -> 0 | H6: =SUMIFS('Loss time 05-10'!$Q$3:$Q$39,'Loss time 05-10'!$H$3:$H$39,$A6,'Loss time 05-10'!$G$3:$G$39,H$4) -> 0 | I6: =SUMIFS('Loss time 05-10'!$Q$3:$Q$39,'Loss time 05-10'!$H$3:$H$39,$A6,'Loss time 05-10'!$G$3:$G$39,I$4) -> 0 | J6: =SUM(C6:I6) -> 225
A7: P22 | B7: HR Training New Workers | C7: =SUMIFS('Loss time 05-10'!$Q$3:$Q$39,'Loss time 05-10'!$H$3:$H$39,$A7,'Loss time 05-10'!$G$3:$G$39,C$4) -> 0 | D7: =SUMIFS('Loss time 05-10'!$Q$3:$Q$39,'Loss time 05-10'!$H$3:$H$39,$A7,'Loss time 05-10'!$G$3:$G$39,D$4) -> 0 | E7: =SUMIFS('Loss time 05-10'!$Q$3:$Q$39,'Loss time 05-10'!$H$3:$H$39,$A7,'Loss time 05-10'!$G$3:$G$39,E$4) -> 0 | F7: =SUMIFS('Loss time 05-10'!$Q$3:$Q$39,'Loss time 05-10'!$H$3:$H$39,$A7,'Loss time 05-10'!$G$3:$G$39,F$4) -> 48 | G7: =SUMIFS('Loss time 05-10'!$Q$3:$Q$39,'Loss time 05-10'!$H$3:$H$39,$A7,'Loss time 05-10'!$G$3:$G$39,G$4) -> 0 | H7: =SUMIFS('Loss time 05-10'!$Q$3:$Q$39,'Loss time 05-10'!$H$3:$H$39,$A7,'Loss time 05-10'!$G$3:$G$39,H$4) -> 0 | I7: =SUMIFS('Loss time 05-10'!$Q$3:$Q$39,'Loss time 05-10'!$H$3:$H$39,$A7,'Loss time 05-10'!$G$3:$G$39,I$4) -> 0 | J7: =SUM(C7:I7) -> 48
A8: A2 | B8: Training | C8: =SUMIFS('Loss time 05-10'!$Q$3:$Q$39,'Loss time 05-10'!$H$3:$H$39,$A8,'Loss time 05-10'!$G$3:$G$39,C$4) -> 0 | D8: =SUMIFS('Loss time 05-10'!$Q$3:$Q$39,'Loss time 05-10'!$H$3:$H$39,$A8,'Loss time 05-10'!$G$3:$G$39,D$4) -> 0 | E8: =SUMIFS('Loss time 05-10'!$Q$3:$Q$39,'Loss time 05-10'!$H$3:$H$39,$A8,'Loss time 05-10'!$G$3:$G$39,E$4) -> 85.5 | F8: =SUMIFS('Loss time 05-10'!$Q$3:$Q$39,'Loss time 05-10'!$H$3:$H$39,$A8,'Loss time 05-10'!$G$3:$G$39,F$4) -> 85.5 | G8: =SUMIFS('Loss time 05-10'!$Q$3:$Q$39,'Loss time 05-10'!$H$3:$H$39,$A8,'Loss time 05-10'!$G$3:$G$39,G$4) -> 22.5 | H8: =SUMIFS('Loss time 05-10'!$Q$3:$Q$39,'Loss time 05-10'!$H$3:$H$39,$A8,'Loss time 05-10'!$G$3:$G$39,H$4) -> 18 | I8: =SUMIFS('Loss time 05-10'!$Q$3:$Q$39,'Loss time 05-10'!$H$3:$H$39,$A8,'Loss time 05-10'!$G$3:$G$39,I$4) -> 0 | J8: =SUM(C8:I8) -> 211.5
A9: Tổng | C9: =SUM(C5:C8) -> 16 | D9: =SUM(D5:D8) -> 121.5 | E9: =SUM(E5:E8) -> 170 | F9: =SUM(F5:F8) -> 183.5 | G9: =SUM(G5:G8) -> 22.5 | H9: =SUM(H5:H8) -> 18 | I9: =SUM(I5:I8) -> 0 | J9: =SUM(J5:J8) -> 531.5
A12: Ngày 06/10/2026
A13: Code | B13: Tên | C13: RC - WOOD | D13: RC - PANEL | E13: Machining | F13: Assembly | G13: RC | H13: Raw Cutting Panel | I13: Chưa rõ khu vực | J13: Tổng
A14: P20 | B14: Dailly Cleaning | C14: =SUMIFS('Loss time 06-10'!$Q$3:$Q$42,'Loss time 06-10'!$H$3:$H$42,$A14,'Loss time 06-10'!$G$3:$G$42,C$13) -> 3.5 | D14: =SUMIFS('Loss time 06-10'!$Q$3:$Q$42,'Loss time 06-10'!$H$3:$H$42,$A14,'Loss time 06-10'!$G$3:$G$42,D$13) -> 9 | E14: =SUMIFS('Loss time 06-10'!$Q$3:$Q$42,'Loss time 06-10'!$H$3:$H$42,$A14,'Loss time 06-10'!$G$3:$G$42,E$13) -> 9.5 | F14: =SUMIFS('Loss time 06-10'!$Q$3:$Q$42,'Loss time 06-10'!$H$3:$H$42,$A14,'Loss time 06-10'!$G$3:$G$42,F$13) -> 25 | G14: =SUMIFS('Loss time 06-10'!$Q$3:$Q$42,'Loss time 06-10'!$H$3:$H$42,$A14,'Loss time 06-10'!$G$3:$G$42,G$13) -> 0 | H14: =SUMIFS('Loss time 06-10'!$Q$3:$Q$42,'Loss time 06-10'!$H$3:$H$42,$A14,'Loss time 06-10'!$G$3:$G$42,H$13) -> 0 | I14: =SUMIFS('Loss time 06-10'!$Q$3:$Q$42,'Loss time 06-10'!$H$3:$H$42,$A14,'Loss time 06-10'!$G$3:$G$42,I$13) -> 0 | J14: =SUM(C14:I14) -> 47
A15: P26 | B15: Recorder/ Supporter | C15: =SUMIFS('Loss time 06-10'!$Q$3:$Q$42,'Loss time 06-10'!$H$3:$H$42,$A15,'Loss time 06-10'!$G$3:$G$42,C$13) -> 12.5 | D15: =SUMIFS('Loss time 06-10'!$Q$3:$Q$42,'Loss time 06-10'!$H$3:$H$42,$A15,'Loss time 06-10'!$G$3:$G$42,D$13) -> 112.5 | E15: =SUMIFS('Loss time 06-10'!$Q$3:$Q$42,'Loss time 06-10'!$H$3:$H$42,$A15,'Loss time 06-10'!$G$3:$G$42,E$13) -> 75 | F15: =SUMIFS('Loss time 06-10'!$Q$3:$Q$42,'Loss time 06-10'!$H$3:$H$42,$A15,'Loss time 06-10'!$G$3:$G$42,F$13) -> 25 | G15: =SUMIFS('Loss time 06-10'!$Q$3:$Q$42,'Loss time 06-10'!$H$3:$H$42,$A15,'Loss time 06-10'!$G$3:$G$42,G$13) -> 0 | H15: =SUMIFS('Loss time 06-10'!$Q$3:$Q$42,'Loss time 06-10'!$H$3:$H$42,$A15,'Loss time 06-10'!$G$3:$G$42,H$13) -> 0 | I15: =SUMIFS('Loss time 06-10'!$Q$3:$Q$42,'Loss time 06-10'!$H$3:$H$42,$A15,'Loss time 06-10'!$G$3:$G$42,I$13) -> 0 | J15: =SUM(C15:I15) -> 225
A16: P22 | B16: HR Training New Workers | C16: =SUMIFS('Loss time 06-10'!$Q$3:$Q$42,'Loss time 06-10'!$H$3:$H$42,$A16,'Loss time 06-10'!$G$3:$G$42,C$13) -> 0 | D16: =SUMIFS('Loss time 06-10'!$Q$3:$Q$42,'Loss time 06-10'!$H$3:$H$42,$A16,'Loss time 06-10'!$G$3:$G$42,D$13) -> 0 | E16: =SUMIFS('Loss time 06-10'!$Q$3:$Q$42,'Loss time 06-10'!$H$3:$H$42,$A16,'Loss time 06-10'!$G$3:$G$42,E$13) -> 24 | F16: =SUMIFS('Loss time 06-10'!$Q$3:$Q$42,'Loss time 06-10'!$H$3:$H$42,$A16,'Loss time 06-10'!$G$3:$G$42,F$13) -> 56 | G16: =SUMIFS('Loss time 06-10'!$Q$3:$Q$42,'Loss time 06-10'!$H$3:$H$42,$A16,'Loss time 06-10'!$G$3:$G$42,G$13) -> 0 | H16: =SUMIFS('Loss time 06-10'!$Q$3:$Q$42,'Loss time 06-10'!$H$3:$H$42,$A16,'Loss time 06-10'!$G$3:$G$42,H$13) -> 32 | I16: =SUMIFS('Loss time 06-10'!$Q$3:$Q$42,'Loss time 06-10'!$H$3:$H$42,$A16,'Loss time 06-10'!$G$3:$G$42,I$13) -> 0 | J16: =SUM(C16:I16) -> 112
A17: A2 | B17: Training | C17: =SUMIFS('Loss time 06-10'!$Q$3:$Q$42,'Loss time 06-10'!$H$3:$H$42,$A17,'Loss time 06-10'!$G$3:$G$42,C$13) -> 0 | D17: =SUMIFS('Loss time 06-10'!$Q$3:$Q$42,'Loss time 06-10'!$H$3:$H$42,$A17,'Loss time 06-10'!$G$3:$G$42,D$13) -> 0 | E17: =SUMIFS('Loss time 06-10'!$Q$3:$Q$42,'Loss time 06-10'!$H$3:$H$42,$A17,'Loss time 06-10'!$G$3:$G$42,E$13) -> 85.5 | F17: =SUMIFS('Loss time 06-10'!$Q$3:$Q$42,'Loss time 06-10'!$H$3:$H$42,$A17,'Loss time 06-10'!$G$3:$G$42,F$13) -> 112.5 | G17: =SUMIFS('Loss time 06-10'!$Q$3:$Q$42,'Loss time 06-10'!$H$3:$H$42,$A17,'Loss time 06-10'!$G$3:$G$42,G$13) -> 22.5 | H17: =SUMIFS('Loss time 06-10'!$Q$3:$Q$42,'Loss time 06-10'!$H$3:$H$42,$A17,'Loss time 06-10'!$G$3:$G$42,H$13) -> 18 | I17: =SUMIFS('Loss time 06-10'!$Q$3:$Q$42,'Loss time 06-10'!$H$3:$H$42,$A17,'Loss time 06-10'!$G$3:$G$42,I$13) -> 0 | J17: =SUM(C17:I17) -> 238.5
A18: Tổng | C18: =SUM(C14:C17) -> 16 | D18: =SUM(D14:D17) -> 121.5 | E18: =SUM(E14:E17) -> 194 | F18: =SUM(F14:F17) -> 218.5 | G18: =SUM(G14:G17) -> 22.5 | H18: =SUM(H14:H17) -> 50 | I18: =SUM(I14:I17) -> 0 | J18: =SUM(J14:J17) -> 622.5
A21: Ngày 07/10/2026
A22: Code | B22: Tên | C22: RC - WOOD | D22: RC - PANEL | E22: Machining | F22: Assembly | G22: RC | H22: Raw Cutting Panel | I22: Chưa rõ khu vực | J22: Tổng
A23: P20 | B23: Dailly Cleaning | C23: =SUMIFS('Loss time 07-10'!$Q$3:$Q$44,'Loss time 07-10'!$H$3:$H$44,$A23,'Loss time 07-10'!$G$3:$G$44,C$22) -> 3.5 | D23: =SUMIFS('Loss time 07-10'!$Q$3:$Q$44,'Loss time 07-10'!$H$3:$H$44,$A23,'Loss time 07-10'!$G$3:$G$44,D$22) -> 9 | E23: =SUMIFS('Loss time 07-10'!$Q$3:$Q$44,'Loss time 07-10'!$H$3:$H$44,$A23,'Loss time 07-10'!$G$3:$G$44,E$22) -> 9.5 | F23: =SUMIFS('Loss time 07-10'!$Q$3:$Q$44,'Loss time 07-10'!$H$3:$H$44,$A23,'Loss time 07-10'!$G$3:$G$44,F$22) -> 25 | G23: =SUMIFS('Loss time 07-10'!$Q$3:$Q$44,'Loss time 07-10'!$H$3:$H$44,$A23,'Loss time 07-10'!$G$3:$G$44,G$22) -> 0 | H23: =SUMIFS('Loss time 07-10'!$Q$3:$Q$44,'Loss time 07-10'!$H$3:$H$44,$A23,'Loss time 07-10'!$G$3:$G$44,H$22) -> 0 | I23: =SUMIFS('Loss time 07-10'!$Q$3:$Q$44,'Loss time 07-10'!$H$3:$H$44,$A23,'Loss time 07-10'!$G$3:$G$44,I$22) -> 0 | J23: =SUM(C23:I23) -> 47
