Workbook

Sheet Total loss time
A1: LOSS TIME WHITE WOOD
A2: Week | B2: Date (Ngày) | C2: Item's Mã hàng | D2: Code Máy Hư | E2: Q'ty | F2: Số NCR/ME | G2: Khu vực phát sinh/bộ phận hỗ trợ | H2: Code | I2: Name code | J2: Chart / bộ phận chịu trách nhiệm | K2: Lí Do | L2: Ghi chú | M2: From | N2: To | O2: LossTime (Hr) | P2: HC | Q2: Loss time labor (Hrs) | S2: HƯỚNG DẪN / Legend
A3: =IF(B3="","","W"&WEEKNUM(B3,21)) | I3: =IF(H3="","",IFERROR(INDEX('Loss time categoty'!$C$3:$C$37,MATCH(H3,'Loss time categoty'!$B$3:$B$37,0)),"")) | O3: =IF(OR(M3="",N3=""),"",(N3-M3)*24) | Q3: =IF(OR(O3="",P3=""),"",P3*O3) | S3: Nhập vào các cột: Date, Mã hàng, Khu vực, Code, Bộ phận, Lí do, From, To, HC.
A4: =IF(B4="","","W"&WEEKNUM(B4,21)) | I4: =IF(H4="","",IFERROR(INDEX('Loss time categoty'!$C$3:$C$37,MATCH(H4,'Loss time categoty'!$B$3:$B$37,0)),"")) | O4: =IF(OR(M4="",N4=""),"",(N4-M4)*24) | Q4: =IF(OR(O4="",P4=""),"",P4*O4) | S4: Cột tự tính (không sửa): Week, Name code, LossTime (Hr), Loss time labor (Hrs).
A5: =IF(B5="","","W"&WEEKNUM(B5,21)) | I5: =IF(H5="","",IFERROR(INDEX('Loss time categoty'!$C$3:$C$37,MATCH(H5,'Loss time categoty'!$B$3:$B$37,0)),"")) | O5: =IF(OR(M5="",N5=""),"",(N5-M5)*24) | Q5: =IF(OR(O5="",P5=""),"",P5*O5) | S5: Loss time labor = (To - From) x 24 x HC. Công thức có sẵn cho 500 dòng; kéo thêm nếu cần.
A6: =IF(B6="","","W"&WEEKNUM(B6,21)) | I6: =IF(H6="","",IFERROR(INDEX('Loss time categoty'!$C$3:$C$37,MATCH(H6,'Loss time categoty'!$B$3:$B$37,0)),"")) | O6: =IF(OR(M6="",N6=""),"",(N6-M6)*24) | Q6: =IF(OR(O6="",P6=""),"",P6*O6) | S6: Code chọn từ sheet "Loss time categoty" (A1, A2, P20, P26...).
A7: =IF(B7="","","W"&WEEKNUM(B7,21)) | I7: =IF(H7="","",IFERROR(INDEX('Loss time categoty'!$C$3:$C$37,MATCH(H7,'Loss time categoty'!$B$3:$B$37,0)),"")) | O7: =IF(OR(M7="",N7=""),"",(N7-M7)*24) | Q7: =IF(OR(O7="",P7=""),"",P7*O7)
A8: =IF(B8="","","W"&WEEKNUM(B8,21)) | I8: =IF(H8="","",IFERROR(INDEX('Loss time categoty'!$C$3:$C$37,MATCH(H8,'Loss time categoty'!$B$3:$B$37,0)),"")) | O8: =IF(OR(M8="",N8=""),"",(N8-M8)*24) | Q8: =IF(OR(O8="",P8=""),"",P8*O8)
A9: =IF(B9="","","W"&WEEKNUM(B9,21)) | I9: =IF(H9="","",IFERROR(INDEX('Loss time categoty'!$C$3:$C$37,MATCH(H9,'Loss time categoty'!$B$3:$B$37,0)),"")) | O9: =IF(OR(M9="",N9=""),"",(N9-M9)*24) | Q9: =IF(OR(O9="",P9=""),"",P9*O9)
A10: =IF(B10="","","W"&WEEKNUM(B10,21)) | I10: =IF(H10="","",IFERROR(INDEX('Loss time categoty'!$C$3:$C$37,MATCH(H10,'Loss time categoty'!$B$3:$B$37,0)),"")) | O10: =IF(OR(M10="",N10=""),"",(N10-M10)*24) | Q10: =IF(OR(O10="",P10=""),"",P10*O10)
A11: =IF(B11="","","W"&WEEKNUM(B11,21)) | I11: =IF(H11="","",IFERROR(INDEX('Loss time categoty'!$C$3:$C$37,MATCH(H11,'Loss time categoty'!$B$3:$B$37,0)),"")) | O11: =IF(OR(M11="",N11=""),"",(N11-M11)*24) | Q11: =IF(OR(O11="",P11=""),"",P11*O11)
A12: =IF(B12="","","W"&WEEKNUM(B12,21)) | I12: =IF(H12="","",IFERROR(INDEX('Loss time categoty'!$C$3:$C$37,MATCH(H12,'Loss time categoty'!$B$3:$B$37,0)),"")) | O12: =IF(OR(M12="",N12=""),"",(N12-M12)*24) | Q12: =IF(OR(O12="",P12=""),"",P12*O12)
A13: =IF(B13="","","W"&WEEKNUM(B13,21)) | I13: =IF(H13="","",IFERROR(INDEX('Loss time categoty'!$C$3:$C$37,MATCH(H13,'Loss time categoty'!$B$3:$B$37,0)),"")) | O13: =IF(OR(M13="",N13=""),"",(N13-M13)*24) | Q13: =IF(OR(O13="",P13=""),"",P13*O13)
A14: =IF(B14="","","W"&WEEKNUM(B14,21)) | I14: =IF(H14="","",IFERROR(INDEX('Loss time categoty'!$C$3:$C$37,MATCH(H14,'Loss time categoty'!$B$3:$B$37,0)),"")) | O14: =IF(OR(M14="",N14=""),"",(N14-M14)*24) | Q14: =IF(OR(O14="",P14=""),"",P14*O14)
A15: =IF(B15="","","W"&WEEKNUM(B15,21)) | I15: =IF(H15="","",IFERROR(INDEX('Loss time categoty'!$C$3:$C$37,MATCH(H15,'Loss time categoty'!$B$3:$B$37,0)),"")) | O15: =IF(OR(M15="",N15=""),"",(N15-M15)*24) | Q15: =IF(OR(O15="",P15=""),"",P15*O15)
A16: =IF(B16="","","W"&WEEKNUM(B16,21)) | I16: =IF(H16="","",IFERROR(INDEX('Loss time categoty'!$C$3:$C$37,MATCH(H16,'Loss time categoty'!$B$3:$B$37,0)),"")) | O16: =IF(OR(M16="",N16=""),"",(N16-M16)*24) | Q16: =IF(OR(O16="",P16=""),"",P16*O16)
A17: =IF(B17="","","W"&WEEKNUM(B17,21)) | I17: =IF(H17="","",IFERROR(INDEX('Loss time categoty'!$C$3:$C$37,MATCH(H17,'Loss time categoty'!$B$3:$B$37,0)),"")) | O17: =IF(OR(M17="",N17=""),"",(N17-M17)*24) | Q17: =IF(OR(O17="",P17=""),"",P17*O17)
A18: =IF(B18="","","W"&WEEKNUM(B18,21)) | I18: =IF(H18="","",IFERROR(INDEX('Loss time categoty'!$C$3:$C$37,MATCH(H18,'Loss time categoty'!$B$3:$B$37,0)),"")) | O18: =IF(OR(M18="",N18=""),"",(N18-M18)*24) | Q18: =IF(OR(O18="",P18=""),"",P18*O18)
... A502: =IF(B502="","","W"&WEEKNUM(B502,21)) | I502: =IF(H502="","",IFERROR(INDEX('Loss time categoty'!$C$3:$C$37,MATCH(H502,'Loss time categoty'!$B$3:$B$37,0)),"")) | O502: =IF(OR(M502="",N502=""),"",(N502-M502)*24) | Q502: =IF(OR(O502="",P502=""),"",P502*O502)

Sheet Loss time categoty
A1: CATEGORY OF LOSS TIME Bảng mã Downtime/Loss trong sản suất
A2: No. | B2: Code | C2: Losstime Name | D2: Tên Losstime | E2: Losstime Description | F2: Dept Leading improvement | G2: Losses Type | H2: Category | I2: Cost Type | J2: Note
A3: 1 | B3: A1 | C3: Setup time | D3: Cài đặt hiệu chỉnh máy móc dụng cụ | E3: Thời gian cài đặt hiệu chỉnh máy móc dụng cụ | F3: Planning | G3: Availability losses | H3: Other
A4: 2 | B4: A2 | C4: Training | D4: Đào tạo cho công nhân | E4: HSE, Lean, sản xuất,… đào tạo cho công nhân | F4: Production, Lean, HSE | G4: Availability losses | H4: Newness learning curve
A5: 3 | B5: A3 | C5: Waitting Other Process Rework | D5: Chờ công đoạn khác sửa hàng | E5: Công nhân chờ công đoạn trước sửa hàng | F5: Production | G5: Availability losses | H5: Rework
A6: 4 | B6: A4 | C6: Change model time | D6: Thay đổi mã hàng | E6: Thời gian thay đổi mã hàng theo kế hoạch | F6: Planning | G6: Availability losses | H6: Non-Budget
A7: 5 | B7: A5 | C7: Change model urgently | D7: Thay đổi mẫu hàng gấp | E7: Thay đổi mã hàng gấp không theo kế hoạch ban đầu. | F7: Phụ thuộc vào lý do tại sao phải thay đổi mã hàng | G7: Organization losses | H7: Overprocessing
A8: 6 | B8: A6 | C8: Waitting QC/QA/ME inspecting | D8: Chờ QC/QA/ME kiểm tra | E8: Chờ QC/QA/ME kiểm tra chất lượng làm cho công nhân phải chờ. | F8: QC/QA/ME | G8: Availability losses | H8: Overprocessing
A9: 7 | B9: A7 | C9: Support FOP/ sample testing | D9: Hỗ trợ làm FOP | E9: Người của sản xuất hỗ trợ làm FOP | F9: Engineering | G9: Availability losses | H9: Newness learning curve
A10: 8 | B10: A8 | C10: Newness product | D10: Sản Phẩm mới | E10: Thời gian làm sản phẩm lâu hơn so với tiêu chuẩn, cho lô hàng đầu tiên. | F10: Engineering | G10: Availability losses | H10: Newness learning curve | J10: Learning curve
A11: 9 | B11: A9 | C11: Others Losstime | D11: Thời gian mất mát không có kế hoạch | E11: Công nhân dừng làm việc không có kế hoạch do: Sự cố cúp điện, thiếu hơi, hút bụi đột ngột, Tai nạn lao động, sự cố sửa chưa nhà xưởng, công nhân bệnh lên y tế nghỉ dưỡng,… | F11: Facility, Production | G11: Availability losses | H11: Other
A12: 10 | B12: A10 | C12: Machine/Tooling Failure | D12: Máy/Công cụ hư | E12: Máy móc/công cụ hư không thể sử dụng làm cho công nhân phải làm công việc khác không tạo ra output và ngoài kế hoạch. | F12: Maintenance | G12: Availability losses | H12: Other
A13: 11 | B13: O11 | C13: Shortage of Hardware | D13: Thiếu HW | E13: Thiếu HW do kho không phát kịp, HW bị lỗi chất lượng, không có sẵn HW. | F13: Planing, Warehouse | G13: Organization losses | H13: Material | J13: Xác định cho từng bộ phận
A14: 12 | B14: O12 | C14: Shortage of Material | D14: Thiếu Nguyên Vật Liệu | E14: Thiếu NVL (gỗ, carton, hóa chất,...) | F14: Planning | G14: Organization losses | H14: Material
A15: 13 | B15: O13 | C15: Shortage of W.I.P | D15: Thiếu Bán Thành Phẩm | E15: Thiếu bán thành phẩm (chưa đủ bộ) do công đoạn khác không làm kịp | F15: Production | G15: Organization losses | H15: Material
A16: 14 | B16: O14 | C16: Shortage of Operator | D16: Thiếu Công Nhân | E16: Không đủ công nhân (do công nhân nghỉ,...) sản xuất đáp ứng kế hoạch. | F16: Production | G16: Organization losses | H16: Other | J16: Xác định cho từng bộ phận
A17: 15 | B17: O15 | C17: NCR by ECR (process change, BOM, Drawing, color panel, Information delay ) | D17: Lỗi thiết kế, hệ thống BOM, màu, thông tin trễ | E17: Chờ đợi ME/ Kĩ thuật cập nhật lại bản vẽ, BOM, bảng màu, thông tin xuống sản xuất trễ, thay đổi bản vẽ, thay đổi Nguyên vật liệu,.... | F17: Engineering | G17: Organization losses | H17: Rework
A18: 16 | B18: O16 | C18: Waiting QC/Technical approval for FOP | D18: Chờ QC đồng ý FOP | E18: Chờ QC kiểm tra và chấp nhận mẫu đầu tiên. | F18: Quality | G18: Organization losses | H18: Overprocessing
A19: 17 | B19: O17 | C19: Waiting New Sample | D19: Đợi mẫu mới | E19: chờ mẫu mới do ME chưa đưa xuống kịp | F19: Engineering | G19: Organization losses | H19: Other
A20: 18 | B20: O18 | C20: Testing, cleaning, corrective action for compliance | D20: Kiểm tra, vệ sinh, khắc phục phòng ngừa an toàn. | E20: Điều tra, khắc phục các vấn đề về an toàn, kỷ luật, nội quy. | F20: HSE | G20: Organization losses | H20: Other
A21: 19 | B21: O19 | C21: Others _Project Implement Loss | D21: Thực hiện dự án | E21: Công nhân hỗ trợ thực hiện dự án. | F21: Organization | G21: Organization losses | H21: Other
A22: 20 | B22: P20 | C22: Dailly Cleaning | D22: Vệ sinh hàng ngày | E22: Vệ sinh hàng ngày (quét nhà, đổ rác,…) | F22: Production | G22: Planned downtime | H22: Other
A23: 21 | B23: P21 | C23: Weekly Cleaning | D23: Vệ sinh hàng tuần | E23: Vệ sinh hàng tuần (kẻ vạch 5s, vệ sinh bồn sơn,…) | F23: Production | G23: Planned downtime | H23: Other
A24: 22 | B24: P22 | C24: HR Training New Workers | D24: Đào tạo công nhân mới | E24: Công nhân mới vô được HR và HSE training | F24: HR | G24: Planned downtime | H24: Other
A25: 23 | B25: P23 | C25: Preventive Maintenance | D25: Bảo trì máy móc định kỳ | E25: Dừng máy để bảo trì định kì. | F25: Maintenance | G25: Planned downtime | H25: Other
A26: 24 | B26: P24 | C26: Planned Losstime | D26: Thời gian mất mát có kế hoạch | E26: Công nhân dừng làm việc có kế hoạch như: Diễn tập PCCC, khám sức khỏe định kì,… | F26: Facility | G26: Planned downtime | H26: Other | J26: Trên 48h tính unplaned
A27: 25 | B27: Q25 | C27: Color/Drawing Variation | D27: Sai màu/bảng vẽ | E27: khách hàng không đồng ý màu, bảng vẽ,… (do sản xuất làm không đúng với thiết kế) | F27: Production | G27: Quality losses | H27: Rework | I27: COPQ external
A28: 26 | B28: Q26 | C28: Sort material with quality issue | D28: Lựa vật tư do vấn đề chất lượng | E28: Công nhân phải lựa lại vật tư do chất lượng ko đạt | F28: Quality | G28: Quality losses | H28: Material | I28: COPQ external
A29: 27 | B29: Q27 | C29: Rework/Return/Waitting External | D29: Sửa hàng/Trả hàng của nhà cung cấp | E29: Làm lại lô hàng của nhà cung cấp, sửa lô hàng nhà cung cấp do chất lượng không đạt, chờ nhà cung cấp vô sửa lại lô hàng | F29: Quality | G29: Quality losses | H29: Rework | I29: COPQ external
A30: 28 | B30: Q28 | C30: OBA/ Audit plan, testing compliance | D30: OBA Kiểm tra, kiểm tra sản phẩm ngẫu nhiên | E30: Khui thùng lô hàng để kiểm tra/ sửa chữa, Chờ QC khách hàng kiểm tra | F30: Quality | G30: Availability losses | H30: Overprocessing | I30: COPQ internal
A31: 29 | B31: Q29 | C31: Production Rework Internal | D31: Sửa hàng nội bộ | E31: Sửa lại hàng do công đoạn trước làm không đạt chất lượng | F31: Production | G31: Quality losses | H31: Rework | I31: COPQ internal | J31: tạm thời chấp nhận, chuyển qua COPQ
A32: 30 | B32: Q30 | C32: General Loss | D32: Hàng chấp nhận đặt biệt | E32: Hàng concession, công nhân phải sửa hàng chấp nhận đặc biệt | F32: Production | G32: Quality losses | H32: Overprocessing | I32: COPQ internal | J32: tạm thời chấp nhận, chuyển qua COPQ
A33: 31 | B33: S31 | C33: UPH Support | D33: Hỗ trợ UPH | E33: SẢN XUẤT HÀNG CHO UPH-FIN/ SỬA CHỮA HÀNG CHO UPH/ ĐÓNG GÓI VẬN CHUYỂN CHO UPH-FIN | F33: UPH | G33: Support | H33: Other
A34: 32 | B34: S32 | C34: Other Support of Production | D34: Hỗ trợ khác từ sản xuất | E34: Công nhân sản xuất hỗ trợ làm việc khác | F34: Production | G34: Support | H34: Other | J34: Hỗ trợ bộ phận khác, cho Fin mượn người lun
A35: 33 | B35: P25 | C35: Production Meeting | D35: Họp sản xuất | E35: Họp đầu giờ, Họp đột xuất | F35: Production | G35: Planned downtime | H35: Other
A36: 33 | B36: P26 | C36: Recorder/ Supporter
A37: 33 | B37: A11 | C37: Power cut | E37: Mất điện

Sheet Lists
A1: Khu vực | B1: Chart / bộ phận chịu trách nhiệm | D1: Lists in columns A-B are taken from the distinct values used in the source file; edit them to change the dropdowns.
A2: RC - WOOD | B2: RC WOOD
A3: RC - PANEL | B3: RC - PANEL
A4: Machining | B4: Machining
A5: Assembly | B5: Assembly
A6: Raw Cutting Panel | B6: Maintenance
A7: RC | B7: TF
B8: Subcon
B9: HR/HSE
B10: Finishing
B11: ME
B12: Prototype
B13: Packaging
B14: NCC
B15: CS
B16: Others
